as_of_date,symbol,sector,returnOnEquity,profitMargins,revenueGrowth,earningsGrowth,trailingPE,priceToBook,debtToEquity,dividendYield
2026-09-29,360ONE,,,0.26455998,0.299,0.128,35.707157,4.42414,161.977,1.67
2026-09-29,3MINDIA,,,0.10865,0.19,0.312,66.22096,21.61398,9.6,0.46
2026-09-29,AADHARHFC,Financial Services,,0.48151,0.196,0.184,16.797905,2.5021088,255.574,
2026-09-29,AARTIIND,Basic Materials,,0.05901,0.425,2.58,32.033493,2.8447685,83.392,0.21
2026-09-29,AAVAS,Financial Services,,0.42543998,0.169,0.233,14.327147,1.936368,310.553,
2026-09-29,ABB,Industrials,0.19131,0.21349001,0.121,0.03,91.492775,15.526011,1.547,0.56
2026-09-29,ABBOTINDIA,,,0.23052,0.043,0.171,35.487183,11.997324,3.602,1.95
2026-09-29,ABCAPITAL,,,0.119449995,0.314,0.391,25.24272,2.967901,495.936,
2026-09-29,ABDL,Consumer Defensive,,0.05554,0.061,-0.129,90.7878,12.020121,68.251,0.75
2026-09-29,ABFRL,Consumer Cyclical,,-0.09308,0.106,,,0.9604002,98.822,
2026-09-29,ABLBL,Consumer Cyclical,,0.02046,0.111,0.2,53.183098,6.5272255,213.719,0.65
2026-09-29,ABREL,Real Estate,,-0.25416002,0.297,,,3.4560163,152.371,0.21
2026-09-29,ABSLAMC,Financial Services,,0.47594002,0.106,0.113,28.264462,6.8427367,1.577,2.58
2026-09-29,ACC,,,0.07563,-0.038,-0.606,12.198106,1.129801,2.085,0.61
2026-09-29,ACE,Industrials,,0.12796,0.205,0.223,32.72653,7.117073,0.393,0.16
2026-09-29,ACMESOLAR,Utilities,,0.21146,0.468,0.715,45.698643,5.244672,393.194,0.05
2026-09-29,ACUTAAS,Basic Materials,,0.26421,0.591,0.671,70.52631,16.391233,2.081,0.08
2026-09-29,ADANIENSOL,Utilities,,0.095769994,0.424,1.241,56.61948,6.2351775,194.5,
2026-09-29,ADANIENT,Energy,,0.06546,0.499,,50.165302,4.605203,119.56,0.05
2026-09-29,ADANIGREEN,Utilities,,0.13095,0.166,0.185,125.89,10.7497225,346.548,
2026-09-29,ADANIPORTS,Industrials,,0.32431,0.186,0.024,30.177504,4.245189,64.051,0.43
2026-09-29,ADANIPOWER,Utilities,,0.24148001,0.34,0.444,27.77311,5.8889914,82.332,
2026-09-29,AEGISLOG,Energy,,0.13949001,0.371,2.69,36.574074,7.5561714,47.243,1.02
2026-09-29,AEGISVOPAK,Energy,,0.32126,0.425,0.304,106.05073,7.5586205,84.438,0.07
2026-09-29,AFCONS,Industrials,,0.01286,-0.208,-0.781,62.82051,1.6534057,66.542,0.79
2026-09-29,AFFLE,Communication Services,,0.16849001,0.204,0.203,45.31684,5.7749104,0.405,
2026-09-29,AIAENG,,,0.27836,0.124,-0.013,28.867937,4.556737,0.128,0.4
2026-09-29,AIIL,,,0.82054,0.141,0.175,29.2372,3.2267177,24.59,0.04
2026-09-29,AJANTPHARM,,,0.19648,0.248,0.308,38.999672,9.7909775,5.874,1.81
2026-09-29,ALKEM,,,0.14306,0.109,-0.217,29.210745,4.5628166,14.267,0.38
2026-09-29,AMBER,Consumer Cyclical,,0.0076099997,0.127,-0.793,251.66351,5.35831,46.566,
2026-09-29,AMBUJACEM,Basic Materials,,0.11128,-0.077,-0.275,21.217691,1.5385576,1.205,0.53
2026-09-29,ANANDRATHI,Financial Services,,0.33193,0.521,0.71,76.0217,34.966312,8.25,0.33
2026-09-29,ANANTRAJ,Real Estate,,0.22770001,0.066,0.134,37.417446,3.733556,11.703,0.16
2026-09-29,ANGELONE,Financial Services,,0.20698,0.23,1.0,24.86462,4.1018386,129.314,1.81
2026-09-29,ANTHEM,,,0.28691998,-0.226,-0.128,86.49504,16.128496,1.772,0.23
2026-09-29,ANURAS,Basic Materials,,0.06894,0.348,-0.094,76.59298,4.0188317,41.317,0.13
2026-09-29,APARINDS,,,0.04844,0.291,0.774,60.509926,13.239597,17.716,0.34
2026-09-29,APLAPOLLO,,,0.052259997,0.085,0.11,49.948128,11.611946,9.396,0.39
2026-09-29,APOLLOHOSP,Healthcare,,0.07906,0.206,0.341,60.059357,13.198327,85.146,0.23
2026-09-29,APOLLOTYRE,,,0.05829,0.128,26.6,14.829504,1.514171,21.987,2.76
2026-09-29,APTUS,Financial Services,,0.61761004,0.168,0.19,11.895219,2.314277,156.2,2.11
2026-09-29,ARE&M,Industrials,,0.06303,0.239,0.159,15.512274,1.72789,5.015,1.37
2026-09-29,ASAHIINDIA,Consumer Cyclical,,0.08457,0.15,1.532,54.66053,6.1552815,55.868,0.21
2026-09-29,ASHOKLEY,,,0.06021,0.116,0.01,26.917091,6.5610824,344.737,2.23
2026-09-29,ASIANPAINT,Basic Materials,,0.12813,0.179,0.399,49.193974,10.847504,17.847,1.14
2026-09-29,ASTERDM,Healthcare,,0.065359995,0.216,-0.814,119.95122,8.3079,45.921,0.54
2026-09-29,ASTRAL,,,0.084809996,0.159,0.48,65.25186,9.261956,6.168,0.29
2026-09-29,ATGL,,,0.100839995,0.272,-0.14,106.18924,13.827911,58.65,0.04
2026-09-29,ATHERENERG,Consumer Cyclical,,-0.0919,0.888,,,21.190577,25.819,
2026-09-29,ATUL,Basic Materials,,0.119729996,0.25,0.92,22.031168,2.8161955,2.907,0.5
2026-09-29,AUBANK,,,0.25577998,0.298,0.351,27.002651,3.8093672,,0.1
2026-09-29,AUROPHARMA,,,0.10627,0.163,0.258,26.733292,2.6241932,21.31,0.24
2026-09-29,AWL,,,0.01487,0.175,0.473,20.619688,2.283527,10.621,0.54
2026-09-29,AXISBANK,Financial Services,0.13352999,0.36031,0.14,0.218,13.522331,1.6751516,,0.08
2026-09-29,BAJAJ-AUTO,Consumer Cyclical,,0.16251,0.64,0.458,25.786,7.815896,56.352,1.36
2026-09-29,BAJAJFINSV,Financial Services,,0.06471,0.193,0.127,27.71433,3.5951428,256.404,0.07
2026-09-29,BAJAJHFL,,0.12679,0.63176996,0.196,0.229,25.739937,3.074363,460.74,
2026-09-29,BAJAJHLDNG,Financial Services,0.11598,7.34641,0.242,-0.224,13.547665,1.6393412,0.012,1.2
2026-09-29,BAJFINANCE,Financial Services,,0.43495,0.261,0.272,28.753708,5.2852335,314.833,0.55
2026-09-29,BALKRISIND,,,0.12203,0.252,0.564,30.09226,3.856185,37.524,0.74
2026-09-29,BALRAMCHIN,Consumer Defensive,,0.05829,0.061,-0.154,36.94001,3.2761922,76.606,1.03
2026-09-29,BANDHANBNK,Financial Services,,0.13617,0.216,0.346,22.527811,1.1464859,,0.83
2026-09-29,BANKBARODA,Financial Services,0.113170005,0.27392,0.18,-0.486,6.77539,0.7060491,,3.74
2026-09-29,BANKINDIA,,0.13697,0.34992,0.185,0.803,5.108889,0.69058055,,3.38
2026-09-29,BATAINDIA,Consumer Cyclical,,0.041149996,0.039,0.23,54.039474,4.9623423,86.9,5.44
2026-09-29,BAYERCROP,Basic Materials,,0.13084,-0.042,0.154,21.937067,5.419658,2.758,4.09
2026-09-29,BBTC,Consumer Defensive,,0.063829996,0.078,0.197,7.3313494,1.3427314,16.57,2.4
2026-09-29,BDL,,,0.18827,1.308,5.48,80.2252,9.846005,0.007,0.42
2026-09-29,BEL,Industrials,,0.21403,0.249,0.083,46.89403,11.731724,0.273,0.65
2026-09-29,BELRISE,Consumer Cyclical,,0.05175,0.126,-0.087,41.937065,4.0844545,29.1,0.22
2026-09-29,BEML,Industrials,,0.03934,0.293,,91.32896,5.54073,10.529,0.89
2026-09-29,BERGEPAINT,,,0.099209994,0.12,0.285,43.94535,7.727388,9.165,0.89
2026-09-29,BHARATFORG,,,0.040260002,0.187,,135.76741,10.02106,76.475,0.43
2026-09-29,BHARTIARTL,Communication Services,0.20151,0.1314,0.184,0.351,37.26228,6.8714614,100.415,1.35
2026-09-29,BHARTIHEXA,,,0.18999,0.109,0.232,40.630657,10.340256,85.654,1.19
2026-09-29,BHEL,,,0.06758,0.403,,60.021492,5.5793796,31.312,0.34
2026-09-29,BIKAJI,Consumer Defensive,,0.08406,0.125,0.004,53.256973,8.342825,17.531,0.22
2026-09-29,BIOCON,,,0.0286,0.1,2.346,111.09011,1.8185755,42.145,0.13
2026-09-29,BLS,Industrials,,0.22207001,0.253,0.108,12.9448395,3.646251,15.468,1.13
2026-09-29,BLUEDART,Industrials,,0.04516,0.15,0.812,37.503098,6.0647006,64.266,0.53
2026-09-29,BLUEJET,Healthcare,,0.26523,-0.174,-0.143,41.642693,7.0168495,3.102,0.22
2026-09-29,BLUESTARCO,,,0.03979,0.133,-0.151,63.334686,9.376704,23.588,0.56
2026-09-29,BOSCHLTD,Consumer Cyclical,,0.11328,0.22,-0.367,57.944687,9.219495,0.8,0.57
2026-09-29,BPCL,Energy,,0.034679998,0.344,,7.6431656,1.2812909,54.332,6.62
2026-09-29,BRIGADE,Real Estate,,0.12562999,-0.129,0.338,28.21627,26.701096,84.316,0.34
2026-09-29,BRITANNIA,Consumer Defensive,,0.13376,0.082,0.136,44.825344,22.758791,26.875,1.84
2026-09-29,BSE,,,0.48918,0.64,0.621,46.46913,16.436712,0.0,0.31
2026-09-29,BSOFT,Technology,,0.10601,0.074,0.508,13.322613,1.8297033,3.422,2.4
2026-09-29,CAMS,Technology,,0.31785,0.115,0.17,34.67576,12.648782,4.863,1.85
2026-09-29,CANBK,Financial Services,,0.43126,-0.129,0.622,5.6575212,0.9216731,,3.48
2026-09-29,CANFINHOME,Financial Services,,0.66733,0.225,0.196,8.606461,1.6253501,636.585,2.17
2026-09-29,CANHLIFE,Financial Services,0.08276,0.01075,0.183,0.202,109.48921,8.850314,15.304,0.27
2026-09-29,CAPLIPOINT,Healthcare,,0.29089,0.196,0.159,31.44526,5.9429817,0.127,0.28
2026-09-29,CARBORUNIV,Industrials,,0.03849,0.194,0.235,107.787766,5.85474,10.292,0.32
2026-09-29,CARTRADE,Consumer Cyclical,,0.28656,0.163,0.224,62.327534,5.588723,5.363,
2026-09-29,CASTROLIND,Energy,0.56996,0.17066,0.25,0.421,18.550468,10.3004675,2.784,6.22
2026-09-29,CCL,Consumer Defensive,,0.0938,0.138,0.61,30.893959,5.6927657,56.487,0.56
2026-09-29,CDSL,Financial Services,,0.36798,0.154,0.147,57.627037,13.544989,0.11,0.99
2026-09-29,CEATLTD,Consumer Cyclical,,0.03583,0.223,-0.962,22.08901,2.2179873,64.742,1.07
2026-09-29,CEMPRO,Industrials,,0.058920003,0.07,0.026,34.849785,8.719681,37.711,0.24
2026-09-29,CENTRALBK,Financial Services,0.115600005,0.27839002,-0.032,0.028,5.9583335,0.66445404,,4.54
2026-09-29,CESC,Utilities,,0.08243,0.054,0.038,11.705161,1.4161568,164.311,4.41
2026-09-29,CGCL,Financial Services,,0.34958,0.858,0.794,21.021276,3.305763,334.728,0.08
2026-09-29,CGPOWER,Industrials,,0.0975,0.14,0.131,109.302765,17.191607,1.446,0.15
2026-09-29,CHALET,Consumer Cyclical,,0.2212,-0.427,-0.577,34.892254,4.9824247,64.041,0.23
2026-09-29,CHAMBLFERT,Basic Materials,,0.09581,-0.118,-0.046,8.561786,1.5849247,10.274,2.87
2026-09-29,CHENNPETRO,Energy,,0.054780003,0.848,,4.9994774,1.9222391,17.68,4.4
2026-09-29,CHOICEIN,Financial Services,,0.20173,0.344,0.154,69.43715,8.756136,49.768,
2026-09-29,CHOLAFIN,Financial Services,,0.40549,0.346,0.437,24.688017,4.5933027,695.283,0.12
2026-09-29,CHOLAHLDNG,Financial Services,,0.11882,0.139,0.393,9.498452,1.6406988,623.156,0.09
2026-09-29,CIEINDIA,Consumer Cyclical,0.12222,0.09035,0.106,0.159,15.871406,1.8383056,6.63,1.83
2026-09-29,CIPLA,Healthcare,,0.12009,0.035,-0.392,33.06641,3.235637,1.778,0.94
2026-09-29,CLEAN,Basic Materials,,0.23719,0.105,0.047,36.482533,5.1879606,0.135,0.77
2026-09-29,COALINDIA,Energy,,0.18138,0.451,0.012,8.465376,2.1947434,11.629,4.97
2026-09-29,COCHINSHIP,,,0.13479,0.024,-0.193,53.18656,6.168222,28.466,0.82
2026-09-29,COFORGE,,,0.0964,0.499,0.309,36.587368,6.2825084,7.518,0.9
2026-09-29,COHANCE,Healthcare,,0.04961,-0.231,-0.968,164.6558,4.453908,9.928,
2026-09-29,COLPAL,,,0.21722999,0.118,0.07,37.47577,31.863604,2.993,2.59
2026-09-29,CONCOR,,,0.13670999,0.003,0.006,28.278187,2.7157922,7.39,1.84
2026-09-29,CONCORDBIO,Healthcare,,0.24844,0.262,0.311,48.341934,7.288674,0.115,0.54
2026-09-29,COROMANDEL,,,0.05619,0.159,-0.245,31.594273,4.6055427,11.469,0.57
2026-09-29,CPPLUS,Industrials,,0.09774,0.895,3.037,93.87574,23.897871,9.604,0.04
2026-09-29,CRAFTSMAN,Consumer Cyclical,,0.053340003,0.363,1.133,53.78281,7.6374483,111.011,0.11
2026-09-29,CREDITACC,Financial Services,0.16364999,0.39812002,1.495,7.152,16.686813,2.4815083,302.872,
2026-09-29,CRISIL,,0.29052,0.21434,0.276,0.262,37.312202,10.104058,10.23,0.89
2026-09-29,CROMPTON,Consumer Cyclical,,-0.02688,0.118,0.147,,4.6237,5.797,1.37
2026-09-29,CUB,Financial Services,,0.37791002,0.233,0.252,15.194346,2.0161858,,0.93
2026-09-29,CUMMINSIND,Industrials,,0.18694,0.179,0.009,57.28063,15.735489,0.431,1.36
2026-09-29,CYIENT,Industrials,,0.04955,0.213,-0.324,30.938417,2.051268,7.528,2.96
2026-09-29,DABUR,,,0.14551,0.106,0.153,34.707474,5.9891586,10.907,2.14
2026-09-29,DALBHARAT,,,0.062030002,0.07,-0.521,34.065315,1.7737336,40.987,0.58
2026-09-29,DATAPATTNS,Industrials,,0.28459,0.168,-0.134,87.96033,13.587651,0.304,0.23
2026-09-29,DCMSHRIRAM,Industrials,,0.103520006,0.093,5.11,9.881368,1.8817595,37.802,1.69
2026-09-29,DEEPAKFERT,Basic Materials,,0.08131,0.225,1.016,16.831068,2.3984284,75.969,0.74
2026-09-29,DEEPAKNTR,Basic Materials,,0.091359995,0.364,2.074,26.346388,3.536928,27.903,0.48
2026-09-29,DELHIVERY,Industrials,,0.00839,0.278,-0.65,338.49594,3.207899,15.098,
2026-09-29,DEVYANI,Consumer Cyclical,,-0.0047400002,0.165,3.0,,10.47581,203.327,
2026-09-29,DIVISLAB,Healthcare,,0.26046,0.278,0.657,85.70331,15.015664,0.042,0.31
2026-09-29,DIXON,,,0.03639,0.211,1.546,43.585823,14.915482,18.457,0.08
2026-09-29,DLF,Real Estate,0.10102,0.65791,-0.529,0.042,37.474945,3.6636946,0.673,1.21
2026-09-29,DMART,Consumer Defensive,,0.042919997,0.149,0.114,81.2313,10.107834,9.913,
2026-09-29,DOMS,Industrials,,0.08929,0.192,-0.225,57.551937,10.198447,10.849,0.18
2026-09-29,DRREDDY,Healthcare,0.088369995,0.09996,-0.056,-0.687,31.338364,2.706243,18.605,0.66
2026-09-29,DUMMYHEG,,,,,,,,,
2026-09-29,ECLERX,Technology,,0.16814,0.233,0.188,23.87987,6.3752093,15.012,0.06
2026-09-29,EICHERMOT,Consumer Cyclical,,0.23211999,0.315,0.213,34.923176,7.874188,2.048,1.14
2026-09-29,EIDPARRY,Basic Materials,,0.01197,0.034,-0.424,26.834738,1.4159122,23.647,
2026-09-29,EIHOTEL,Consumer Cyclical,,0.23142,0.145,2.463,26.405975,3.5711312,4.666,0.51
2026-09-29,ELECON,Industrials,,0.09852,0.061,-0.598,45.595238,4.6590953,11.824,0.42
2026-09-29,ELGIEQUIP,Industrials,,0.10803001,0.226,0.211,42.046577,8.415254,23.885,0.45
2026-09-29,EMAMILTD,Consumer Defensive,,0.19117,0.149,-0.162,22.248108,5.702599,5.541,3.09
2026-09-29,EMCURE,Healthcare,,0.104449995,0.228,0.419,36.934875,7.4711633,30.567,0.19
2026-09-29,EMMVEE,Technology,,0.22844,0.513,0.737,17.069527,5.885603,9.745,0.32
2026-09-29,ENDURANCE,,,0.0622,0.3,0.08,38.35749,5.440578,19.393,0.43
2026-09-29,ENGINERSIN,Industrials,,0.20222001,-0.058,1.422,22.17921,5.54232,0.534,1.59
2026-09-29,ENRIN,Utilities,,0.15769,0.393,0.678,76.78486,23.720182,4.483,0.13
2026-09-29,ERIS,Healthcare,,0.20045,0.126,0.188,26.079435,4.278013,60.545,1.17
2026-09-29,ESCORTS,,,0.11291,0.283,-0.724,22.732843,2.5821848,1.309,1.17
2026-09-29,ETERNAL,Consumer Cyclical,,0.00642,1.82,2.333,714.7826,9.719472,14.826,
2026-09-29,EXIDEIND,,,0.04948,0.177,0.283,38.654198,2.5897694,11.308,0.47
2026-09-29,FACT,Basic Materials,,-0.01783,0.202,,,35.10484,295.147,0.05
2026-09-29,FEDERALBNK,,,0.30721,0.214,0.327,17.237686,1.9822093,,0.36
2026-09-29,FINCABLES,Industrials,,0.11532,0.443,0.532,27.342257,3.594708,0.314,0.64
2026-09-29,FIRSTCRY,Consumer Cyclical,,-0.01422,0.131,,,1.8412056,29.762,
2026-09-29,FIVESTAR,Financial Services,,0.47797,0.08,0.018,13.153743,1.9675955,111.929,0.39
2026-09-29,FLUOROCHEM,,,0.11635,0.24,0.204,79.381584,6.3748827,28.94,0.07
2026-09-29,FORCEMOT,Consumer Cyclical,,0.13607,0.062,0.228,18.171497,5.424577,,0.29
2026-09-29,FORTIS,,,0.11023,0.175,0.023,60.45094,6.3921905,34.15,0.11
2026-09-29,FSL,Technology,,0.06668,0.229,-0.017,26.44681,3.9142826,67.135,2.15
2026-09-29,GABRIEL,Consumer Cyclical,,0.052360002,0.298,0.406,73.3484,13.6535635,10.642,0.37
2026-09-29,GAIL,Utilities,,0.06698,0.167,0.972,11.4366665,1.265594,27.809,3.19
2026-09-29,GALLANTT,Basic Materials,,0.097849995,0.016,-0.288,30.22304,3.8949368,16.515,0.37
2026-09-29,GESHIP,Industrials,,0.60307,0.669,1.594,5.891316,1.2984345,6.409,3.76
2026-09-29,GICRE,,0.091079995,0.16819,-0.008,-0.311,6.6673255,0.5995342,,3.91
2026-09-29,GILLETTE,Consumer Defensive,,0.21035999,0.108,0.094,34.654453,23.962568,0.002,2.6
2026-09-29,GLAND,Healthcare,,0.16784,0.196,0.469,43.428154,4.735296,2.738,0.69
2026-09-29,GLAXO,,,0.27008,0.166,0.157,44.629894,21.03702,1.467,2.01
2026-09-29,GLENMARK,,,0.10137,0.231,9.307,37.37437,6.3896904,5.646,0.31
2026-09-29,GMDCLTD,Energy,,0.33823,0.238,-0.002,17.057552,2.3067026,4.475,1.82
2026-09-29,GMRAIRPORT,,,0.030720001,0.237,,244.87498,-41.190075,,
2026-09-29,GODFRYPHLP,,,0.22389999,-0.189,-0.443,22.48032,4.947112,3.757,2.53
2026-09-29,GODIGIT,Financial Services,,0.04828,0.086,-0.376,47.56579,4.9925027,7.469,
2026-09-29,GODREJCP,Consumer Defensive,,0.12086,0.154,0.115,45.78442,6.941242,34.899,2.3
2026-09-29,GODREJIND,,,0.04761,-0.047,-0.186,31.62518,3.3308325,222.411,
2026-09-29,GODREJPROP,,,0.30754998,0.165,-0.417,32.713104,2.6732898,82.119,0.6
2026-09-29,GPIL,Basic Materials,,0.13887,0.323,-0.006,17.55777,2.3302667,7.582,0.44
2026-09-29,GRANULES,Healthcare,,0.1176,0.22,0.534,32.08318,4.2103624,29.735,0.21
2026-09-29,GRAPHITE,Industrials,,0.07044,0.266,0.284,73.19597,2.6653461,6.295,0.88
2026-09-29,GRASIM,Basic Materials,,0.03093,0.214,0.513,37.320457,2.0268285,135.044,0.32
2026-09-29,GRAVITA,Industrials,,0.083380006,0.418,0.14,26.845623,4.291454,29.934,0.64
2026-09-29,GROWW,,,0.45354,0.652,0.857,47.477158,11.981809,3.028,
2026-09-29,GRSE,Industrials,,0.10665,0.385,0.439,32.59692,9.608489,1.424,0.87
2026-09-29,GVT&D,,,0.19442,0.38,0.247,83.90512,40.730095,0.892,0.23
2026-09-29,HAL,Industrials,,0.27591,0.144,0.149,34.101166,7.635136,0.16,0.42
2026-09-29,HAVELLS,,,0.06923,0.195,-0.166,42.450638,7.2739697,2.801,1.1
2026-09-29,HBLENGINE,Industrials,,0.23381001,0.06,-0.235,28.652481,10.027178,3.021,0.51
2026-09-29,HCLTECH,Technology,0.24067,0.12966,0.03,0.084,19.110144,4.503277,7.058,4.79
2026-09-29,HDBFS,,,0.29786,0.21,0.326,19.365103,2.6044137,484.313,0.61
2026-09-29,HDFCAMC,Financial Services,,0.61625,0.134,0.118,32.927437,10.468705,2.364,2.35
2026-09-29,HDFCBANK,Financial Services,0.13838,0.26787,0.166,0.181,15.997316,1.8165983,,1.81
2026-09-29,HDFCLIFE,Financial Services,0.10828,0.019,0.143,0.119,57.17415,5.812788,15.885,0.4
2026-09-29,HEGAM,Industrials,,0.13612,0.104,0.168,12.938931,,16.73,1.42
2026-09-29,HEROMOTOCO,,,0.10724,0.349,-0.172,19.716032,4.9626184,3.57,3.49
2026-09-29,HEXT,,0.21473,0.09318,0.179,-0.125,22.784405,4.512788,10.18,2.85
2026-09-29,HFCL,Technology,,0.09554,1.199,,57.656002,6.521582,38.321,0.1
2026-09-29,HINDALCO,Basic Materials,,0.05549,0.321,0.751,13.248231,1.5518037,72.598,0.52
2026-09-29,HINDCOPPER,Basic Materials,,0.32494,0.814,1.619,41.59071,13.743122,3.319,0.9
2026-09-29,HINDPETRO,,,0.00356,0.269,,44.713375,1.1394588,85.369,6.92
2026-09-29,HINDUNILVR,Consumer Defensive,,0.22644,0.05,0.084,42.482384,9.009044,3.016,2.32
2026-09-29,HINDZINC,Basic Materials,,0.38068,0.717,1.446,14.525565,10.661737,39.034,3.66
2026-09-29,HOMEFIRST,Financial Services,,0.51428,0.297,0.323,19.815418,2.6222458,243.944,0.48
2026-09-29,HONASA,Consumer Defensive,,0.09749,0.27,1.19,57.798164,10.146794,9.586,0.64
2026-09-29,HONAUT,,,0.117180005,0.018,0.209,54.440086,6.7093496,2.476,0.33
2026-09-29,HSCL,Basic Materials,,0.16066,0.28,0.247,42.379288,7.1505904,16.169,0.12
2026-09-29,HUDCO,,,0.90679,0.098,0.349,8.19162,1.5845363,645.775,3.44
2026-09-29,HYUNDAI,Consumer Cyclical,,0.07004,-0.005,-0.351,34.676598,8.315873,5.484,1.02
2026-09-29,ICICIAMC,,,0.55504,0.181,0.231,45.32593,37.735806,4.066,0.78
2026-09-29,ICICIBANK,Financial Services,0.16073999,0.27531,0.114,0.138,16.767939,2.4454303,,0.92
2026-09-29,ICICIGI,,0.1463,0.08764,0.109,-0.462,32.09461,4.5501533,,0.89
2026-09-29,ICICIPRULI,,0.12571,0.02555,0.125,0.285,39.879414,4.676012,18.052,0.36
2026-09-29,IDBI,Financial Services,0.13874,0.48589,0.081,0.053,9.602076,1.2671233,,2.43
2026-09-29,IDEA,,,0.82278,0.061,,4.08596,-4.3212123,,
2026-09-29,IDFCFIRSTB,,0.052649997,0.09093001,0.298,1.164,32.355213,1.4827135,,0.3
2026-09-29,IEX,Financial Services,,0.66222,0.101,0.118,18.923624,6.987604,0.818,3.59
2026-09-29,IFCI,Financial Services,,0.12699,-0.063,-0.2,112.61904,2.097313,22.723,
2026-09-29,IGIL,Basic Materials,,0.44739,0.232,0.32,27.472528,9.438894,9.594,1.54
2026-09-29,IGL,Utilities,,0.080819994,0.172,-0.438,15.451261,1.7153664,0.848,2.09
2026-09-29,IIFL,Financial Services,,0.24174,0.318,1.895,12.304011,1.8461374,447.421,0.67
2026-09-29,IKS,Healthcare,,0.22817,0.207,0.279,40.728733,10.586099,26.873,
2026-09-29,INDGN,Healthcare,,0.10515001,0.397,-0.002,35.99164,4.6243,5.043,0.37
2026-09-29,INDHOTEL,Consumer Cyclical,,0.20868999,0.151,0.207,48.573368,7.797505,18.987,0.46
2026-09-29,INDIACEM,Basic Materials,,0.020650001,-0.005,,100.700005,0.92470723,12.888,
2026-09-29,INDIAMART,Consumer Cyclical,0.23146,0.30618998,0.114,0.119,19.57936,4.3379903,0.974,1.83
2026-09-29,INDIANB,,0.16171,0.36413,0.103,0.475,8.769896,1.33566,,2.2
2026-09-29,INDIGO,Industrials,,-0.053969998,0.199,,,26.94903,1112.706,0.19
2026-09-29,INDUSINDBK,,,0.076469995,0.01,0.717,53.722027,1.0805598,,0.16
2026-09-29,INDUSTOWER,,0.18912001,0.21776,0.046,0.006,13.809436,2.387507,51.79,3.69
2026-09-29,INFY,Technology,0.32,0.16370001,0.029,0.053,12.70611,4.3355293,9.541,4.98
2026-09-29,INOXWIND,Industrials,,0.078260005,-0.015,-0.383,36.85279,1.7016687,20.631,
2026-09-29,INTELLECT,Technology,,0.11095,0.204,0.081,24.625303,2.6748242,4.961,0.63
2026-09-29,IOB,Financial Services,0.16525999,0.36560002,0.481,0.459,10.33557,1.5250545,,
2026-09-29,IOC,Energy,,0.0392,0.385,,5.4541736,0.83614564,58.446,6.19
2026-09-29,IPCALAB,,,0.12935,0.208,0.724,38.105183,6.200546,8.492,0.3
2026-09-29,IRB,Industrials,,0.15478,-0.089,0.471,22.276316,0.95768756,95.6,1.17
2026-09-29,IRCON,Industrials,,0.05667,0.095,-0.434,15.543379,1.4447604,85.833,1.84
2026-09-29,IRCTC,,,0.25677,0.181,0.0,26.316696,8.516999,1.874,1.95
2026-09-29,IREDA,,,0.69254994,0.237,0.33,16.105263,2.3072221,565.671,1.36
2026-09-29,IRFC,Financial Services,,0.97271,0.103,0.097,14.424074,1.792099,773.347,3.69
2026-09-29,ITC,Consumer Defensive,,0.25937998,-0.111,-0.16,16.952623,4.5758524,3.293,6.03
2026-09-29,ITCHOTELS,,,0.20283002,0.148,0.359,39.10628,2.892776,0.634,0.61
2026-09-29,ITI,Technology,,0.15359001,-0.147,,71.8546,12.22671,40.144,
2026-09-29,J&KBANK,Financial Services,0.14609,0.34216,-0.043,-0.116,6.6068864,0.92200184,,1.43
2026-09-29,JAINREC,Basic Materials,,0.03126,0.759,0.141,27.185116,6.438418,81.887,
2026-09-29,JBMA,Consumer Cyclical,,0.03571,0.15,0.141,61.11535,11.633664,190.282,0.15
2026-09-29,JINDALSAW,Basic Materials,,0.03578,0.09,-0.754,26.952055,1.3958923,38.19,0.72
2026-09-29,JINDALSTEL,Basic Materials,,0.04818,0.259,-0.437,42.75591,2.2790413,43.613,0.18
2026-09-29,JIOFIN,Financial Services,,0.55006003,2.082,1.702,69.87859,1.0344502,16.286,0.27
2026-09-29,JKCEMENT,,,0.06559,0.28,-0.145,40.866367,5.489945,87.522,0.39
2026-09-29,JKTYRE,Consumer Cyclical,,0.04003,0.02,-0.743,14.902222,1.5948895,80.551,1.18
2026-09-29,JMFINANCIL,Financial Services,,0.30868,-0.103,-0.357,11.563937,1.1280017,102.435,1.4
2026-09-29,JPPOWER,Utilities,,0.111420006,0.122,0.677,21.77143,1.1700577,26.634,
2026-09-29,JSL,,,0.07379,0.105,0.076,18.99594,13.697439,37.523,0.54
2026-09-29,JSWCEMENT,Basic Materials,,0.10869,0.199,,19.980497,2.3074245,68.39,0.44
2026-09-29,JSWDULUX,Basic Materials,,0.53735,-0.03,0.489,7.028927,5.628641,3.226,1.58
2026-09-29,JSWENERGY,,,0.10373,0.012,-0.395,39.698273,2.892852,229.16,0.39
2026-09-29,JSWINFRA,,,0.26578,0.181,-0.103,50.921234,6.940344,59.002,0.25
2026-09-29,JSWSTEEL,Basic Materials,,0.13065,0.098,1.13,12.552555,3.0735717,95.374,0.56
2026-09-29,JUBLFOOD,,,0.04415,0.137,0.06,85.761055,13.903075,205.318,0.25
2026-09-29,JUBLINGREA,Basic Materials,,0.06637,0.253,0.406,32.78579,3.2184198,25.328,0.76
2026-09-29,JUBLPHARMA,Healthcare,,0.040900003,0.173,-0.45,47.65831,2.3360145,50.943,0.47
2026-09-29,JWL,Industrials,,0.05329,0.46,-0.143,55.95153,3.168364,33.365,0.69
2026-09-29,JYOTICNC,Industrials,,0.14681,0.24,-0.201,74.777695,12.048303,42.609,
2026-09-29,KAJARIACER,Industrials,,0.107980005,0.204,0.554,35.613407,6.1829534,7.302,1.01
2026-09-29,KALYANKJIL,,,0.036730003,0.457,0.316,41.28242,9.368715,96.966,0.44
2026-09-29,KARURVYSYA,Financial Services,,0.41307,0.26,0.45,11.179578,2.1754472,,0.81
2026-09-29,KAYNES,Technology,,0.08866999,0.405,-0.004,68.67917,5.0696993,19.168,
2026-09-29,KEC,Industrials,,0.02355,0.0,-0.417,18.377323,1.6249411,87.306,1.41
2026-09-29,KEI,,,0.08076,0.23,0.4,44.799656,6.703472,3.796,0.1
2026-09-29,KFINTECH,Technology,,0.24400999,0.301,-0.025,42.944473,8.692873,3.314,1.36
2026-09-29,KIMS,Healthcare,,0.048499998,0.353,-0.469,152.36166,13.726521,166.226,
2026-09-29,KIRLOSENG,Industrials,,0.06868,0.134,-0.199,63.606945,9.551245,154.864,0.33
2026-09-29,KOTAKBANK,Financial Services,,0.28467,0.21,0.225,19.94608,2.2332478,,0.16
2026-09-29,KPIL,Industrials,,0.04151,0.038,0.452,20.68441,2.9865496,45.814,0.8
2026-09-29,KPITTECH,,,0.08839,0.089,-0.318,24.396431,3.9931731,23.624,1.45
2026-09-29,KPRMILL,,,0.13378,0.096,0.215,41.391697,6.6375904,10.463,0.45
2026-09-29,LALPATHLAB,Healthcare,,0.18745,0.191,0.278,60.302376,13.0112915,7.83,1.03
2026-09-29,LATENTVIEW,Industrials,,0.17536,0.215,-0.053,25.02651,2.7822642,1.863,
2026-09-29,LAURUSLABS,,,0.1504,0.291,1.252,99.06219,20.443087,46.369,0.12
2026-09-29,LEMONTREE,Consumer Cyclical,,0.15843001,0.092,0.208,35.749138,5.9181933,96.367,
2026-09-29,LENSKART,,,0.06803,0.433,2.581,179.96031,13.5171385,34.983,
2026-09-29,LGEINDIA,,,0.07135,0.155,0.272,64.33259,15.278086,5.99,
2026-09-29,LICHSGFIN,,,0.65177,0.145,0.099,5.425093,0.75160015,642.522,1.77
2026-09-29,LICI,,,0.06515,0.068,0.4,8.611579,2.9299688,0.431,2.46
2026-09-29,LINDEINDIA,,,0.20587,0.216,-0.025,96.24726,12.278272,1.85,0.06
2026-09-29,LLOYDSME,,,0.21511999,2.086,1.693,22.270689,7.4573274,145.214,0.05
2026-09-29,LODHA,Real Estate,,0.22692,0.431,1.033,28.305943,4.8023505,42.238,0.38
2026-09-29,LT,Industrials,,0.05588,0.081,0.14,31.165783,4.727806,97.64,1.01
2026-09-29,LTF,,,0.33076,0.293,0.282,22.43286,2.5337687,393.442,0.98
2026-09-29,LTFOODS,Consumer Defensive,,0.05485,0.264,0.089,22.554623,7.843978,35.617,0.98
2026-09-29,LTM,Technology,0.21966,0.118669994,0.18,0.169,22.666742,4.8335447,9.874,1.83
2026-09-29,LTTS,,,0.11684,0.026,0.128,26.571358,5.250367,8.911,1.81
2026-09-29,LUPIN,,,0.18450001,0.32,0.16,17.319315,4.260545,29.388,0.86
2026-09-29,M&M,Consumer Cyclical,,0.08609,0.275,0.334,18.237364,3.5473125,125.278,1.1
2026-09-29,M&MFIN,,,0.30887,0.367,0.64,14.198637,1.7370127,429.851,2.21
2026-09-29,MAHABANK,,0.22961001,0.53409,0.218,0.342,8.670072,1.8293498,,2.67
2026-09-29,MANAPPURAM,Financial Services,,0.30516002,0.801,2.885,19.160048,1.8355738,360.191,1.28
2026-09-29,MANKIND,,,0.13859999,0.129,0.296,50.20081,6.2680287,38.111,0.08
2026-09-29,MAPMYINDIA,Technology,,0.28,0.149,0.079,34.363857,5.1320996,0.778,0.4
2026-09-29,MARICO,,,0.13159999,0.214,0.247,56.443832,25.253616,12.394,0.49
2026-09-29,MARUTI,Consumer Cyclical,,0.07269,0.359,-0.091,26.256886,3.4967916,0.096,1.17
2026-09-29,MAXHEALTH,Healthcare,,0.16723,0.167,0.048,66.59864,8.865104,32.367,0.2
2026-09-29,MAZDOCK,Industrials,,0.20120001,0.121,0.215,32.54917,8.690852,4.481,0.97
2026-09-29,MCX,,,0.5556,0.853,1.034,55.11188,20.109348,0.113,0.23
2026-09-29,MEDANTA,,,0.11875,0.265,-0.002,71.92881,10.1403,29.869,0.03
2026-09-29,MEESHO,Consumer Cyclical,,-0.08682,0.483,,,23.603708,1.428,
2026-09-29,MFSL,,,0.00221,0.168,0.373,470.3226,9.476517,36.453,
2026-09-29,MGL,Utilities,,0.08382,0.139,-0.393,14.479425,1.6114953,3.461,3.43
2026-09-29,MINDACORP,Consumer Cyclical,,0.07539,0.332,2.158,31.932795,5.9754543,55.351,0.24
2026-09-29,MMTC,Industrials,,163.86812,-0.5,1.3,19.104378,4.0144334,0.114,
2026-09-29,MOTHERSON,Consumer Cyclical,,0.033570003,0.166,1.042,38.20755,4.1632404,43.908,0.31
2026-09-29,MOTILALOFS,,,0.22963,0.239,0.087,31.946602,4.8053126,165.8,1.08
2026-09-29,MPHASIS,,0.17743999,0.115559995,0.175,0.107,22.331068,3.760582,24.675,2.76
2026-09-29,MRF,,,0.075840004,0.096,-0.01,21.747896,2.5080392,15.288,0.37
2026-09-29,MRPL,Energy,,0.028670002,1.204,,9.269876,2.1081114,108.059,2.36
2026-09-29,MSUMI,Consumer Cyclical,,0.05088,0.364,0.0,36.105263,10.521472,10.788,1.67
2026-09-29,MUTHOOTFIN,Financial Services,0.31735,0.55502,0.353,0.388,9.706235,2.7182295,393.56,1.09
2026-09-29,NAM-INDIA,,,0.52507997,0.245,0.264,45.731228,15.846276,1.617,1.88
2026-09-29,NATCOPHARM,Healthcare,,0.32839,-0.447,-0.57,13.31483,1.630344,7.742,0.72
2026-09-29,NATIONALUM,,,0.34908,0.393,0.911,9.763201,3.0488997,0.277,1.12
2026-09-29,NAUKRI,,,0.47402,0.114,0.507,50.76052,2.1437993,0.64,1.18
2026-09-29,NAVA,Industrials,,0.17541,0.016,-0.1,20.463627,1.7568444,20.684,1.55
2026-09-29,NAVINFLUOR,Basic Materials,,0.21733,0.441,1.009,54.153767,10.598944,32.091,0.18
2026-09-29,NBCC,Industrials,,0.05691,-0.059,0.163,29.80451,7.126292,0.008,1.35
2026-09-29,NCC,Industrials,,0.03261,0.122,0.127,11.4533205,1.0180161,57.389,1.69
2026-09-29,NESTLEIND,Consumer Defensive,,0.15623,0.252,0.481,67.59615,49.945778,8.621,0.89
2026-09-29,NETWEB,Technology,,0.096470006,1.721,1.784,100.281876,36.314953,39.019,0.07
2026-09-29,NEULANDLAB,Healthcare,,0.20987,1.192,9.628,56.286068,14.619923,16.072,0.16
2026-09-29,NEWGEN,Technology,,0.19478,0.112,0.278,21.142921,3.724456,2.214,1.26
2026-09-29,NH,Healthcare,,0.08996,0.78,0.054,43.884624,7.934199,129.033,0.25
2026-09-29,NHPC,,,0.31094998,0.185,0.028,27.838827,1.8469466,113.111,2.11
2026-09-29,NIACL,,,0.0148599995,0.015,,37.897,0.75512683,,0.83
2026-09-29,NIVABUPA,Financial Services,0.121350005,0.04814,0.279,0.897,69.8585,3.569879,6.799,
2026-09-29,NLCINDIA,,,0.17458001,0.233,-0.423,11.045435,1.6912303,110.358,1.46
2026-09-29,NMDC,,,0.23216999,0.008,0.004,9.422171,2.0585356,18.802,2.47
2026-09-29,NSLNISP,Basic Materials,,0.006,0.088,1.111,148.85715,0.9253791,35.019,
2026-09-29,NTPC,Utilities,,0.14531,0.078,0.118,9.938838,1.5517274,128.345,3.85
2026-09-29,NTPCGREEN,,,0.18476,0.627,0.385,150.75807,4.2225337,165.281,
2026-09-29,NUVAMA,Financial Services,,0.28107,0.225,0.156,28.40495,7.29789,282.325,1.71
2026-09-29,NUVOCO,Basic Materials,,0.03329,0.089,0.198,31.463299,1.1524414,48.061,
2026-09-29,NYKAA,,,0.02405,0.291,2.5,374.94385,66.44763,82.829,
2026-09-29,OBEROIRLTY,,,0.41592997,0.317,0.289,25.66989,3.7706106,15.765,0.44
2026-09-29,OFSS,,0.49897,0.38154,0.687,1.202,27.499043,13.53726,0.567,6.09
2026-09-29,OIL,,,0.21685,0.577,0.914,9.253164,1.332378,58.741,2.71
2026-09-29,OLAELEC,Consumer Cyclical,,-0.92606,-0.45,,,4.9504824,82.453,
2026-09-29,OLECTRA,Industrials,,0.06984,0.657,-0.003,52.600643,7.605125,30.841,0.05
2026-09-29,ONESOURCE,Healthcare,,-0.0315,0.372,,,3.1058338,25.791,
2026-09-29,ONGC,Energy,,0.06181,0.257,0.214,6.8076463,0.7772927,42.548,6.3
2026-09-29,PAGEIND,,,0.14126,0.079,-0.04,55.53591,27.981209,18.422,2.13
2026-09-29,PARADEEP,Basic Materials,,0.04575,0.631,0.208,14.791102,2.339033,101.822,0.96
2026-09-29,PATANJALI,,,0.046090003,0.274,0.861,22.31768,3.353117,21.295,1.0
2026-09-29,PAYTM,,,0.07249,0.277,0.799,169.26187,6.696777,1.073,
2026-09-29,PCBL,Basic Materials,,0.030269999,0.17,0.589,51.2093,3.2438962,124.132,1.35
2026-09-29,PERSISTENT,,0.25203,0.12236,0.291,0.121,43.878136,9.982514,6.94,0.68
2026-09-29,PETRONET,,,0.113199994,-0.532,0.351,10.210264,1.9280726,10.507,3.49
2026-09-29,PFC,Financial Services,,0.54484004,0.008,0.021,4.128452,0.75246125,536.837,4.73
2026-09-29,PFIZER,Healthcare,,0.28608,0.083,0.066,24.256046,4.246271,1.671,1.89
2026-09-29,PFOCUS,Communication Services,,0.02349,0.238,,228.63309,11.822037,224.567,
2026-09-29,PGEL,Technology,,0.03537,0.353,0.137,71.0,4.6583557,19.567,0.05
2026-09-29,PHOENIXLTD,,,0.28164,0.128,0.233,55.13935,6.437862,37.211,0.13
2026-09-29,PIDILITIND,Basic Materials,,0.17202,0.213,0.296,57.6965,13.932032,3.776,0.77
2026-09-29,PIIND,,,0.17879999,-0.104,-0.389,31.237797,3.2420163,3.048,0.63
2026-09-29,PINELABS,Technology,,0.044949997,0.196,2.644,159.37383,3.3020291,7.474,
2026-09-29,PIRAMALFIN,Financial Services,0.06038,0.32198003,0.021,0.671,27.879845,1.6350586,286.781,0.51
2026-09-29,PNB,Financial Services,0.14965999,0.38147,-0.064,1.75,6.09375,0.83128756,,2.66
2026-09-29,PNBHOUSING,Financial Services,,0.61353,0.058,0.043,12.368925,1.4871794,287.733,0.74
2026-09-29,POLICYBZR,,,0.102019995,0.401,0.923,71.886566,7.3697186,4.922,
2026-09-29,POLYCAB,,0.25549,0.09184,0.39,0.325,44.666668,10.467004,1.738,0.56
2026-09-29,POLYMED,Healthcare,,0.15774,0.303,-0.075,55.264767,5.3129835,11.227,0.21
2026-09-29,POONAWALLA,Financial Services,,0.22666,1.003,3.37,48.01846,3.4530816,468.058,
2026-09-29,POWERGRID,Utilities,,0.33797002,0.027,-0.008,13.254408,2.4349613,150.813,3.91
2026-09-29,POWERINDIA,,,0.12555,0.686,1.235,120.28603,26.725534,1.663,0.03
2026-09-29,PPLPHARMA,Healthcare,,-0.03407,0.174,,,3.3713255,69.977,0.08
2026-09-29,PREMIERENE,,,0.19667,0.353,0.53,24.051516,9.374903,86.005,0.17
2026-09-29,PRESTIGE,,0.07752,0.08725,0.159,-0.193,55.977276,3.9116142,105.493,0.14
2026-09-29,PTCIL,Industrials,,0.18008,0.974,4.657,270.57193,22.308329,17.341,
2026-09-29,PVRINOX,Communication Services,,0.0652,0.104,,41.65028,1.5805104,91.874,
2026-09-29,PWL,Consumer Defensive,,0.00497,0.239,,1783.7142,7.955907,23.018,
2026-09-29,RADICO,,,0.11297,0.118,0.76,86.868095,18.402786,15.033,0.2
2026-09-29,RAILTEL,Communication Services,0.16254,0.08096,0.276,0.252,24.438677,3.6760843,2.817,1.27
2026-09-29,RAINBOW,Healthcare,,0.1568,0.332,0.133,48.090164,8.3437,53.558,0.25
2026-09-29,RAMCOCEM,Basic Materials,,0.06988,0.096,-0.633,31.086637,2.4722571,47.897,0.29
2026-09-29,RBLBANK,Financial Services,,0.11102,-0.062,-0.117,33.34571,1.4915485,,0.25
2026-09-29,RECLTD,Financial Services,,0.6889,0.252,-0.061,5.043301,0.92871416,607.463,2.04
2026-09-29,REDINGTON,Technology,,0.013259999,0.346,0.767,18.56815,3.1130261,27.26,1.48
2026-09-29,RELIANCE,Energy,,0.066149995,0.297,-0.224,22.044907,1.7783234,36.653,0.5
2026-09-29,RHIM,Industrials,,-0.0868,0.056,1.216,,2.2775912,12.595,0.65
2026-09-29,RITES,Industrials,,0.16983,0.087,0.084,22.412865,3.440395,0.236,5.61
2026-09-29,RKFORGE,Industrials,,0.02408,0.198,2.892,121.96062,3.918672,74.422,0.28
2026-09-29,RPOWER,Utilities,,-0.041199997,0.038,0.472,,0.5079676,92.348,
2026-09-29,RRKABEL,Industrials,,0.0561,0.539,1.285,47.226784,11.125609,13.092,0.45
2026-09-29,RVNL,,,0.0432,0.106,0.169,47.916664,4.3942513,49.078,1.67
2026-09-29,SAGILITY,Healthcare,,0.13036,0.276,0.438,20.113209,2.031637,11.497,0.46
2026-09-29,SAIL,,,0.03844,0.013,1.211,17.857143,1.2671145,52.899,1.28
2026-09-29,SAILIFE,Healthcare,,0.16075,0.117,0.208,91.635185,13.214438,11.614,
2026-09-29,SAMMAANCAP,Financial Services,,0.0,-0.245,-0.5,,0.5858931,273.033,
2026-09-29,SAPPHIRE,Consumer Cyclical,,-0.0049799997,0.147,,,4.86815,102.058,
2026-09-29,SARDAEN,Basic Materials,,0.19941,-0.015,0.054,15.346838,2.3925161,35.204,0.4
2026-09-29,SAREGAMA,Communication Services,,0.21314,0.275,0.416,42.68864,5.6792746,4.281,1.84
2026-09-29,SBFC,Financial Services,,0.44877997,0.246,0.286,19.334862,2.5022264,195.685,
2026-09-29,SBICARD,,,0.18199,0.234,0.195,25.530493,3.7002509,280.206,0.4
2026-09-29,SBILIFE,Financial Services,0.13703,0.021389998,0.188,0.218,67.0416,8.672773,,0.16
2026-09-29,SBIN,Financial Services,0.15177,0.22376,0.103,0.099,10.547601,1.4322203,,1.8
2026-09-29,SCHAEFFLER,,0.21645,0.119320005,0.173,0.13,50.046204,10.211091,0.783,0.87
2026-09-29,SCHNEIDER,Industrials,,0.06292,0.048,-0.698,153.55298,36.649296,70.795,
2026-09-29,SCI,Industrials,,0.25642002,0.403,0.75,7.8339086,1.3929979,29.454,2.76
2026-09-29,SHREECEM,Basic Materials,,0.07445,0.18,-0.177,48.943047,3.3820572,8.013,0.63
2026-09-29,SHRIRAMFIN,Financial Services,0.18495001,0.50009996,0.428,0.295,17.5292,2.784446,276.215,1.41
2026-09-29,SHYAMMETL,Basic Materials,,0.057350002,0.235,0.207,26.465792,2.6495304,8.133,0.42
2026-09-29,SIEMENS,Industrials,,0.19017,0.148,4.061,80.126854,9.752006,2.213,0.48
2026-09-29,SIGNATURE,Real Estate,,0.45731997,-0.362,,10.144819,5.7212214,161.04,
2026-09-29,SJVN,,,0.12771,0.52,-0.017,35.090908,1.7057475,226.528,2.41
2026-09-29,SOBHA,Real Estate,,0.04106,0.5,2.74,56.21584,2.7502458,24.62,0.49
2026-09-29,SOLARINDS,Basic Materials,,0.17543,0.703,0.927,86.52367,27.562782,23.271,0.06
2026-09-29,SONACOMS,Consumer Cyclical,,0.14212,0.524,0.443,75.07279,8.575334,7.213,0.45
2026-09-29,SONATSOFTW,Technology,,0.04205,0.106,-0.008,15.523639,3.769801,37.962,2.88
2026-09-29,SPLPETRO,Basic Materials,,0.084809996,0.237,1.935,32.04616,6.5369277,5.61,1.21
2026-09-29,SRF,,,0.12715,0.318,0.756,34.827915,5.3616133,36.195,0.39
2026-09-29,STARHEALTH,Financial Services,0.07507,0.03619,14.078,1.096,47.515446,3.1235492,,
2026-09-29,SUMICHEM,Basic Materials,,0.17858,0.006,0.204,38.20922,6.346729,1.865,0.3
2026-09-29,SUNDARMFIN,,,0.4609,0.268,0.338,22.40334,3.3628843,409.161,0.87
2026-09-29,SUNPHARMA,Healthcare,,0.20188999,0.105,0.274,37.0074,5.311437,5.517,0.87
2026-09-29,SUNTV,Communication Services,,0.33966,0.13,0.17,14.325089,1.7296721,0.837,3.85
2026-09-29,SUPREMEIND,,,0.09115,0.042,0.387,43.617153,7.309776,1.473,1.05
2026-09-29,SUZLON,,0.39366,0.18090001,0.225,-0.083,17.816593,5.735976,2.807,
2026-09-29,SWANCORP,Industrials,,0.053590003,-0.164,,40.16312,1.1776915,24.561,0.05
2026-09-29,SWIGGY,,,-0.1505,0.373,,,3.7687657,13.929,
2026-09-29,SYNGENE,Healthcare,,0.061389998,-0.158,,66.53006,3.0335119,9.473,0.33
2026-09-29,SYRMA,Technology,,0.06737,0.683,0.86,86.51329,11.309758,13.045,0.09
2026-09-29,TARIL,Industrials,,0.10132,0.081,-0.085,31.682081,5.3131056,29.595,0.09
2026-09-29,TATACAP,Financial Services,,0.39678,0.403,0.472,26.681454,3.041963,502.931,0.17
2026-09-29,TATACHEM,Basic Materials,,-0.14319,0.144,,,0.7352808,36.081,1.71
2026-09-29,TATACOMM,,,0.0372,0.105,-0.294,50.256332,13.778535,335.854,1.05
2026-09-29,TATACONSUM,Consumer Defensive,,0.078379996,0.119,0.279,58.207146,4.36473,12.159,1.04
2026-09-29,TATAELXSI,,,0.1674,0.145,0.181,30.331207,6.5278172,5.336,2.36
2026-09-29,TATAINVEST,,,1.05248,0.041,-0.018,76.749115,1.1282198,0.007,0.52
2026-09-29,TATAPOWER,Utilities,,0.060890004,0.056,0.109,30.096884,2.8917058,168.051,0.69
2026-09-29,TATASTEEL,Basic Materials,,0.04602,0.143,0.114,21.47831,2.2989416,89.017,2.15
2026-09-29,TATATECH,Technology,,0.094,0.338,0.062,49.709934,7.093336,23.908,1.18
2026-09-29,TBOTEK,Consumer Cyclical,,0.08561,0.811,0.323,68.19179,11.573314,48.762,
2026-09-29,TCS,Technology,0.47743,0.18052,0.139,0.046,14.954337,6.754803,10.211,3.14
2026-09-29,TECHM,Technology,,0.086780004,0.177,0.283,26.494452,4.5698667,7.269,3.31
2026-09-29,TECHNOE,Industrials,,0.12845,0.198,-0.315,27.241426,2.8211968,1.744,0.71
2026-09-29,TEGA,Industrials,,0.00691,3.84,,569.94476,4.549323,11.693,0.1
2026-09-29,TEJASNET,Technology,,-0.70371,0.991,,,2.9670396,142.52,0.42
2026-09-29,TENNIND,Consumer Cyclical,,0.10609,0.201,-0.459,34.31023,17.173605,4.289,
2026-09-29,THELEELA,Consumer Cyclical,,0.27621,0.281,3.867,39.37223,2.7633789,28.065,
2026-09-29,THERMAX,,,0.05474,0.071,-0.834,66.58682,6.9984956,42.166,0.41
2026-09-29,TIINDIA,,,0.02626,0.168,-0.153,80.3552,6.270226,5.363,0.14
2026-09-29,TIMKEN,Industrials,,0.118389994,0.166,0.148,54.204407,7.938732,0.5,0.08
2026-09-29,TITAGARH,Industrials,,0.06072,0.126,0.67,56.383713,4.521857,25.363,0.12
2026-09-29,TITAN,Consumer Cyclical,,0.062319998,0.293,0.628,71.76471,26.555025,195.001,0.31
2026-09-29,TMCV,Consumer Cyclical,,0.04809,0.193,0.834,38.55864,12.454816,44.095,0.92
2026-09-29,TMPV,Consumer Cyclical,,0.22814,-0.082,-0.803,,0.91822857,70.364,1.06
2026-09-29,TORNTPHARM,Healthcare,,0.13874,0.548,-0.082,79.23348,19.935284,85.446,0.78
2026-09-29,TORNTPOWER,,,0.079629995,0.028,-0.127,27.179375,3.3142166,70.885,1.61
2026-09-29,TRAVELFOOD,Consumer Cyclical,,0.27594,0.206,0.381,33.484467,10.924132,16.722,0.85
2026-09-29,TRENT,Consumer Cyclical,,0.08637,0.178,0.207,78.659676,20.027025,36.034,0.15
2026-09-29,TRIDENT,Consumer Cyclical,,0.05829,0.047,0.148,29.09091,2.393674,38.323,4.36
2026-09-29,TRITURBINE,Industrials,,0.14930001,0.192,-0.212,51.161472,11.894361,2.476,0.73
2026-09-29,TTML,Communication Services,,0.03187,0.061,,176.1,-0.3445476,,
2026-09-29,TVSMOTOR,Consumer Cyclical,,0.05691,0.343,0.671,56.953278,20.465338,306.09,0.29
2026-09-29,UBL,,,0.0419,0.071,-0.095,83.475655,7.3151484,29.076,0.79
2026-09-29,UCOBANK,Financial Services,0.08541001,0.21541001,0.53,0.083,10.463636,0.8538259,,1.89
2026-09-29,ULTRACEMCO,Basic Materials,,0.092930004,0.159,0.168,37.389236,4.162601,29.432,2.18
2026-09-29,UNIONBANK,Financial Services,0.15798001,0.40460998,0.164,0.274,6.338757,0.93779063,,2.91
2026-09-29,UNITDSPR,Consumer Defensive,,0.14917,-0.102,0.112,58.03196,10.944651,4.611,1.2
2026-09-29,UNOMINDA,,,0.05801,0.238,0.012,58.585857,11.259117,37.74,0.22
2026-09-29,UPL,,,0.03825,0.105,,22.552275,1.3382951,57.128,1.09
2026-09-29,URBANCO,Technology,,-0.19415002,0.436,,,11.7366905,6.335,
2026-09-29,USHAMART,Basic Materials,,0.13215,0.164,0.408,28.39531,4.5757933,6.922,0.74
2026-09-29,UTIAMC,Financial Services,,0.26583,0.067,0.24,24.66892,2.4978602,3.129,4.47
2026-09-29,VBL,Consumer Defensive,0.16853,0.14035,0.204,0.157,43.145,6.7030735,15.869,0.47
2026-09-29,VEDL,Basic Materials,,0.23205,-0.373,0.722,11.657634,2.0297902,48.044,13.13
2026-09-29,VIJAYA,Healthcare,,0.21874,0.228,0.373,81.233475,15.851968,44.15,0.13
2026-09-29,VMM,,,0.0661,0.187,0.25,54.473686,6.512301,26.817,
2026-09-29,VOLTAS,,,0.02999,0.187,0.52,82.341675,5.802742,15.51,0.36
2026-09-29,VTL,Consumer Cyclical,,0.08324,0.133,0.492,17.721008,1.427133,17.52,0.92
2026-09-29,WAAREEENER,,,0.12703,0.792,0.142,18.847258,4.96816,21.402,0.16
2026-09-29,WELCORP,Basic Materials,,0.13348,0.149,1.983,32.146286,8.104254,25.042,0.18
2026-09-29,WELSPUNLIV,Consumer Cyclical,,0.02795,0.237,0.837,77.637924,4.3915424,46.501,0.04
2026-09-29,WHIRLPOOL,Consumer Cyclical,,0.03013,0.121,-0.294,44.24533,2.6733074,8.621,0.55
2026-09-29,WIPRO,Technology,0.16128999,0.13919,0.106,0.009,12.532962,2.0146832,27.398,4.95
2026-09-29,WOCKPHARMA,Healthcare,,0.11196,0.259,,86.75546,7.2741394,42.284,
2026-09-29,YESBANK,,0.074650005,0.23185,0.09,0.308,18.75,1.3526511,,
2026-09-29,ZEEL,Communication Services,,0.025139999,0.045,-0.473,34.976192,0.59370804,2.26,2.61
2026-09-29,ZENSARTECH,Technology,,0.13362001,0.089,0.009,12.685021,2.0656774,1.68,3.43
2026-09-29,ZENTEC,Industrials,,0.26845,-0.105,-0.279,80.66434,8.080924,0.95,0.06
2026-09-29,ZFCVINDIA,Consumer Cyclical,,0.118599996,0.093,-0.146,2.5599947,7.095545,1.485,0.17
2026-09-29,ZYDUSLIFE,Healthcare,,0.15784,0.22,-0.359,27.094397,4.506113,42.304,0.08
2026-09-29,ZYDUSWELL,Consumer Defensive,,0.041479997,0.669,-0.07,85.16863,2.7581027,54.974,0.23
2026-09-30,360ONE,,,0.26455998,0.299,0.128,35.707157,4.42414,161.977,1.67
2026-09-30,AADHARHFC,Financial Services,,0.48151,0.196,0.184,16.797905,2.5021088,255.574,
2026-09-30,AARTIIND,Basic Materials,,0.05901,0.425,2.58,32.033493,2.8447685,83.392,0.21
2026-09-30,AAVAS,Financial Services,,0.42543998,0.169,0.233,14.327147,1.936368,310.553,
2026-09-30,ABB,Industrials,0.19131,0.21349001,0.121,0.03,91.492775,15.526011,1.547,0.56
2026-09-30,ABBOTINDIA,,,0.23052,0.043,0.171,35.487183,11.997324,3.602,1.95
2026-09-30,ABCAPITAL,,,0.119449995,0.314,0.391,25.24272,2.967901,495.936,
2026-09-30,ABDL,Consumer Defensive,,0.05554,0.061,-0.129,90.7878,12.020121,68.251,0.75
2026-09-30,ABREL,Real Estate,,-0.25416002,0.297,,,3.4560163,152.371,0.21
2026-09-30,ABSLAMC,Financial Services,,0.47594002,0.106,0.113,28.264462,6.8427367,1.577,2.58
2026-09-30,ACC,,,0.07563,-0.038,-0.606,12.198106,1.129801,2.085,0.61
2026-09-30,ACE,Industrials,,0.12796,0.205,0.223,32.72653,7.117073,0.393,0.16
2026-09-30,ACMESOLAR,Utilities,,0.21146,0.468,0.715,45.698643,5.244672,393.194,0.05
2026-09-30,ACUTAAS,Basic Materials,,0.26421,0.591,0.671,70.52631,16.391233,2.081,0.08
2026-09-30,ADANIENSOL,Utilities,,0.095769994,0.424,1.241,56.61948,6.2351775,194.5,
2026-09-30,ADANIENT,Energy,,0.06546,0.499,,50.165302,4.605203,119.56,0.05
2026-09-30,ADANIGREEN,Utilities,,0.13095,0.166,0.185,125.89,10.7497225,346.548,
2026-09-30,ADANIPORTS,Industrials,,0.32431,0.186,0.024,30.177504,4.245189,64.051,0.43
2026-09-30,ADANIPOWER,Utilities,,0.24148001,0.34,0.444,27.77311,5.8889914,82.332,
2026-09-30,AEGISLOG,Energy,,0.13949001,0.371,2.69,36.574074,7.5561714,47.243,1.02
2026-09-30,AEGISVOPAK,Energy,,0.32126,0.425,0.304,106.05073,7.5586205,84.438,0.07
2026-09-30,AETHER,Basic Materials,,0.1912,0.275,0.341,96.16865,9.180493,18.646,
2026-09-30,AFCONS,Industrials,,0.01286,-0.208,-0.781,62.82051,1.6534057,66.542,0.79
2026-09-30,AFFLE,Communication Services,,0.16849001,0.204,0.203,45.31684,5.7749104,0.405,
2026-09-30,AIAENG,,,0.27836,0.124,-0.013,28.867937,4.556737,0.128,0.4
2026-09-30,AIIL,,,0.82054,0.141,0.175,29.2372,3.2267177,24.59,0.04
2026-09-30,AJANTPHARM,,,0.19648,0.248,0.308,38.999672,9.7909775,5.874,1.81
2026-09-30,ALKEM,,,0.14306,0.109,-0.217,29.210745,4.5628166,14.267,0.38
2026-09-30,AMBER,Consumer Cyclical,,0.0076099997,0.127,-0.793,251.66351,5.35831,46.566,
2026-09-30,AMBUJACEM,Basic Materials,,0.11128,-0.077,-0.275,21.217691,1.5385576,1.205,0.53
2026-09-30,ANANDRATHI,Financial Services,,0.33193,0.521,0.71,76.0217,34.966312,8.25,0.33
2026-09-30,ANANTRAJ,Real Estate,,0.22770001,0.066,0.134,37.417446,3.733556,11.703,0.16
2026-09-30,ANGELONE,Financial Services,,0.20698,0.23,1.0,24.86462,4.1018386,129.314,1.81
2026-09-30,ANTHEM,,,0.28691998,-0.226,-0.128,86.49504,16.128496,1.772,0.23
2026-09-30,ANURAS,Basic Materials,,0.06894,0.348,-0.094,76.59298,4.0188317,41.317,0.13
2026-09-30,APARINDS,,,0.04844,0.291,0.774,60.509926,13.239597,17.716,0.34
2026-09-30,APLAPOLLO,,,0.052259997,0.085,0.11,49.948128,11.611946,9.396,0.39
2026-09-30,APOLLOHOSP,Healthcare,,0.07906,0.206,0.341,60.059357,13.198327,85.146,0.23
2026-09-30,APOLLOTYRE,,,0.05829,0.128,26.6,14.829504,1.514171,21.987,2.76
2026-09-30,APTUS,Financial Services,,0.61761004,0.168,0.19,11.895219,2.314277,156.2,2.11
2026-09-30,ARE&M,Industrials,,0.06303,0.239,0.159,15.512274,1.72789,5.015,1.37
2026-09-30,ASAHIINDIA,Consumer Cyclical,,0.08457,0.15,1.532,54.66053,6.1552815,55.868,0.21
2026-09-30,ASHOKLEY,,,0.06021,0.116,0.01,26.917091,6.5610824,344.737,2.23
2026-09-30,ASIANPAINT,Basic Materials,,0.12813,0.179,0.399,49.193974,10.847504,17.847,1.14
2026-09-30,ASTERDM,Healthcare,,0.065359995,0.216,-0.814,119.95122,8.3079,45.921,0.54
2026-09-30,ASTRAL,,,0.084809996,0.159,0.48,65.25186,9.261956,6.168,0.29
2026-09-30,ATGL,,,0.100839995,0.272,-0.14,106.18924,13.827911,58.65,0.04
2026-09-30,ATHERENERG,Consumer Cyclical,,-0.0919,0.888,,,21.190577,25.819,
2026-09-30,ATUL,Basic Materials,,0.119729996,0.25,0.92,22.031168,2.8161955,2.907,0.5
2026-09-30,AUBANK,,,0.25577998,0.298,0.351,27.002651,3.8093672,,0.1
2026-09-30,AUROPHARMA,,,0.10627,0.163,0.258,26.733292,2.6241932,21.31,0.24
2026-09-30,AVANTIFEED,Consumer Defensive,,0.083500005,0.183,-0.421,18.466684,2.9761262,0.357,1.34
2026-09-30,AWL,,,0.01487,0.175,0.473,20.619688,2.283527,10.621,0.54
2026-09-30,AXISBANK,Financial Services,0.13352999,0.36031,0.14,0.218,13.522331,1.6751516,,0.08
2026-09-30,AZAD,Industrials,,0.21756001,0.259,0.213,137.37599,12.521286,31.025,
2026-09-30,BAGMANE,,,,,,,,,
2026-09-30,BAJAJ-AUTO,Consumer Cyclical,,0.16251,0.64,0.458,25.786,7.815896,56.352,1.36
2026-09-30,BAJAJFINSV,Financial Services,,0.06471,0.193,0.127,27.71433,3.5951428,256.404,0.07
2026-09-30,BAJAJHFL,,0.12679,0.63176996,0.196,0.229,25.739937,3.074363,460.74,
2026-09-30,BAJAJHLDNG,Financial Services,0.11598,7.34641,0.242,-0.224,13.547665,1.6393412,0.012,1.2
2026-09-30,BAJFINANCE,Financial Services,,0.43495,0.261,0.272,28.753708,5.2852335,314.833,0.55
2026-09-30,BALKRISIND,,,0.12203,0.252,0.564,30.09226,3.856185,37.524,0.74
2026-09-30,BALRAMCHIN,Consumer Defensive,,0.05829,0.061,-0.154,36.94001,3.2761922,76.606,1.03
2026-09-30,BANDHANBNK,Financial Services,,0.13617,0.216,0.346,22.527811,1.1464859,,0.83
2026-09-30,BANKBARODA,Financial Services,0.113170005,0.27392,0.18,-0.486,6.77539,0.7060491,,3.74
2026-09-30,BANKINDIA,,0.13697,0.34992,0.185,0.803,5.108889,0.69058055,,3.38
2026-09-30,BATAINDIA,Consumer Cyclical,,0.041149996,0.039,0.23,54.039474,4.9623423,86.9,5.44
2026-09-30,BBOX,Technology,,0.033970002,0.239,0.129,61.717793,11.100078,89.594,0.12
2026-09-30,BDL,,,0.18827,1.308,5.48,80.2252,9.846005,0.007,0.42
2026-09-30,BEL,Industrials,,0.21403,0.249,0.083,46.89403,11.731724,0.273,0.65
2026-09-30,BELRISE,Consumer Cyclical,,0.05175,0.126,-0.087,41.937065,4.0844545,29.1,0.22
2026-09-30,BEML,Industrials,,0.03934,0.293,,91.32896,5.54073,10.529,0.89
2026-09-30,BERGEPAINT,,,0.099209994,0.12,0.285,43.94535,7.727388,9.165,0.89
2026-09-30,BHARATCOAL,Basic Materials,,-0.00863,-0.036,,,2.6432426,38.792,
2026-09-30,BHARATFORG,,,0.040260002,0.187,,135.76741,10.02106,76.475,0.43
2026-09-30,BHARTIARTL,Communication Services,0.20151,0.1314,0.184,0.351,37.26228,6.8714614,100.415,1.35
2026-09-30,BHARTIHEXA,,,0.18999,0.109,0.232,40.630657,10.340256,85.654,1.19
2026-09-30,BHEL,,,0.06758,0.403,,60.021492,5.5793796,31.312,0.34
2026-09-30,BIOCON,,,0.0286,0.1,2.346,111.09011,1.8185755,42.145,0.13
2026-09-30,BIRET,,,,,,35.41532,1.1266515,,
2026-09-30,BLS,Industrials,,0.22207001,0.253,0.108,12.9448395,3.646251,15.468,1.13
2026-09-30,BLUESTARCO,,,0.03979,0.133,-0.151,63.334686,9.376704,23.588,0.56
2026-09-30,BOSCHLTD,Consumer Cyclical,,0.11328,0.22,-0.367,57.944687,9.219495,0.8,0.57
2026-09-30,BPCL,Energy,,0.034679998,0.344,,7.6431656,1.2812909,54.332,6.62
2026-09-30,BRIGADE,Real Estate,,0.12562999,-0.129,0.338,28.21627,26.701096,84.316,0.34
2026-09-30,BRITANNIA,Consumer Defensive,,0.13376,0.082,0.136,44.825344,22.758791,26.875,1.84
2026-09-30,BSE,,,0.48918,0.64,0.621,46.46913,16.436712,0.0,0.31
2026-09-30,BSOFT,Technology,,0.10601,0.074,0.508,13.322613,1.8297033,3.422,2.4
2026-09-30,CAMS,Technology,,0.31785,0.115,0.17,34.67576,12.648782,4.863,1.85
2026-09-30,CANBK,Financial Services,,0.43126,-0.129,0.622,5.6575212,0.9216731,,3.48
2026-09-30,CANFINHOME,Financial Services,,0.66733,0.225,0.196,8.606461,1.6253501,636.585,2.17
2026-09-30,CANHLIFE,Financial Services,0.08276,0.01075,0.183,0.202,109.48921,8.850314,15.304,0.27
2026-09-30,CAPLIPOINT,Healthcare,,0.29089,0.196,0.159,31.44526,5.9429817,0.127,0.28
2026-09-30,CARBORUNIV,Industrials,,0.03849,0.194,0.235,107.787766,5.85474,10.292,0.32
2026-09-30,CARTRADE,Consumer Cyclical,,0.28656,0.163,0.224,62.327534,5.588723,5.363,
2026-09-30,CASTROLIND,Energy,0.56996,0.17066,0.25,0.421,18.550468,10.3004675,2.784,6.22
2026-09-30,CCL,Consumer Defensive,,0.0938,0.138,0.61,30.893959,5.6927657,56.487,0.56
2026-09-30,CDSL,Financial Services,,0.36798,0.154,0.147,57.627037,13.544989,0.11,0.99
2026-09-30,CEATLTD,Consumer Cyclical,,0.03583,0.223,-0.962,22.08901,2.2179873,64.742,1.07
2026-09-30,CEMPRO,Industrials,,0.058920003,0.07,0.026,34.849785,8.719681,37.711,0.24
2026-09-30,CENTRALBK,Financial Services,0.115600005,0.27839002,-0.032,0.028,5.9583335,0.66445404,,4.54
2026-09-30,CESC,Utilities,,0.08243,0.054,0.038,11.705161,1.4161568,164.311,4.41
2026-09-30,CGCL,Financial Services,,0.34958,0.858,0.794,21.021276,3.305763,334.728,0.08
2026-09-30,CGPOWER,Industrials,,0.0975,0.14,0.131,109.302765,17.191607,1.446,0.15
2026-09-30,CHAMBLFERT,Basic Materials,,0.09581,-0.118,-0.046,8.561786,1.5849247,10.274,2.87
2026-09-30,CHENNPETRO,Energy,,0.054780003,0.848,,4.9994774,1.9222391,17.68,4.4
2026-09-30,CHOICEIN,Financial Services,,0.20173,0.344,0.154,69.43715,8.756136,49.768,
2026-09-30,CHOLAFIN,Financial Services,,0.40549,0.346,0.437,24.688017,4.5933027,695.283,0.12
2026-09-30,CHOLAHLDNG,Financial Services,,0.11882,0.139,0.393,9.498452,1.6406988,623.156,0.09
2026-09-30,CIEINDIA,Consumer Cyclical,0.12222,0.09035,0.106,0.159,15.871406,1.8383056,6.63,1.83
2026-09-30,CIPLA,Healthcare,,0.12009,0.035,-0.392,33.06641,3.235637,1.778,0.94
2026-09-30,CLEAN,Basic Materials,,0.23719,0.105,0.047,36.482533,5.1879606,0.135,0.77
2026-09-30,CLEANMAX,Utilities,,0.06695,1.092,,98.97092,3.350119,231.875,
2026-09-30,CMPDI,Basic Materials,,0.27375,0.176,0.538,21.906807,6.543538,0.064,0.5
2026-09-30,COALINDIA,Energy,,0.18138,0.451,0.012,8.465376,2.1947434,11.629,4.97
2026-09-30,COCHINSHIP,,,0.13479,0.024,-0.193,53.18656,6.168222,28.466,0.82
2026-09-30,COFORGE,,,0.0964,0.499,0.309,36.587368,6.2825084,7.518,0.9
2026-09-30,COHANCE,Healthcare,,0.04961,-0.231,-0.968,164.6558,4.453908,9.928,
2026-09-30,COLPAL,,,0.21722999,0.118,0.07,37.47577,31.863604,2.993,2.59
2026-09-30,CONCOR,,,0.13670999,0.003,0.006,28.278187,2.7157922,7.39,1.84
2026-09-30,CONCORDBIO,Healthcare,,0.24844,0.262,0.311,48.341934,7.288674,0.115,0.54
2026-09-30,COROMANDEL,,,0.05619,0.159,-0.245,31.594273,4.6055427,11.469,0.57
2026-09-30,CPPLUS,Industrials,,0.09774,0.895,3.037,93.87574,23.897871,9.604,0.04
2026-09-30,CRAFTSMAN,Consumer Cyclical,,0.053340003,0.363,1.133,53.78281,7.6374483,111.011,0.11
2026-09-30,CREDITACC,Financial Services,0.16364999,0.39812002,1.495,7.152,16.686813,2.4815083,302.872,
2026-09-30,CRISIL,,0.29052,0.21434,0.276,0.262,37.312202,10.104058,10.23,0.89
2026-09-30,CROMPTON,Consumer Cyclical,,-0.02688,0.118,0.147,,4.6237,5.797,1.37
2026-09-30,CUB,Financial Services,,0.37791002,0.233,0.252,15.194346,2.0161858,,0.93
2026-09-30,CUMMINSIND,Industrials,,0.18694,0.179,0.009,57.28063,15.735489,0.431,1.36
2026-09-30,CUPID,Consumer Defensive,,0.30351,1.587,1.909,318.0102,92.83586,12.506,
2026-09-30,CYIENT,Industrials,,0.04955,0.213,-0.324,30.938417,2.051268,7.528,2.96
2026-09-30,DABUR,,,0.14551,0.106,0.153,34.707474,5.9891586,10.907,2.14
2026-09-30,DALBHARAT,,,0.062030002,0.07,-0.521,34.065315,1.7737336,40.987,0.58
2026-09-30,DATAPATTNS,Industrials,,0.28459,0.168,-0.134,87.96033,13.587651,0.304,0.23
2026-09-30,DEEPAKFERT,Basic Materials,,0.08131,0.225,1.016,16.831068,2.3984284,75.969,0.74
2026-09-30,DEEPAKNTR,Basic Materials,,0.091359995,0.364,2.074,26.346388,3.536928,27.903,0.48
2026-09-30,DELHIVERY,Industrials,,0.00839,0.278,-0.65,338.49594,3.207899,15.098,
2026-09-30,DEVYANI,Consumer Cyclical,,-0.0047400002,0.165,3.0,,10.47581,203.327,
2026-09-30,DIVISLAB,Healthcare,,0.26046,0.278,0.657,85.70331,15.015664,0.042,0.31
2026-09-30,DIXON,,,0.03639,0.211,1.546,43.585823,14.915482,18.457,0.08
2026-09-30,DLF,Real Estate,0.10102,0.65791,-0.529,0.042,37.474945,3.6636946,0.673,1.21
2026-09-30,DMART,Consumer Defensive,,0.042919997,0.149,0.114,81.2313,10.107834,9.913,
2026-09-30,DOMS,Industrials,,0.08929,0.192,-0.225,57.551937,10.198447,10.849,0.18
2026-09-30,DRREDDY,Healthcare,0.088369995,0.09996,-0.056,-0.687,31.338364,2.706243,18.605,0.66
2026-09-30,DUMMYHEG,,,,,,,,,
2026-09-30,ECLERX,Technology,,0.16814,0.233,0.188,23.87987,6.3752093,15.012,0.06
2026-09-30,EICHERMOT,Consumer Cyclical,,0.23211999,0.315,0.213,34.923176,7.874188,2.048,1.14
2026-09-30,EIDPARRY,Basic Materials,,0.01197,0.034,-0.424,26.834738,1.4159122,23.647,
2026-09-30,EIHOTEL,Consumer Cyclical,,0.23142,0.145,2.463,26.405975,3.5711312,4.666,0.51
2026-09-30,ELECON,Industrials,,0.09852,0.061,-0.598,45.595238,4.6590953,11.824,0.42
2026-09-30,ELGIEQUIP,Industrials,,0.10803001,0.226,0.211,42.046577,8.415254,23.885,0.45
2026-09-30,EMAMILTD,Consumer Defensive,,0.19117,0.149,-0.162,22.248108,5.702599,5.541,3.09
2026-09-30,EMBASSY,,,,,,92.944725,1.6873988,,
2026-09-30,EMCURE,Healthcare,,0.104449995,0.228,0.419,36.934875,7.4711633,30.567,0.19
2026-09-30,EMMVEE,Technology,,0.22844,0.513,0.737,17.069527,5.885603,9.745,0.32
2026-09-30,ENDURANCE,,,0.0622,0.3,0.08,38.35749,5.440578,19.393,0.43
2026-09-30,ENGINERSIN,Industrials,,0.20222001,-0.058,1.422,22.17921,5.54232,0.534,1.59
2026-09-30,ENRIN,Utilities,,0.15769,0.393,0.678,76.78486,23.720182,4.483,0.13
2026-09-30,ESCORTS,,,0.11291,0.283,-0.724,22.732843,2.5821848,1.309,1.17
2026-09-30,ETERNAL,Consumer Cyclical,,0.00642,1.82,2.333,714.7826,9.719472,14.826,
2026-09-30,EXIDEIND,,,0.04948,0.177,0.283,38.654198,2.5897694,11.308,0.47
2026-09-30,FACT,Basic Materials,,-0.01783,0.202,,,35.10484,295.147,0.05
2026-09-30,FEDERALBNK,,,0.30721,0.214,0.327,17.237686,1.9822093,,0.36
2026-09-30,FINCABLES,Industrials,,0.11532,0.443,0.532,27.342257,3.594708,0.314,0.64
2026-09-30,FIRSTCRY,Consumer Cyclical,,-0.01422,0.131,,,1.8412056,29.762,
2026-09-30,FIVESTAR,Financial Services,,0.47797,0.08,0.018,13.153743,1.9675955,111.929,0.39
2026-09-30,FLUOROCHEM,,,0.11635,0.24,0.204,79.381584,6.3748827,28.94,0.07
2026-09-30,FORCEMOT,Consumer Cyclical,,0.13607,0.062,0.228,18.171497,5.424577,,0.29
2026-09-30,FORTIS,,,0.11023,0.175,0.023,60.45094,6.3921905,34.15,0.11
2026-09-30,FRACTAL,Technology,,0.095290005,0.2,0.771,38.693153,3.8723922,13.131,
2026-09-30,FSL,Technology,,0.06668,0.229,-0.017,26.44681,3.9142826,67.135,2.15
2026-09-30,GABRIEL,Consumer Cyclical,,0.052360002,0.298,0.406,73.3484,13.6535635,10.642,0.37
2026-09-30,GAIL,Utilities,,0.06698,0.167,0.972,11.4366665,1.265594,27.809,3.19
2026-09-30,GALLANTT,Basic Materials,,0.097849995,0.016,-0.288,30.22304,3.8949368,16.515,0.37
2026-09-30,GESHIP,Industrials,,0.60307,0.669,1.594,5.891316,1.2984345,6.409,3.76
2026-09-30,GICRE,,0.091079995,0.16819,-0.008,-0.311,6.6673255,0.5995342,,3.91
2026-09-30,GILLETTE,Consumer Defensive,,0.21035999,0.108,0.094,34.654453,23.962568,0.002,2.6
2026-09-30,GLAND,Healthcare,,0.16784,0.196,0.469,43.428154,4.735296,2.738,0.69
2026-09-30,GLAXO,,,0.27008,0.166,0.157,44.629894,21.03702,1.467,2.01
2026-09-30,GLENMARK,,,0.10137,0.231,9.307,37.37437,6.3896904,5.646,0.31
2026-09-30,GMDCLTD,Energy,,0.33823,0.238,-0.002,17.057552,2.3067026,4.475,1.82
2026-09-30,GMRAIRPORT,,,0.030720001,0.237,,244.87498,-41.190075,,
2026-09-30,GODFRYPHLP,,,0.22389999,-0.189,-0.443,22.48032,4.947112,3.757,2.53
2026-09-30,GODREJCP,Consumer Defensive,,0.12086,0.154,0.115,45.78442,6.941242,34.899,2.3
2026-09-30,GODREJIND,,,0.04761,-0.047,-0.186,31.62518,3.3308325,222.411,
2026-09-30,GODREJPROP,,,0.30754998,0.165,-0.417,32.713104,2.6732898,82.119,0.6
2026-09-30,GPIL,Basic Materials,,0.13887,0.323,-0.006,17.55777,2.3302667,7.582,0.44
2026-09-30,GRANULES,Healthcare,,0.1176,0.22,0.534,32.08318,4.2103624,29.735,0.21
2026-09-30,GRAPHITE,Industrials,,0.07044,0.266,0.284,73.19597,2.6653461,6.295,0.88
2026-09-30,GRASIM,Basic Materials,,0.03093,0.214,0.513,37.320457,2.0268285,135.044,0.32
2026-09-30,GRAVITA,Industrials,,0.083380006,0.418,0.14,26.845623,4.291454,29.934,0.64
2026-09-30,GROWW,,,0.45354,0.652,0.857,47.477158,11.981809,3.028,
2026-09-30,GRSE,Industrials,,0.10665,0.385,0.439,32.59692,9.608489,1.424,0.87
2026-09-30,GVT&D,,,0.19442,0.38,0.247,83.90512,40.730095,0.892,0.23
2026-09-30,HAL,Industrials,,0.27591,0.144,0.149,34.101166,7.635136,0.16,0.42
2026-09-30,HAVELLS,,,0.06923,0.195,-0.166,42.450638,7.2739697,2.801,1.1
2026-09-30,HBLENGINE,Industrials,,0.23381001,0.06,-0.235,28.652481,10.027178,3.021,0.51
2026-09-30,HCLTECH,Technology,0.24067,0.12966,0.03,0.084,19.110144,4.503277,7.058,4.79
2026-09-30,HDBFS,,,0.29786,0.21,0.326,19.365103,2.6044137,484.313,0.61
2026-09-30,HDFCAMC,Financial Services,,0.61625,0.134,0.118,32.927437,10.468705,2.364,2.35
2026-09-30,HDFCBANK,Financial Services,0.13838,0.26787,0.166,0.181,15.997316,1.8165983,,1.81
2026-09-30,HDFCLIFE,Financial Services,0.10828,0.019,0.143,0.119,57.17415,5.812788,15.885,0.4
2026-09-30,HEGAM,Industrials,,0.13612,0.104,0.168,12.938931,,16.73,1.42
2026-09-30,HEROMOTOCO,,,0.10724,0.349,-0.172,19.716032,4.9626184,3.57,3.49
2026-09-30,HEXT,,0.21473,0.09318,0.179,-0.125,22.784405,4.512788,10.18,2.85
2026-09-30,HFCL,Technology,,0.09554,1.199,,57.656002,6.521582,38.321,0.1
2026-09-30,HINDALCO,Basic Materials,,0.05549,0.321,0.751,13.248231,1.5518037,72.598,0.52
2026-09-30,HINDCOPPER,Basic Materials,,0.32494,0.814,1.619,41.59071,13.743122,3.319,0.9
2026-09-30,HINDPETRO,,,0.00356,0.269,,44.713375,1.1394588,85.369,6.92
2026-09-30,HINDUNILVR,Consumer Defensive,,0.22644,0.05,0.084,42.482384,9.009044,3.016,2.32
2026-09-30,HINDZINC,Basic Materials,,0.38068,0.717,1.446,14.525565,10.661737,39.034,3.66
2026-09-30,HOMEFIRST,Financial Services,,0.51428,0.297,0.323,19.815418,2.6222458,243.944,0.48
2026-09-30,HONASA,Consumer Defensive,,0.09749,0.27,1.19,57.798164,10.146794,9.586,0.64
2026-09-30,HONAUT,,,0.117180005,0.018,0.209,54.440086,6.7093496,2.476,0.33
2026-09-30,HSCL,Basic Materials,,0.16066,0.28,0.247,42.379288,7.1505904,16.169,0.12
2026-09-30,HUDCO,,,0.90679,0.098,0.349,8.19162,1.5845363,645.775,3.44
2026-09-30,HYUNDAI,Consumer Cyclical,,0.07004,-0.005,-0.351,34.676598,8.315873,5.484,1.02
2026-09-30,ICICIAMC,,,0.55504,0.181,0.231,45.32593,37.735806,4.066,0.78
2026-09-30,ICICIBANK,Financial Services,0.16073999,0.27531,0.114,0.138,16.767939,2.4454303,,0.92
2026-09-30,ICICIGI,,0.1463,0.08764,0.109,-0.462,32.09461,4.5501533,,0.89
2026-09-30,ICICIPRULI,,0.12571,0.02555,0.125,0.285,39.879414,4.676012,18.052,0.36
2026-09-30,IDBI,Financial Services,0.13874,0.48589,0.081,0.053,9.602076,1.2671233,,2.43
2026-09-30,IDEA,,,0.82278,0.061,,4.08596,-4.3212123,,
2026-09-30,IDFCFIRSTB,,0.052649997,0.09093001,0.298,1.164,32.355213,1.4827135,,0.3
2026-09-30,IEX,Financial Services,,0.66222,0.101,0.118,18.923624,6.987604,0.818,3.59
2026-09-30,IFCI,Financial Services,,0.12699,-0.063,-0.2,112.61904,2.097313,22.723,
2026-09-30,IGIL,Basic Materials,,0.44739,0.232,0.32,27.472528,9.438894,9.594,1.54
2026-09-30,IGL,Utilities,,0.080819994,0.172,-0.438,15.451261,1.7153664,0.848,2.09
2026-09-30,IIFL,Financial Services,,0.24174,0.318,1.895,12.304011,1.8461374,447.421,0.67
2026-09-30,IKS,Healthcare,,0.22817,0.207,0.279,40.728733,10.586099,26.873,
2026-09-30,INDHOTEL,Consumer Cyclical,,0.20868999,0.151,0.207,48.573368,7.797505,18.987,0.46
2026-09-30,INDIACEM,Basic Materials,,0.020650001,-0.005,,100.700005,0.92470723,12.888,
2026-09-30,INDIAMART,Consumer Cyclical,0.23146,0.30618998,0.114,0.119,19.57936,4.3379903,0.974,1.83
2026-09-30,INDIANB,,0.16171,0.36413,0.103,0.475,8.769896,1.33566,,2.2
2026-09-30,INDIGO,Industrials,,-0.053969998,0.199,,,26.94903,1112.706,0.19
2026-09-30,INDUSINDBK,,,0.076469995,0.01,0.717,53.722027,1.0805598,,0.16
2026-09-30,INDUSTOWER,,0.18912001,0.21776,0.046,0.006,13.809436,2.387507,51.79,3.69
2026-09-30,INFY,Technology,0.32,0.16370001,0.029,0.053,12.70611,4.3355293,9.541,4.98
2026-09-30,INOXINDIA,Industrials,,0.15748,0.092,-0.049,73.199,16.668833,7.251,0.1
2026-09-30,INOXWIND,Industrials,,0.078260005,-0.015,-0.383,36.85279,1.7016687,20.631,
2026-09-30,INTELLECT,Technology,,0.11095,0.204,0.081,24.625303,2.6748242,4.961,0.63
2026-09-30,IOB,Financial Services,0.16525999,0.36560002,0.481,0.459,10.33557,1.5250545,,
2026-09-30,IOC,Energy,,0.0392,0.385,,5.4541736,0.83614564,58.446,6.19
2026-09-30,IPCALAB,,,0.12935,0.208,0.724,38.105183,6.200546,8.492,0.3
2026-09-30,IRB,Industrials,,0.15478,-0.089,0.471,22.276316,0.95768756,95.6,1.17
2026-09-30,IRCON,Industrials,,0.05667,0.095,-0.434,15.543379,1.4447604,85.833,1.84
2026-09-30,IRCTC,,,0.25677,0.181,0.0,26.316696,8.516999,1.874,1.95
2026-09-30,IREDA,,,0.69254994,0.237,0.33,16.105263,2.3072221,565.671,1.36
2026-09-30,IRFC,Financial Services,,0.97271,0.103,0.097,14.424074,1.792099,773.347,3.69
2026-09-30,ITC,Consumer Defensive,,0.25937998,-0.111,-0.16,16.952623,4.5758524,3.293,6.03
2026-09-30,ITCHOTELS,,,0.20283002,0.148,0.359,39.10628,2.892776,0.634,0.61
2026-09-30,ITI,Technology,,0.15359001,-0.147,,71.8546,12.22671,40.144,
2026-09-30,J&KBANK,Financial Services,0.14609,0.34216,-0.043,-0.116,6.6068864,0.92200184,,1.43
2026-09-30,JAINREC,Basic Materials,,0.03126,0.759,0.141,27.185116,6.438418,81.887,
2026-09-30,JBMA,Consumer Cyclical,,0.03571,0.15,0.141,61.11535,11.633664,190.282,0.15
2026-09-30,JINDALSAW,Basic Materials,,0.03578,0.09,-0.754,26.952055,1.3958923,38.19,0.72
2026-09-30,JINDALSTEL,Basic Materials,,0.04818,0.259,-0.437,42.75591,2.2790413,43.613,0.18
2026-09-30,JIOFIN,Financial Services,,0.55006003,2.082,1.702,69.87859,1.0344502,16.286,0.27
2026-09-30,JKCEMENT,,,0.06559,0.28,-0.145,40.866367,5.489945,87.522,0.39
2026-09-30,JKTYRE,Consumer Cyclical,,0.04003,0.02,-0.743,14.902222,1.5948895,80.551,1.18
2026-09-30,JMFINANCIL,Financial Services,,0.30868,-0.103,-0.357,11.563937,1.1280017,102.435,1.4
2026-09-30,JPPOWER,Utilities,,0.111420006,0.122,0.677,21.77143,1.1700577,26.634,
2026-09-30,JSL,,,0.07379,0.105,0.076,18.99594,13.697439,37.523,0.54
2026-09-30,JSWCEMENT,Basic Materials,,0.10869,0.199,,19.980497,2.3074245,68.39,0.44
2026-09-30,JSWENERGY,,,0.10373,0.012,-0.395,39.698273,2.892852,229.16,0.39
2026-09-30,JSWINFRA,,,0.26578,0.181,-0.103,50.921234,6.940344,59.002,0.25
2026-09-30,JSWSTEEL,Basic Materials,,0.13065,0.098,1.13,12.552555,3.0735717,95.374,0.56
2026-09-30,JUBLFOOD,,,0.04415,0.137,0.06,85.761055,13.903075,205.318,0.25
2026-09-30,JUBLINGREA,Basic Materials,,0.06637,0.253,0.406,32.78579,3.2184198,25.328,0.76
2026-09-30,JWL,Industrials,,0.05329,0.46,-0.143,55.95153,3.168364,33.365,0.69
2026-09-30,JYOTICNC,Industrials,,0.14681,0.24,-0.201,74.777695,12.048303,42.609,
2026-09-30,KAJARIACER,Industrials,,0.107980005,0.204,0.554,35.613407,6.1829534,7.302,1.01
2026-09-30,KALYANKJIL,,,0.036730003,0.457,0.316,41.28242,9.368715,96.966,0.44
2026-09-30,KARURVYSYA,Financial Services,,0.41307,0.26,0.45,11.179578,2.1754472,,0.81
2026-09-30,KAYNES,Technology,,0.08866999,0.405,-0.004,68.67917,5.0696993,19.168,
2026-09-30,KEC,Industrials,,0.02355,0.0,-0.417,18.377323,1.6249411,87.306,1.41
2026-09-30,KEI,,,0.08076,0.23,0.4,44.799656,6.703472,3.796,0.1
2026-09-30,KFINTECH,Technology,,0.24400999,0.301,-0.025,42.944473,8.692873,3.314,1.36
2026-09-30,KIMS,Healthcare,,0.048499998,0.353,-0.469,152.36166,13.726521,166.226,
2026-09-30,KIRLOSBROS,Industrials,,0.08009,0.129,-0.001,37.659664,5.720022,10.101,0.38
2026-09-30,KIRLOSENG,Industrials,,0.06868,0.134,-0.199,63.606945,9.551245,154.864,0.33
2026-09-30,KOTAKBANK,Financial Services,,0.28467,0.21,0.225,19.94608,2.2332478,,0.16
2026-09-30,KPIL,Industrials,,0.04151,0.038,0.452,20.68441,2.9865496,45.814,0.8
2026-09-30,KPITTECH,,,0.08839,0.089,-0.318,24.396431,3.9931731,23.624,1.45
2026-09-30,KPRMILL,,,0.13378,0.096,0.215,41.391697,6.6375904,10.463,0.45
2026-09-30,KSB,Industrials,0.15192,0.09007,0.036,-0.186,60.71631,8.768282,0.371,0.53
2026-09-30,LALPATHLAB,Healthcare,,0.18745,0.191,0.278,60.302376,13.0112915,7.83,1.03
2026-09-30,LAURUSLABS,,,0.1504,0.291,1.252,99.06219,20.443087,46.369,0.12
2026-09-30,LEMONTREE,Consumer Cyclical,,0.15843001,0.092,0.208,35.749138,5.9181933,96.367,
2026-09-30,LENSKART,,,0.06803,0.433,2.581,179.96031,13.5171385,34.983,
2026-09-30,LGEINDIA,,,0.07135,0.155,0.272,64.33259,15.278086,5.99,
2026-09-30,LICHSGFIN,,,0.65177,0.145,0.099,5.425093,0.75160015,642.522,1.77
2026-09-30,LICI,,,0.06515,0.068,0.4,8.611579,2.9299688,0.431,2.46
2026-09-30,LINDEINDIA,,,0.20587,0.216,-0.025,96.24726,12.278272,1.85,0.06
2026-09-30,LLOYDSME,,,0.21511999,2.086,1.693,22.270689,7.4573274,145.214,0.05
2026-09-30,LODHA,Real Estate,,0.22692,0.431,1.033,28.305943,4.8023505,42.238,0.38
2026-09-30,LT,Industrials,,0.05588,0.081,0.14,31.165783,4.727806,97.64,1.01
2026-09-30,LTF,,,0.33076,0.293,0.282,22.43286,2.5337687,393.442,0.98
2026-09-30,LTFOODS,Consumer Defensive,,0.05485,0.264,0.089,22.554623,7.843978,35.617,0.98
2026-09-30,LTM,Technology,0.21966,0.118669994,0.18,0.169,22.666742,4.8335447,9.874,1.83
2026-09-30,LTTS,,,0.11684,0.026,0.128,26.571358,5.250367,8.911,1.81
2026-09-30,LUPIN,,,0.18450001,0.32,0.16,17.319315,4.260545,29.388,0.86
2026-09-30,M&M,Consumer Cyclical,,0.08609,0.275,0.334,18.237364,3.5473125,125.278,1.1
2026-09-30,M&MFIN,,,0.30887,0.367,0.64,14.198637,1.7370127,429.851,2.21
2026-09-30,MAHABANK,,0.22961001,0.53409,0.218,0.342,8.670072,1.8293498,,2.67
2026-09-30,MANAPPURAM,Financial Services,,0.30516002,0.801,2.885,19.160048,1.8355738,360.191,1.28
2026-09-30,MANKIND,,,0.13859999,0.129,0.296,50.20081,6.2680287,38.111,0.08
2026-09-30,MARICO,,,0.13159999,0.214,0.247,56.443832,25.253616,12.394,0.49
2026-09-30,MARUTI,Consumer Cyclical,,0.07269,0.359,-0.091,26.256886,3.4967916,0.096,1.17
2026-09-30,MAXHEALTH,Healthcare,,0.16723,0.167,0.048,66.59864,8.865104,32.367,0.2
2026-09-30,MAZDOCK,Industrials,,0.20120001,0.121,0.215,32.54917,8.690852,4.481,0.97
2026-09-30,MCX,,,0.5556,0.853,1.034,55.11188,20.109348,0.113,0.23
2026-09-30,MEDANTA,,,0.11875,0.265,-0.002,71.92881,10.1403,29.869,0.03
2026-09-30,MEESHO,Consumer Cyclical,,-0.08682,0.483,,,23.603708,1.428,
2026-09-30,MFSL,,,0.00221,0.168,0.373,470.3226,9.476517,36.453,
2026-09-30,MGL,Utilities,,0.08382,0.139,-0.393,14.479425,1.6114953,3.461,3.43
2026-09-30,MINDACORP,Consumer Cyclical,,0.07539,0.332,2.158,31.932795,5.9754543,55.351,0.24
2026-09-30,MMTC,Industrials,,163.86812,-0.5,1.3,19.104378,4.0144334,0.114,
2026-09-30,MOTHERSON,Consumer Cyclical,,0.033570003,0.166,1.042,38.20755,4.1632404,43.908,0.31
2026-09-30,MOTILALOFS,,,0.22963,0.239,0.087,31.946602,4.8053126,165.8,1.08
2026-09-30,MPHASIS,,0.17743999,0.115559995,0.175,0.107,22.331068,3.760582,24.675,2.76
2026-09-30,MRF,,,0.075840004,0.096,-0.01,21.747896,2.5080392,15.288,0.37
2026-09-30,MRPL,Energy,,0.028670002,1.204,,9.269876,2.1081114,108.059,2.36
2026-09-30,MSUMI,Consumer Cyclical,,0.05088,0.364,0.0,36.105263,10.521472,10.788,1.67
2026-09-30,MTARTECH,Industrials,,0.12352,1.304,3.639,181.03088,29.148754,45.778,
2026-09-30,MUTHOOTFIN,Financial Services,0.31735,0.55502,0.353,0.388,9.706235,2.7182295,393.56,1.09
2026-09-30,NAM-INDIA,,,0.52507997,0.245,0.264,45.731228,15.846276,1.617,1.88
2026-09-30,NATCOPHARM,Healthcare,,0.32839,-0.447,-0.57,13.31483,1.630344,7.742,0.72
2026-09-30,NATIONALUM,,,0.34908,0.393,0.911,9.763201,3.0488997,0.277,1.12
2026-09-30,NAUKRI,,,0.47402,0.114,0.507,50.76052,2.1437993,0.64,1.18
2026-09-30,NAVA,Industrials,,0.17541,0.016,-0.1,20.463627,1.7568444,20.684,1.55
2026-09-30,NAVINFLUOR,Basic Materials,,0.21733,0.441,1.009,54.153767,10.598944,32.091,0.18
2026-09-30,NBCC,Industrials,,0.05691,-0.059,0.163,29.80451,7.126292,0.008,1.35
2026-09-30,NCC,Industrials,,0.03261,0.122,0.127,11.4533205,1.0180161,57.389,1.69
2026-09-30,NESTLEIND,Consumer Defensive,,0.15623,0.252,0.481,67.59615,49.945778,8.621,0.89
2026-09-30,NETWEB,Technology,,0.096470006,1.721,1.784,100.281876,36.314953,39.019,0.07
2026-09-30,NEULANDLAB,Healthcare,,0.20987,1.192,9.628,56.286068,14.619923,16.072,0.16
2026-09-30,NH,Healthcare,,0.08996,0.78,0.054,43.884624,7.934199,129.033,0.25
2026-09-30,NHPC,,,0.31094998,0.185,0.028,27.838827,1.8469466,113.111,2.11
2026-09-30,NIACL,,,0.0148599995,0.015,,37.897,0.75512683,,0.83
2026-09-30,NLCINDIA,,,0.17458001,0.233,-0.423,11.045435,1.6912303,110.358,1.46
2026-09-30,NMDC,,,0.23216999,0.008,0.004,9.422171,2.0585356,18.802,2.47
2026-09-30,NSLNISP,Basic Materials,,0.006,0.088,1.111,148.85715,0.9253791,35.019,
2026-09-30,NTPC,Utilities,,0.14531,0.078,0.118,9.938838,1.5517274,128.345,3.85
2026-09-30,NTPCGREEN,,,0.18476,0.627,0.385,150.75807,4.2225337,165.281,
2026-09-30,NUVAMA,Financial Services,,0.28107,0.225,0.156,28.40495,7.29789,282.325,1.71
2026-09-30,NUVOCO,Basic Materials,,0.03329,0.089,0.198,31.463299,1.1524414,48.061,
2026-09-30,NYKAA,,,0.02405,0.291,2.5,374.94385,66.44763,82.829,
2026-09-30,OBEROIRLTY,,,0.41592997,0.317,0.289,25.66989,3.7706106,15.765,0.44
2026-09-30,OFSS,,0.49897,0.38154,0.687,1.202,27.499043,13.53726,0.567,6.09
2026-09-30,OIL,,,0.21685,0.577,0.914,9.253164,1.332378,58.741,2.71
2026-09-30,OLAELEC,Consumer Cyclical,,-0.92606,-0.45,,,4.9504824,82.453,
2026-09-30,OLECTRA,Industrials,,0.06984,0.657,-0.003,52.600643,7.605125,30.841,0.05
2026-09-30,ONESOURCE,Healthcare,,-0.0315,0.372,,,3.1058338,25.791,
2026-09-30,ONGC,Energy,,0.06181,0.257,0.214,6.8076463,0.7772927,42.548,6.3
2026-09-30,PAGEIND,,,0.14126,0.079,-0.04,55.53591,27.981209,18.422,2.13
2026-09-30,PARADEEP,Basic Materials,,0.04575,0.631,0.208,14.791102,2.339033,101.822,0.96
2026-09-30,PATANJALI,,,0.046090003,0.274,0.861,22.31768,3.353117,21.295,1.0
2026-09-30,PAYTM,,,0.07249,0.277,0.799,169.26187,6.696777,1.073,
2026-09-30,PCBL,Basic Materials,,0.030269999,0.17,0.589,51.2093,3.2438962,124.132,1.35
2026-09-30,PERSISTENT,,0.25203,0.12236,0.291,0.121,43.878136,9.982514,6.94,0.68
2026-09-30,PETRONET,,,0.113199994,-0.532,0.351,10.210264,1.9280726,10.507,3.49
2026-09-30,PFC,Financial Services,,0.54484004,0.008,0.021,4.128452,0.75246125,536.837,4.73
2026-09-30,PFOCUS,Communication Services,,0.02349,0.238,,228.63309,11.822037,224.567,
2026-09-30,PGEL,Technology,,0.03537,0.353,0.137,71.0,4.6583557,19.567,0.05
2026-09-30,PHOENIXLTD,,,0.28164,0.128,0.233,55.13935,6.437862,37.211,0.13
2026-09-30,PIDILITIND,Basic Materials,,0.17202,0.213,0.296,57.6965,13.932032,3.776,0.77
2026-09-30,PIIND,,,0.17879999,-0.104,-0.389,31.237797,3.2420163,3.048,0.63
2026-09-30,PINELABS,Technology,,0.044949997,0.196,2.644,159.37383,3.3020291,7.474,
2026-09-30,PIRAMALFIN,Financial Services,0.06038,0.32198003,0.021,0.671,27.879845,1.6350586,286.781,0.51
2026-09-30,PNB,Financial Services,0.14965999,0.38147,-0.064,1.75,6.09375,0.83128756,,2.66
2026-09-30,PNBHOUSING,Financial Services,,0.61353,0.058,0.043,12.368925,1.4871794,287.733,0.74
2026-09-30,POLICYBZR,,,0.102019995,0.401,0.923,71.886566,7.3697186,4.922,
2026-09-30,POLYCAB,,0.25549,0.09184,0.39,0.325,44.666668,10.467004,1.738,0.56
2026-09-30,POLYMED,Healthcare,,0.15774,0.303,-0.075,55.264767,5.3129835,11.227,0.21
2026-09-30,POONAWALLA,Financial Services,,0.22666,1.003,3.37,48.01846,3.4530816,468.058,
2026-09-30,POWERGRID,Utilities,,0.33797002,0.027,-0.008,13.254408,2.4349613,150.813,3.91
2026-09-30,POWERINDIA,,,0.12555,0.686,1.235,120.28603,26.725534,1.663,0.03
2026-09-30,PPLPHARMA,Healthcare,,-0.03407,0.174,,,3.3713255,69.977,0.08
2026-09-30,PREMIERENE,,,0.19667,0.353,0.53,24.051516,9.374903,86.005,0.17
2026-09-30,PRESTIGE,,0.07752,0.08725,0.159,-0.193,55.977276,3.9116142,105.493,0.14
2026-09-30,PRIVISCL,Basic Materials,,0.13096,0.192,0.36,41.406143,9.919216,74.399,0.28
2026-09-30,PTCIL,Industrials,,0.18008,0.974,4.657,270.57193,22.308329,17.341,
2026-09-30,PVRINOX,Communication Services,,0.0652,0.104,,41.65028,1.5805104,91.874,
2026-09-30,PWL,Consumer Defensive,,0.00497,0.239,,1783.7142,7.955907,23.018,
2026-09-30,RADICO,,,0.11297,0.118,0.76,86.868095,18.402786,15.033,0.2
2026-09-30,RAILTEL,Communication Services,0.16254,0.08096,0.276,0.252,24.438677,3.6760843,2.817,1.27
2026-09-30,RAINBOW,Healthcare,,0.1568,0.332,0.133,48.090164,8.3437,53.558,0.25
2026-09-30,RAMCOCEM,Basic Materials,,0.06988,0.096,-0.633,31.086637,2.4722571,47.897,0.29
2026-09-30,RBLBANK,Financial Services,,0.11102,-0.062,-0.117,33.34571,1.4915485,,0.25
2026-09-30,RECLTD,Financial Services,,0.6889,0.252,-0.061,5.043301,0.92871416,607.463,2.04
2026-09-30,REDINGTON,Technology,,0.013259999,0.346,0.767,18.56815,3.1130261,27.26,1.48
2026-09-30,RELIANCE,Energy,,0.066149995,0.297,-0.224,22.044907,1.7783234,36.653,0.5
2026-09-30,RHIM,Industrials,,-0.0868,0.056,1.216,,2.2775912,12.595,0.65
2026-09-30,RITES,Industrials,,0.16983,0.087,0.084,22.412865,3.440395,0.236,5.61
2026-09-30,RKFORGE,Industrials,,0.02408,0.198,2.892,121.96062,3.918672,74.422,0.28
2026-09-30,RPOWER,Utilities,,-0.041199997,0.038,0.472,,0.5079676,92.348,
2026-09-30,RRKABEL,Industrials,,0.0561,0.539,1.285,47.226784,11.125609,13.092,0.45
2026-09-30,RUBICON,Healthcare,,0.14889,0.516,0.821,93.17607,20.743721,24.131,0.09
2026-09-30,RVNL,,,0.0432,0.106,0.169,47.916664,4.3942513,49.078,1.67
2026-09-30,SAGILITY,Healthcare,,0.13036,0.276,0.438,20.113209,2.031637,11.497,0.46
2026-09-30,SAIL,,,0.03844,0.013,1.211,17.857143,1.2671145,52.899,1.28
2026-09-30,SAILIFE,Healthcare,,0.16075,0.117,0.208,91.635185,13.214438,11.614,
2026-09-30,SAMMAANCAP,Financial Services,,0.0,-0.245,-0.5,,0.5858931,273.033,
2026-09-30,SANSERA,Consumer Cyclical,,0.09284,0.333,0.383,87.68116,9.145788,19.023,0.09
2026-09-30,SARDAEN,Basic Materials,,0.19941,-0.015,0.054,15.346838,2.3925161,35.204,0.4
2026-09-30,SBICARD,,,0.18199,0.234,0.195,25.530493,3.7002509,280.206,0.4
2026-09-30,SBILIFE,Financial Services,0.13703,0.021389998,0.188,0.218,67.0416,8.672773,,0.16
2026-09-30,SBIN,Financial Services,0.15177,0.22376,0.103,0.099,10.547601,1.4322203,,1.8
2026-09-30,SCHAEFFLER,,0.21645,0.119320005,0.173,0.13,50.046204,10.211091,0.783,0.87
2026-09-30,SCHNEIDER,Industrials,,0.06292,0.048,-0.698,153.55298,36.649296,70.795,
2026-09-30,SCI,Industrials,,0.25642002,0.403,0.75,7.8339086,1.3929979,29.454,2.76
2026-09-30,SHREECEM,Basic Materials,,0.07445,0.18,-0.177,48.943047,3.3820572,8.013,0.63
2026-09-30,SHRIPISTON,Consumer Cyclical,,0.11332,0.531,0.08,36.445297,7.0660925,65.22,0.21
2026-09-30,SHRIRAMFIN,Financial Services,0.18495001,0.50009996,0.428,0.295,17.5292,2.784446,276.215,1.41
2026-09-30,SHYAMMETL,Basic Materials,,0.057350002,0.235,0.207,26.465792,2.6495304,8.133,0.42
2026-09-30,SIEMENS,Industrials,,0.19017,0.148,4.061,80.126854,9.752006,2.213,0.48
2026-09-30,SIGNATURE,Real Estate,,0.45731997,-0.362,,10.144819,5.7212214,161.04,
2026-09-30,SJVN,,,0.12771,0.52,-0.017,35.090908,1.7057475,226.528,2.41
2026-09-30,SOBHA,Real Estate,,0.04106,0.5,2.74,56.21584,2.7502458,24.62,0.49
2026-09-30,SOLARINDS,Basic Materials,,0.17543,0.703,0.927,86.52367,27.562782,23.271,0.06
2026-09-30,SONACOMS,Consumer Cyclical,,0.14212,0.524,0.443,75.07279,8.575334,7.213,0.45
2026-09-30,SRF,,,0.12715,0.318,0.756,34.827915,5.3616133,36.195,0.39
2026-09-30,STARHEALTH,Financial Services,0.07507,0.03619,14.078,1.096,47.515446,3.1235492,,
2026-09-30,STLTECH,Technology,,0.04306,0.874,17.55,198.23529,19.583324,85.626,
2026-09-30,SUMICHEM,Basic Materials,,0.17858,0.006,0.204,38.20922,6.346729,1.865,0.3
2026-09-30,SUNDARMFIN,,,0.4609,0.268,0.338,22.40334,3.3628843,409.161,0.87
2026-09-30,SUNPHARMA,Healthcare,,0.20188999,0.105,0.274,37.0074,5.311437,5.517,0.87
2026-09-30,SUNTV,Communication Services,,0.33966,0.13,0.17,14.325089,1.7296721,0.837,3.85
2026-09-30,SUPREMEIND,,,0.09115,0.042,0.387,43.617153,7.309776,1.473,1.05
2026-09-30,SUZLON,,0.39366,0.18090001,0.225,-0.083,17.816593,5.735976,2.807,
2026-09-30,SWANCORP,Industrials,,0.053590003,-0.164,,40.16312,1.1776915,24.561,0.05
2026-09-30,SWIGGY,,,-0.1505,0.373,,,3.7687657,13.929,
2026-09-30,SYNGENE,Healthcare,,0.061389998,-0.158,,66.53006,3.0335119,9.473,0.33
2026-09-30,SYRMA,Technology,,0.06737,0.683,0.86,86.51329,11.309758,13.045,0.09
2026-09-30,TARIL,Industrials,,0.10132,0.081,-0.085,31.682081,5.3131056,29.595,0.09
2026-09-30,TATACAP,Financial Services,,0.39678,0.403,0.472,26.681454,3.041963,502.931,0.17
2026-09-30,TATACHEM,Basic Materials,,-0.14319,0.144,,,0.7352808,36.081,1.71
2026-09-30,TATACOMM,,,0.0372,0.105,-0.294,50.256332,13.778535,335.854,1.05
2026-09-30,TATACONSUM,Consumer Defensive,,0.078379996,0.119,0.279,58.207146,4.36473,12.159,1.04
2026-09-30,TATAELXSI,,,0.1674,0.145,0.181,30.331207,6.5278172,5.336,2.36
2026-09-30,TATAINVEST,,,1.05248,0.041,-0.018,76.749115,1.1282198,0.007,0.52
2026-09-30,TATAPOWER,Utilities,,0.060890004,0.056,0.109,30.096884,2.8917058,168.051,0.69
2026-09-30,TATASTEEL,Basic Materials,,0.04602,0.143,0.114,21.47831,2.2989416,89.017,2.15
2026-09-30,TATATECH,Technology,,0.094,0.338,0.062,49.709934,7.093336,23.908,1.18
2026-09-30,TBOTEK,Consumer Cyclical,,0.08561,0.811,0.323,68.19179,11.573314,48.762,
2026-09-30,TCS,Technology,0.47743,0.18052,0.139,0.046,14.954337,6.754803,10.211,3.14
2026-09-30,TDPOWERSYS,Industrials,,0.12945,0.721,0.72,93.02367,22.914236,1.689,0.14
2026-09-30,TECHM,Technology,,0.086780004,0.177,0.283,26.494452,4.5698667,7.269,3.31
2026-09-30,TECHNOE,Industrials,,0.12845,0.198,-0.315,27.241426,2.8211968,1.744,0.71
2026-09-30,TEGA,Industrials,,0.00691,3.84,,569.94476,4.549323,11.693,0.1
2026-09-30,TEJASNET,Technology,,-0.70371,0.991,,,2.9670396,142.52,0.42
2026-09-30,TENNIND,Consumer Cyclical,,0.10609,0.201,-0.459,34.31023,17.173605,4.289,
2026-09-30,THANGAMAYL,Consumer Cyclical,,0.040700004,0.712,0.861,40.19055,11.11138,64.492,0.35
2026-09-30,THERMAX,,,0.05474,0.071,-0.834,66.58682,6.9984956,42.166,0.41
2026-09-30,TIINDIA,,,0.02626,0.168,-0.153,80.3552,6.270226,5.363,0.14
2026-09-30,TIMKEN,Industrials,,0.118389994,0.166,0.148,54.204407,7.938732,0.5,0.08
2026-09-30,TITAGARH,Industrials,,0.06072,0.126,0.67,56.383713,4.521857,25.363,0.12
2026-09-30,TITAN,Consumer Cyclical,,0.062319998,0.293,0.628,71.76471,26.555025,195.001,0.31
2026-09-30,TMCV,Consumer Cyclical,,0.04809,0.193,0.834,38.55864,12.454816,44.095,0.92
2026-09-30,TMPV,Consumer Cyclical,,0.22814,-0.082,-0.803,,0.91822857,70.364,1.06
2026-09-30,TORNTPHARM,Healthcare,,0.13874,0.548,-0.082,79.23348,19.935284,85.446,0.78
2026-09-30,TORNTPOWER,,,0.079629995,0.028,-0.127,27.179375,3.3142166,70.885,1.61
2026-09-30,TRENT,Consumer Cyclical,,0.08637,0.178,0.207,78.659676,20.027025,36.034,0.15
2026-09-30,TRIDENT,Consumer Cyclical,,0.05829,0.047,0.148,29.09091,2.393674,38.323,4.36
2026-09-30,TRITURBINE,Industrials,,0.14930001,0.192,-0.212,51.161472,11.894361,2.476,0.73
2026-09-30,TTML,Communication Services,,0.03187,0.061,,176.1,-0.3445476,,
2026-09-30,TVSMOTOR,Consumer Cyclical,,0.05691,0.343,0.671,56.953278,20.465338,306.09,0.29
2026-09-30,UBL,,,0.0419,0.071,-0.095,83.475655,7.3151484,29.076,0.79
2026-09-30,UCOBANK,Financial Services,0.08541001,0.21541001,0.53,0.083,10.463636,0.8538259,,1.89
2026-09-30,ULTRACEMCO,Basic Materials,,0.092930004,0.159,0.168,37.389236,4.162601,29.432,2.18
2026-09-30,UNIONBANK,Financial Services,0.15798001,0.40460998,0.164,0.274,6.338757,0.93779063,,2.91
2026-09-30,UNITDSPR,Consumer Defensive,,0.14917,-0.102,0.112,58.03196,10.944651,4.611,1.2
2026-09-30,UNOMINDA,,,0.05801,0.238,0.012,58.585857,11.259117,37.74,0.22
2026-09-30,UPL,,,0.03825,0.105,,22.552275,1.3382951,57.128,1.09
2026-09-30,URBANCO,Technology,,-0.19415002,0.436,,,11.7366905,6.335,
2026-09-30,USHAMART,Basic Materials,,0.13215,0.164,0.408,28.39531,4.5757933,6.922,0.74
2026-09-30,UTIAMC,Financial Services,,0.26583,0.067,0.24,24.66892,2.4978602,3.129,4.47
2026-09-30,VAML,Basic Materials,,0.56257,0.46,2.163,41.87627,,,3.68
2026-09-30,VBL,Consumer Defensive,0.16853,0.14035,0.204,0.157,43.145,6.7030735,15.869,0.47
2026-09-30,VEDL,Basic Materials,,0.23205,-0.373,0.722,11.657634,2.0297902,48.044,13.13
2026-09-30,VEDPOWER,Utilities,0.00875,0.0060900003,0.31,,,2.88146,,
2026-09-30,VIJAYA,Healthcare,,0.21874,0.228,0.373,81.233475,15.851968,44.15,0.13
2026-09-30,VISL,Basic Materials,,0.64225,0.123,,,-4.3589745,,
2026-09-30,VMM,,,0.0661,0.187,0.25,54.473686,6.512301,26.817,
2026-09-30,VOGL,Basic Materials,,4.20828,0.089,,,-0.1631541,,
2026-09-30,VOLTAS,,,0.02999,0.187,0.52,82.341675,5.802742,15.51,0.36
2026-09-30,VTL,Consumer Cyclical,,0.08324,0.133,0.492,17.721008,1.427133,17.52,0.92
2026-09-30,WAAREEENER,,,0.12703,0.792,0.142,18.847258,4.96816,21.402,0.16
2026-09-30,WELCORP,Basic Materials,,0.13348,0.149,1.983,32.146286,8.104254,25.042,0.18
2026-09-30,WELSPUNLIV,Consumer Cyclical,,0.02795,0.237,0.837,77.637924,4.3915424,46.501,0.04
2026-09-30,WHIRLPOOL,Consumer Cyclical,,0.03013,0.121,-0.294,44.24533,2.6733074,8.621,0.55
2026-09-30,WIPRO,Technology,0.16128999,0.13919,0.106,0.009,12.532962,2.0146832,27.398,4.95
2026-09-30,WOCKPHARMA,Healthcare,,0.11196,0.259,,86.75546,7.2741394,42.284,
2026-09-30,YESBANK,,0.074650005,0.23185,0.09,0.308,18.75,1.3526511,,
2026-09-30,ZEEL,Communication Services,,0.025139999,0.045,-0.473,34.976192,0.59370804,2.26,2.61
2026-09-30,ZENSARTECH,Technology,,0.13362001,0.089,0.009,12.685021,2.0656774,1.68,3.43
2026-09-30,ZENTEC,Industrials,,0.26845,-0.105,-0.279,80.66434,8.080924,0.95,0.06
2026-09-30,ZFCVINDIA,Consumer Cyclical,,0.118599996,0.093,-0.146,2.5599947,7.095545,1.485,0.17
2026-09-30,ZYDUSLIFE,Healthcare,,0.15784,0.22,-0.359,27.094397,4.506113,42.304,0.08
2026-09-30,ZYDUSWELL,Consumer Defensive,,0.041479997,0.669,-0.07,85.16863,2.7581027,54.974,0.23
2026-10-01,360ONE,Financial Services,,0.26455998,0.299,0.128,34.597473,4.2880764,161.977,1.73
2026-10-01,AADHARHFC,Financial Services,,0.48151,0.196,0.184,16.797905,2.5021088,255.574,
2026-10-01,AARTIIND,Basic Materials,,0.05901,0.425,2.58,32.033493,2.8447685,83.392,0.21
2026-10-01,AAVAS,Financial Services,,0.42543998,0.169,0.233,14.327147,1.936368,310.553,
2026-10-01,ABB,Industrials,0.19131,0.21349001,0.121,0.03,91.492775,15.526011,1.547,0.56
2026-10-01,ABBOTINDIA,Healthcare,,0.23052,0.043,0.171,35.290405,11.95059,3.602,1.96
2026-10-01,ABCAPITAL,Financial Services,,0.119449995,0.314,0.391,24.27508,2.8541312,495.936,
2026-10-01,ABDL,Consumer Defensive,,0.05554,0.061,-0.129,90.7878,12.020121,68.251,0.75
2026-10-01,ABREL,Real Estate,,-0.25416002,0.297,,,3.4560163,152.371,0.21
2026-10-01,ABSLAMC,Financial Services,,0.47594002,0.106,0.113,28.264462,6.8427367,1.577,2.58
2026-10-01,ACC,Basic Materials,,0.07563,-0.038,-0.606,11.65039,1.0791774,2.085,0.63
2026-10-01,ACE,Industrials,,0.12796,0.205,0.223,32.72653,7.117073,0.393,0.16
2026-10-01,ACMESOLAR,Utilities,,0.21146,0.468,0.715,45.698643,5.244672,393.194,0.05
2026-10-01,ACUTAAS,Basic Materials,,0.26421,0.591,0.671,70.52631,16.391233,2.081,0.08
2026-10-01,ADANIENSOL,Utilities,,0.095769994,0.424,1.241,56.61948,6.2351775,194.5,
2026-10-01,ADANIENT,Energy,,0.06546,0.499,,50.165302,4.605203,119.56,0.05
2026-10-01,ADANIGREEN,Utilities,,0.13095,0.166,0.185,125.89,10.7497225,346.548,
2026-10-01,ADANIPORTS,Industrials,,0.32431,0.186,0.024,30.177504,4.245189,64.051,0.43
2026-10-01,ADANIPOWER,Utilities,,0.24148001,0.34,0.444,27.77311,5.8889914,82.332,
2026-10-01,AEGISLOG,Energy,,0.13949001,0.371,2.69,36.574074,7.5561714,47.243,1.02
2026-10-01,AEGISVOPAK,Energy,,0.32126,0.425,0.304,106.05073,7.5586205,84.438,0.07
2026-10-01,AETHER,Basic Materials,,0.1912,0.275,0.341,96.16865,9.180493,18.646,
2026-10-01,AFCONS,Industrials,,0.01286,-0.208,-0.781,62.82051,1.6534057,66.542,0.79
2026-10-01,AFFLE,Communication Services,,0.16849001,0.204,0.203,45.31684,5.7749104,0.405,
2026-10-01,AIAENG,Industrials,,0.27836,0.124,-0.013,28.086891,4.4344306,0.128,0.42
2026-10-01,AIIL,Financial Services,,0.82054,0.141,0.175,28.146215,3.107936,24.59,0.04
2026-10-01,AJANTPHARM,Healthcare,,0.19648,0.248,0.308,39.423923,9.8963995,5.874,1.79
2026-10-01,ALKEM,Healthcare,,0.14306,0.109,-0.217,28.902054,4.5160985,14.267,0.38
2026-10-01,AMBER,Consumer Cyclical,,0.0076099997,0.127,-0.793,251.66351,5.35831,46.566,
2026-10-01,AMBUJACEM,Basic Materials,,0.11128,-0.077,-0.275,21.217691,1.5385576,1.205,0.53
2026-10-01,ANANDRATHI,Financial Services,,0.33193,0.521,0.71,76.0217,34.966312,8.25,0.33
2026-10-01,ANANTRAJ,Real Estate,,0.22770001,0.066,0.134,37.417446,3.733556,11.703,0.16
2026-10-01,ANGELONE,Financial Services,,0.20698,0.23,1.0,24.86462,4.1018386,129.314,1.81
2026-10-01,ANTHEM,Healthcare,,0.28691998,-0.226,-0.128,85.0,15.849718,1.772,0.23
2026-10-01,ANURAS,Basic Materials,,0.06894,0.348,-0.094,76.59298,4.0188317,41.317,0.13
2026-10-01,APARINDS,Industrials,,0.04844,0.291,0.774,60.349537,13.168097,17.716,0.34
2026-10-01,APLAPOLLO,Basic Materials,,0.052259997,0.085,0.11,47.769245,11.092876,9.396,0.4
2026-10-01,APOLLOHOSP,Healthcare,,0.07906,0.206,0.341,60.059357,13.198327,85.146,0.23
2026-10-01,APOLLOTYRE,Consumer Cyclical,,0.05829,0.128,26.6,14.985164,1.5289304,21.987,2.72
2026-10-01,APTUS,Financial Services,,0.61761004,0.168,0.19,11.895219,2.314277,156.2,2.11
2026-10-01,ARE&M,Industrials,,0.06303,0.239,0.159,15.512274,1.72789,5.015,1.37
2026-10-01,ASAHIINDIA,Consumer Cyclical,,0.08457,0.15,1.532,54.66053,6.1552815,55.868,0.21
2026-10-01,ASHOKLEY,Industrials,,0.06021,0.116,0.01,25.46193,6.206384,344.737,2.33
2026-10-01,ASIANPAINT,Basic Materials,,0.12813,0.179,0.399,49.193974,10.847504,17.847,1.14
2026-10-01,ASTERDM,Healthcare,,0.065359995,0.216,-0.814,119.95122,8.3079,45.921,0.54
2026-10-01,ASTRAL,Industrials,,0.084809996,0.159,0.48,62.891903,8.897834,6.168,0.3
2026-10-01,ATGL,Utilities,,0.100839995,0.272,-0.14,101.03986,13.180204,58.65,0.04
2026-10-01,ATHERENERG,Consumer Cyclical,,-0.0919,0.888,,,21.190577,25.819,
2026-10-01,ATUL,Basic Materials,,0.119729996,0.25,0.92,22.031168,2.8161955,2.907,0.5
2026-10-01,AUBANK,Financial Services,,0.25577998,0.298,0.351,26.18037,3.6933649,,0.1
2026-10-01,AUROPHARMA,Healthcare,,0.10627,0.163,0.258,26.183636,2.5702379,21.31,0.24
2026-10-01,AVANTIFEED,Consumer Defensive,,0.083500005,0.183,-0.421,18.466684,2.9761262,0.357,1.34
2026-10-01,AWL,Consumer Defensive,,0.01487,0.175,0.473,19.676373,2.1766224,10.621,0.57
2026-10-01,AXISBANK,Financial Services,0.13352999,0.36031,0.14,0.218,13.522331,1.6751516,,0.08
2026-10-01,AZAD,Industrials,,0.21756001,0.259,0.213,137.37599,12.521286,31.025,
2026-10-01,BAGMANE,,,,,,,,,
2026-10-01,BAJAJ-AUTO,Consumer Cyclical,,0.16251,0.64,0.458,25.786,7.815896,56.352,1.36
2026-10-01,BAJAJFINSV,Financial Services,,0.06471,0.193,0.127,27.71433,3.5951428,256.404,0.07
2026-10-01,BAJAJHFL,Financial Services,0.12679,0.63176996,0.196,0.229,25.749226,3.0754724,460.74,
2026-10-01,BAJAJHLDNG,Financial Services,0.11598,7.34641,0.242,-0.224,13.547665,1.6393412,0.012,1.2
2026-10-01,BAJFINANCE,Financial Services,,0.43495,0.261,0.272,28.753708,5.2852335,314.833,0.55
2026-10-01,BALKRISIND,Consumer Cyclical,,0.12203,0.252,0.564,28.538029,3.6615493,37.524,0.77
2026-10-01,BALRAMCHIN,Consumer Defensive,,0.05829,0.061,-0.154,36.94001,3.2761922,76.606,1.03
2026-10-01,BANDHANBNK,Financial Services,,0.13617,0.216,0.346,22.527811,1.1464859,,0.83
2026-10-01,BANKBARODA,Financial Services,0.113170005,0.27392,0.18,-0.486,6.77539,0.7060491,,3.74
2026-10-01,BANKINDIA,Financial Services,0.13697,0.34992,0.185,0.803,4.79378,0.6482265,,3.59
2026-10-01,BATAINDIA,Consumer Cyclical,,0.041149996,0.039,0.23,54.039474,4.9623423,86.9,5.44
2026-10-01,BBOX,Technology,,0.033970002,0.239,0.129,61.717793,11.100078,89.594,0.12
2026-10-01,BDL,Industrials,,0.18827,1.308,5.48,76.343864,9.396026,0.007,0.45
2026-10-01,BEL,Industrials,,0.21403,0.249,0.083,46.89403,11.731724,0.273,0.65
2026-10-01,BELRISE,Consumer Cyclical,,0.05175,0.126,-0.087,41.937065,4.0844545,29.1,0.22
2026-10-01,BEML,Industrials,,0.03934,0.293,,91.32896,5.54073,10.529,0.89
2026-10-01,BERGEPAINT,Basic Materials,,0.099209994,0.12,0.285,43.291866,7.6270757,9.165,0.88
2026-10-01,BHARATCOAL,Basic Materials,,-0.00863,-0.036,,,2.6432426,38.792,
2026-10-01,BHARATFORG,Industrials,,0.040260002,0.187,,126.603645,9.357314,76.475,0.45
2026-10-01,BHARTIARTL,Communication Services,0.20151,0.1314,0.184,0.351,37.26228,6.8714614,100.415,1.35
2026-10-01,BHARTIHEXA,Communication Services,,0.18999,0.109,0.232,37.723667,9.621504,85.654,1.31
2026-10-01,BHEL,Industrials,,0.06758,0.403,,60.315186,5.6066804,31.312,0.33
2026-10-01,BIOCON,Healthcare,,0.0286,0.1,2.346,107.44928,1.7640873,42.145,0.13
2026-10-01,BIRET,,,,,,35.41532,1.1266515,,
2026-10-01,BLS,Industrials,,0.22207001,0.253,0.108,12.9448395,3.646251,15.468,1.13
2026-10-01,BLUESTARCO,Industrials,,0.03979,0.133,-0.151,58.831116,8.745199,23.588,0.58
2026-10-01,BOSCHLTD,Consumer Cyclical,,0.11328,0.22,-0.367,57.944687,9.219495,0.8,0.57
2026-10-01,BPCL,Energy,,0.034679998,0.344,,7.6431656,1.2812909,54.332,6.62
2026-10-01,BRIGADE,Real Estate,,0.12562999,-0.129,0.338,28.21627,26.701096,84.316,0.34
2026-10-01,BRITANNIA,Consumer Defensive,,0.13376,0.082,0.136,44.825344,22.758791,26.875,1.84
2026-10-01,BSE,Financial Services,,0.48918,0.64,0.621,44.376457,15.687365,0.0,0.33
2026-10-01,BSOFT,Technology,,0.10601,0.074,0.508,13.322613,1.8297033,3.422,2.4
2026-10-01,CAMS,Technology,,0.31785,0.115,0.17,34.67576,12.648782,4.863,1.85
2026-10-01,CANBK,Financial Services,,0.43126,-0.129,0.622,5.6575212,0.9216731,,3.48
2026-10-01,CANFINHOME,Financial Services,,0.66733,0.225,0.196,8.606461,1.6253501,636.585,2.17
2026-10-01,CANHLIFE,Financial Services,0.08276,0.01075,0.183,0.202,109.48921,8.850314,15.304,0.27
2026-10-01,CAPLIPOINT,Healthcare,,0.29089,0.196,0.159,31.44526,5.9429817,0.127,0.28
2026-10-01,CARBORUNIV,Industrials,,0.03849,0.194,0.235,107.787766,5.85474,10.292,0.32
2026-10-01,CARTRADE,Consumer Cyclical,,0.28656,0.163,0.224,62.327534,5.588723,5.363,
2026-10-01,CASTROLIND,Energy,0.56996,0.17066,0.25,0.421,18.550468,10.3004675,2.784,6.22
2026-10-01,CCL,Consumer Defensive,,0.0938,0.138,0.61,30.893959,5.6927657,56.487,0.56
2026-10-01,CDSL,Financial Services,,0.36798,0.154,0.147,57.627037,13.544989,0.11,0.99
2026-10-01,CEATLTD,Consumer Cyclical,,0.03583,0.223,-0.962,22.08901,2.2179873,64.742,1.07
2026-10-01,CEMPRO,Industrials,,0.058920003,0.07,0.026,34.849785,8.719681,37.711,0.24
2026-10-01,CENTRALBK,Financial Services,0.115600005,0.27839002,-0.032,0.028,5.9583335,0.66445404,,4.54
2026-10-01,CESC,Utilities,,0.08243,0.054,0.038,11.705161,1.4161568,164.311,4.41
2026-10-01,CGCL,Financial Services,,0.34958,0.858,0.794,21.021276,3.305763,334.728,0.08
2026-10-01,CGPOWER,Industrials,,0.0975,0.14,0.131,109.302765,17.191607,1.446,0.15
2026-10-01,CHAMBLFERT,Basic Materials,,0.09581,-0.118,-0.046,8.561786,1.5849247,10.274,2.87
2026-10-01,CHENNPETRO,Energy,,0.054780003,0.848,,4.9994774,1.9222391,17.68,4.4
2026-10-01,CHOICEIN,Financial Services,,0.20173,0.344,0.154,69.43715,8.756136,49.768,
2026-10-01,CHOLAFIN,Financial Services,,0.40549,0.346,0.437,24.688017,4.5933027,695.283,0.12
2026-10-01,CHOLAHLDNG,Financial Services,,0.11882,0.139,0.393,9.498452,1.6406988,623.156,0.09
2026-10-01,CIEINDIA,Consumer Cyclical,0.12222,0.09035,0.106,0.159,15.871406,1.8383056,6.63,1.83
2026-10-01,CIPLA,Healthcare,,0.12009,0.035,-0.392,33.06641,3.235637,1.778,0.94
2026-10-01,CLEAN,Basic Materials,,0.23719,0.105,0.047,36.482533,5.1879606,0.135,0.77
2026-10-01,CLEANMAX,Utilities,,0.06695,1.092,,98.97092,3.350119,231.875,
2026-10-01,CMPDI,Basic Materials,,0.27375,0.176,0.538,21.906807,6.543538,0.064,0.5
2026-10-01,COALINDIA,Energy,,0.18138,0.451,0.012,8.465376,2.1947434,11.629,4.97
2026-10-01,COCHINSHIP,Industrials,,0.13479,0.024,-0.193,49.710316,5.76507,28.466,0.87
2026-10-01,COFORGE,Technology,,0.0964,0.499,0.309,35.839058,6.430415,7.518,0.88
2026-10-01,COHANCE,Healthcare,,0.04961,-0.231,-0.968,164.6558,4.453908,9.928,
2026-10-01,COLPAL,Consumer Defensive,,0.21722999,0.118,0.07,34.96574,29.7895,2.993,2.77
2026-10-01,CONCOR,Industrials,,0.13670999,0.003,0.006,27.09994,2.6010404,7.39,1.95
2026-10-01,CONCORDBIO,Healthcare,,0.24844,0.262,0.311,48.341934,7.288674,0.115,0.54
2026-10-01,COROMANDEL,Basic Materials,,0.05619,0.159,-0.245,27.8085,4.1273766,11.469,0.62
2026-10-01,CPPLUS,Industrials,,0.09774,0.895,3.037,93.87574,23.897871,9.604,0.04
2026-10-01,CRAFTSMAN,Consumer Cyclical,,0.053340003,0.363,1.133,53.78281,7.6374483,111.011,0.11
2026-10-01,CREDITACC,Financial Services,0.16364999,0.39812002,1.495,7.152,16.686813,2.4815083,302.872,
2026-10-01,CRISIL,Financial Services,0.29052,0.21434,0.276,0.262,36.666668,9.909577,10.23,0.9
2026-10-01,CROMPTON,Consumer Cyclical,,-0.02688,0.118,0.147,,4.6237,5.797,1.37
2026-10-01,CUB,Financial Services,,0.37791002,0.233,0.252,15.194346,2.0161858,,0.93
2026-10-01,CUMMINSIND,Industrials,,0.18694,0.179,0.009,57.28063,15.735489,0.431,1.36
2026-10-01,CUPID,Consumer Defensive,,0.30351,1.587,1.909,318.0102,92.83586,12.506,
2026-10-01,CYIENT,Industrials,,0.04955,0.213,-0.324,30.938417,2.051268,7.528,2.96
2026-10-01,DABUR,Consumer Defensive,,0.14551,0.106,0.153,33.655575,5.8128695,10.907,2.2
2026-10-01,DALBHARAT,Basic Materials,,0.062030002,0.07,-0.521,33.78703,1.761006,40.987,0.59
2026-10-01,DATAPATTNS,Industrials,,0.28459,0.168,-0.134,87.96033,13.587651,0.304,0.23
2026-10-01,DEEPAKFERT,Basic Materials,,0.08131,0.225,1.016,16.831068,2.3984284,75.969,0.74
2026-10-01,DEEPAKNTR,Basic Materials,,0.091359995,0.364,2.074,26.346388,3.536928,27.903,0.48
2026-10-01,DELHIVERY,Industrials,,0.00839,0.278,-0.65,338.49594,3.207899,15.098,
2026-10-01,DEVYANI,Consumer Cyclical,,-0.0047400002,0.165,3.0,,10.47581,203.327,
2026-10-01,DIVISLAB,Healthcare,,0.26046,0.278,0.657,85.70331,15.015664,0.042,0.31
2026-10-01,DIXON,Technology,,0.03639,0.211,1.546,41.322315,14.146872,18.457,0.08
2026-10-01,DLF,Real Estate,0.10102,0.65791,-0.529,0.042,37.474945,3.6636946,0.673,1.21
2026-10-01,DMART,Consumer Defensive,,0.042919997,0.149,0.114,81.2313,10.107834,9.913,
2026-10-01,DOMS,Industrials,,0.08929,0.192,-0.225,57.551937,10.198447,10.849,0.18
2026-10-01,DRREDDY,Healthcare,0.088369995,0.09996,-0.056,-0.687,31.338364,2.706243,18.605,0.66
2026-10-01,DUMMYHEG,,,,,,,,,
2026-10-01,ECLERX,Technology,,0.16814,0.233,0.188,23.87987,6.3752093,15.012,0.06
2026-10-01,EICHERMOT,Consumer Cyclical,,0.23211999,0.315,0.213,34.923176,7.874188,2.048,1.14
2026-10-01,EIDPARRY,Basic Materials,,0.01197,0.034,-0.424,26.834738,1.4159122,23.647,
2026-10-01,EIHOTEL,Consumer Cyclical,,0.23142,0.145,2.463,26.405975,3.5711312,4.666,0.51
2026-10-01,ELECON,Industrials,,0.09852,0.061,-0.598,45.595238,4.6590953,11.824,0.42
2026-10-01,ELGIEQUIP,Industrials,,0.10803001,0.226,0.211,42.046577,8.415254,23.885,0.45
2026-10-01,EMAMILTD,Consumer Defensive,,0.19117,0.149,-0.162,22.248108,5.702599,5.541,3.09
2026-10-01,EMBASSY,,,,,,92.944725,1.6873988,,
2026-10-01,EMCURE,Healthcare,,0.104449995,0.228,0.419,36.934875,7.4711633,30.567,0.19
2026-10-01,EMMVEE,Technology,,0.22844,0.513,0.737,17.069527,5.885603,9.745,0.32
2026-10-01,ENDURANCE,Consumer Cyclical,,0.0622,0.3,0.08,37.66173,5.3387947,19.393,0.44
2026-10-01,ENGINERSIN,Industrials,,0.20222001,-0.058,1.422,22.17921,5.54232,0.534,1.59
2026-10-01,ENRIN,Utilities,,0.15769,0.393,0.678,76.78486,23.720182,4.483,0.13
2026-10-01,ESCORTS,Industrials,,0.11291,0.283,-0.724,21.292685,2.418792,1.309,1.24
2026-10-01,ETERNAL,Consumer Cyclical,,0.00642,1.82,2.333,714.7826,9.719472,14.826,
2026-10-01,EXIDEIND,Consumer Cyclical,,0.04948,0.177,0.283,37.31996,2.502659,11.308,0.49
2026-10-01,FACT,Basic Materials,,-0.01783,0.202,,,35.10484,295.147,0.05
2026-10-01,FEDERALBNK,Financial Services,,0.30721,0.214,0.327,17.034262,1.9588168,,0.38
2026-10-01,FINCABLES,Industrials,,0.11532,0.443,0.532,27.342257,3.594708,0.314,0.64
2026-10-01,FIRSTCRY,Consumer Cyclical,,-0.01422,0.131,,,1.8412056,29.762,
2026-10-01,FIVESTAR,Financial Services,,0.47797,0.08,0.018,13.153743,1.9675955,111.929,0.39
2026-10-01,FLUOROCHEM,Basic Materials,,0.11635,0.24,0.204,77.720055,6.248143,28.94,0.07
2026-10-01,FORCEMOT,Consumer Cyclical,,0.13607,0.062,0.228,18.171497,5.424577,,0.29
2026-10-01,FORTIS,Healthcare,,0.11023,0.175,0.023,56.515476,5.988983,34.15,0.13
2026-10-01,FRACTAL,Technology,,0.095290005,0.2,0.771,38.693153,3.8723922,13.131,
2026-10-01,FSL,Technology,,0.06668,0.229,-0.017,26.44681,3.9142826,67.135,2.15
2026-10-01,GABRIEL,Consumer Cyclical,,0.052360002,0.298,0.406,73.3484,13.6535635,10.642,0.37
2026-10-01,GAIL,Utilities,,0.06698,0.167,0.972,11.4366665,1.265594,27.809,3.19
2026-10-01,GALLANTT,Basic Materials,,0.097849995,0.016,-0.288,30.22304,3.8949368,16.515,0.37
2026-10-01,GESHIP,Industrials,,0.60307,0.669,1.594,5.891316,1.2984345,6.409,3.76
2026-10-01,GICRE,Financial Services,0.091079995,0.16819,-0.008,-0.311,6.4034395,0.57546407,,4.09
2026-10-01,GILLETTE,Consumer Defensive,,0.21035999,0.108,0.094,34.654453,23.962568,0.002,2.6
2026-10-01,GLAND,Healthcare,,0.16784,0.196,0.469,43.428154,4.735296,2.738,0.69
2026-10-01,GLAXO,Healthcare,,0.27008,0.166,0.157,43.68471,20.620867,1.467,2.06
2026-10-01,GLENMARK,Healthcare,,0.10137,0.231,9.307,36.627907,6.258138,5.646,0.32
2026-10-01,GMDCLTD,Energy,,0.33823,0.238,-0.002,17.057552,2.3067026,4.475,1.82
2026-10-01,GMRAIRPORT,Industrials,,0.030720001,0.237,,232.90001,-39.175777,,
2026-10-01,GODFRYPHLP,Consumer Defensive,,0.22389999,-0.189,-0.443,21.096031,4.6440682,3.757,2.7
2026-10-01,GODREJCP,Consumer Defensive,,0.12086,0.154,0.115,45.78442,6.941242,34.899,2.3
2026-10-01,GODREJIND,Industrials,,0.04761,-0.047,-0.186,29.305996,3.0795057,222.411,
2026-10-01,GODREJPROP,Real Estate,,0.30754998,0.165,-0.417,30.058392,2.5092852,82.119,0.63
2026-10-01,GPIL,Basic Materials,,0.13887,0.323,-0.006,17.55777,2.3302667,7.582,0.44
2026-10-01,GRANULES,Healthcare,,0.1176,0.22,0.534,32.08318,4.2103624,29.735,0.21
2026-10-01,GRAPHITE,Industrials,,0.07044,0.266,0.284,73.19597,2.6653461,6.295,0.88
2026-10-01,GRASIM,Basic Materials,,0.03093,0.214,0.513,37.320457,2.0268285,135.044,0.32
2026-10-01,GRAVITA,Industrials,,0.083380006,0.418,0.14,26.845623,4.291454,29.934,0.64
2026-10-01,GROWW,Financial Services,,0.45354,0.652,0.857,45.76142,11.548808,3.028,
2026-10-01,GRSE,Industrials,,0.10665,0.385,0.439,32.59692,9.608489,1.424,0.87
2026-10-01,GVT&D,Industrials,,0.19442,0.38,0.247,83.33073,40.47506,0.892,0.24
2026-10-01,HAL,Industrials,,0.27591,0.144,0.149,34.101166,7.635136,0.16,0.42
2026-10-01,HAVELLS,Industrials,,0.06923,0.195,-0.166,39.98462,6.8991594,2.801,1.15
2026-10-01,HBLENGINE,Industrials,,0.23381001,0.06,-0.235,28.652481,10.027178,3.021,0.51
2026-10-01,HCLTECH,Technology,0.24067,0.12966,0.03,0.084,19.110144,4.503277,7.058,4.79
2026-10-01,HDBFS,Financial Services,,0.29786,0.21,0.326,18.539175,2.4910996,484.313,0.65
2026-10-01,HDFCAMC,Financial Services,,0.61625,0.134,0.118,32.927437,10.468705,2.364,2.35
2026-10-01,HDFCBANK,Financial Services,0.13838,0.26787,0.166,0.181,15.997316,1.8165983,,1.81
2026-10-01,HDFCLIFE,Financial Services,0.10828,0.019,0.143,0.119,57.17415,5.812788,15.885,0.4
2026-10-01,HEGAM,Industrials,,0.13612,0.104,0.168,12.938931,,16.73,1.42
2026-10-01,HEROMOTOCO,Consumer Cyclical,,0.10724,0.349,-0.172,18.979763,4.784853,3.57,3.58
2026-10-01,HEXT,Technology,0.21473,0.09318,0.179,-0.125,22.522936,4.4610004,10.18,2.91
2026-10-01,HFCL,Technology,,0.09554,1.199,,57.656002,6.521582,38.321,0.1
2026-10-01,HINDALCO,Basic Materials,,0.05549,0.321,0.751,13.248231,1.5518037,72.598,0.52
2026-10-01,HINDCOPPER,Basic Materials,,0.32494,0.814,1.619,41.59071,13.743122,3.319,0.9
2026-10-01,HINDPETRO,Energy,,0.00356,0.269,,43.893127,1.1199808,85.369,7.03
2026-10-01,HINDUNILVR,Consumer Defensive,,0.22644,0.05,0.084,42.482384,9.009044,3.016,2.32
2026-10-01,HINDZINC,Basic Materials,,0.38068,0.717,1.446,14.525565,10.661737,39.034,3.66
2026-10-01,HOMEFIRST,Financial Services,,0.51428,0.297,0.323,19.815418,2.6222458,243.944,0.48
2026-10-01,HONASA,Consumer Defensive,,0.09749,0.27,1.19,57.798164,10.146794,9.586,0.64
2026-10-01,HONAUT,Industrials,,0.117180005,0.018,0.209,53.651173,6.6172237,2.476,0.33
2026-10-01,HSCL,Basic Materials,,0.16066,0.28,0.247,42.379288,7.1505904,16.169,0.12
2026-10-01,HUDCO,Financial Services,,0.90679,0.098,0.349,7.60452,1.4709713,645.775,3.71
2026-10-01,HYUNDAI,Consumer Cyclical,,0.07004,-0.005,-0.351,34.676598,8.315873,5.484,1.02
2026-10-01,ICICIAMC,Financial Services,,0.55504,0.181,0.231,43.80871,36.472652,4.066,0.8
2026-10-01,ICICIBANK,Financial Services,0.16073999,0.27531,0.114,0.138,16.767939,2.4454303,,0.92
2026-10-01,ICICIGI,Financial Services,0.1463,0.08764,0.109,-0.462,32.36025,4.5773897,,0.9
2026-10-01,ICICIPRULI,Financial Services,0.12571,0.02555,0.125,0.285,38.45923,4.5250263,18.052,0.37
2026-10-01,IDBI,Financial Services,0.13874,0.48589,0.081,0.053,9.602076,1.2671233,,2.43
2026-10-01,IDEA,Communication Services,,0.82278,0.061,,3.6217766,-3.8303032,,
2026-10-01,IDFCFIRSTB,Financial Services,0.052649997,0.09093001,0.298,1.164,31.03861,1.4223787,,0.31
2026-10-01,IEX,Financial Services,,0.66222,0.101,0.118,18.923624,6.987604,0.818,3.59
2026-10-01,IFCI,Financial Services,,0.12699,-0.063,-0.2,112.61904,2.097313,22.723,
2026-10-01,IGIL,Basic Materials,,0.44739,0.232,0.32,27.472528,9.438894,9.594,1.54
2026-10-01,IGL,Utilities,,0.080819994,0.172,-0.438,15.451261,1.7153664,0.848,2.09
2026-10-01,IIFL,Financial Services,,0.24174,0.318,1.895,12.304011,1.8461374,447.421,0.67
2026-10-01,IKS,Healthcare,,0.22817,0.207,0.279,40.728733,10.586099,26.873,
2026-10-01,INDHOTEL,Consumer Cyclical,,0.20868999,0.151,0.207,48.573368,7.797505,18.987,0.46
2026-10-01,INDIACEM,Basic Materials,,0.020650001,-0.005,,100.700005,0.92470723,12.888,
2026-10-01,INDIAMART,Consumer Cyclical,0.23146,0.30618998,0.114,0.119,19.57936,4.3379903,0.974,1.83
2026-10-01,INDIANB,Financial Services,0.16171,0.36413,0.103,0.475,8.354224,1.2732917,,2.3
2026-10-01,INDIGO,Industrials,,-0.053969998,0.199,,,26.94903,1112.706,0.19
2026-10-01,INDUSINDBK,Financial Services,,0.076469995,0.01,0.717,52.22909,1.0505311,,0.17
2026-10-01,INDUSTOWER,Communication Services,0.18912001,0.21776,0.046,0.006,13.756855,2.3977032,51.79,3.72
2026-10-01,INFY,Technology,0.32,0.16370001,0.029,0.053,12.70611,4.3355293,9.541,4.98
2026-10-01,INOXINDIA,Industrials,,0.15748,0.092,-0.049,73.199,16.668833,7.251,0.1
2026-10-01,INOXWIND,Industrials,,0.078260005,-0.015,-0.383,36.85279,1.7016687,20.631,
2026-10-01,INTELLECT,Technology,,0.11095,0.204,0.081,24.625303,2.6748242,4.961,0.63
2026-10-01,IOB,Financial Services,0.16525999,0.36560002,0.481,0.459,10.33557,1.5250545,,
2026-10-01,IOC,Energy,,0.0392,0.385,,5.4541736,0.83614564,58.446,6.19
2026-10-01,IPCALAB,Healthcare,,0.12935,0.208,0.724,37.62817,6.119374,8.492,0.31
2026-10-01,IRB,Industrials,,0.15478,-0.089,0.471,22.276316,0.95768756,95.6,1.17
2026-10-01,IRCON,Industrials,,0.05667,0.095,-0.434,15.543379,1.4447604,85.833,1.84
2026-10-01,IRCTC,Consumer Cyclical,,0.25677,0.181,0.0,26.03211,8.42973,1.874,1.98
2026-10-01,IREDA,Financial Services,,0.69254994,0.237,0.33,15.789474,2.2619824,565.671,1.35
2026-10-01,IRFC,Financial Services,,0.97271,0.103,0.097,14.424074,1.792099,773.347,3.69
2026-10-01,ITC,Consumer Defensive,,0.25937998,-0.111,-0.16,16.952623,4.5758524,3.293,6.03
2026-10-01,ITCHOTELS,Consumer Cyclical,,0.20283002,0.148,0.359,39.100986,2.836493,0.634,0.63
2026-10-01,ITI,Technology,,0.15359001,-0.147,,71.8546,12.22671,40.144,
2026-10-01,J&KBANK,Financial Services,0.14609,0.34216,-0.043,-0.116,6.6068864,0.92200184,,1.43
2026-10-01,JAINREC,Basic Materials,,0.03126,0.759,0.141,27.185116,6.438418,81.887,
2026-10-01,JBMA,Consumer Cyclical,,0.03571,0.15,0.141,61.11535,11.633664,190.282,0.15
2026-10-01,JINDALSAW,Basic Materials,,0.03578,0.09,-0.754,26.952055,1.3958923,38.19,0.72
2026-10-01,JINDALSTEL,Basic Materials,,0.04818,0.259,-0.437,42.75591,2.2790413,43.613,0.18
2026-10-01,JIOFIN,Financial Services,,0.55006003,2.082,1.702,69.87859,1.0344502,16.286,0.27
2026-10-01,JKCEMENT,Basic Materials,,0.06559,0.28,-0.145,40.511814,5.440535,87.522,0.4
2026-10-01,JKTYRE,Consumer Cyclical,,0.04003,0.02,-0.743,14.902222,1.5948895,80.551,1.18
2026-10-01,JMFINANCIL,Financial Services,,0.30868,-0.103,-0.357,11.563937,1.1280017,102.435,1.4
2026-10-01,JPPOWER,Utilities,,0.111420006,0.122,0.677,21.77143,1.1700577,26.634,
2026-10-01,JSL,Basic Materials,,0.07379,0.105,0.076,18.60737,13.403628,37.523,0.55
2026-10-01,JSWCEMENT,Basic Materials,,0.10869,0.199,,19.980497,2.3074245,68.39,0.44
2026-10-01,JSWENERGY,Utilities,,0.10373,0.012,-0.395,38.768986,2.7697825,229.16,0.41
2026-10-01,JSWINFRA,Industrials,,0.26578,0.181,-0.103,50.211864,6.8147836,59.002,0.25
2026-10-01,JSWSTEEL,Basic Materials,,0.13065,0.098,1.13,12.552555,3.0735717,95.374,0.56
2026-10-01,JUBLFOOD,Consumer Cyclical,,0.04415,0.137,0.06,78.477875,12.722368,205.318,0.27
2026-10-01,JUBLINGREA,Basic Materials,,0.06637,0.253,0.406,32.78579,3.2184198,25.328,0.76
2026-10-01,JWL,Industrials,,0.05329,0.46,-0.143,55.95153,3.168364,33.365,0.69
2026-10-01,JYOTICNC,Industrials,,0.14681,0.24,-0.201,74.777695,12.048303,42.609,
2026-10-01,KAJARIACER,Industrials,,0.107980005,0.204,0.554,35.613407,6.1829534,7.302,1.01
2026-10-01,KALYANKJIL,Consumer Cyclical,,0.036730003,0.457,0.316,38.158844,8.641128,96.966,0.47
2026-10-01,KARURVYSYA,Financial Services,,0.41307,0.26,0.45,11.179578,2.1754472,,0.81
2026-10-01,KAYNES,Technology,,0.08866999,0.405,-0.004,68.67917,5.0696993,19.168,
2026-10-01,KEC,Industrials,,0.02355,0.0,-0.417,18.377323,1.6249411,87.306,1.41
2026-10-01,KEI,Industrials,,0.08076,0.23,0.4,43.18465,6.4574795,3.796,0.1
2026-10-01,KFINTECH,Technology,,0.24400999,0.301,-0.025,42.944473,8.692873,3.314,1.36
2026-10-01,KIMS,Healthcare,,0.048499998,0.353,-0.469,152.36166,13.726521,166.226,
2026-10-01,KIRLOSBROS,Industrials,,0.08009,0.129,-0.001,37.659664,5.720022,10.101,0.38
2026-10-01,KIRLOSENG,Industrials,,0.06868,0.134,-0.199,63.606945,9.551245,154.864,0.33
2026-10-01,KOTAKBANK,Financial Services,,0.28467,0.21,0.225,19.94608,2.2332478,,0.16
2026-10-01,KPIL,Industrials,,0.04151,0.038,0.452,20.68441,2.9865496,45.814,0.8
2026-10-01,KPITTECH,Technology,,0.08839,0.089,-0.318,23.098593,3.7825203,23.624,1.52
2026-10-01,KPRMILL,Consumer Cyclical,,0.13378,0.096,0.215,40.041245,6.4066186,10.463,0.47
2026-10-01,KSB,Industrials,0.15192,0.09007,0.036,-0.186,60.71631,8.768282,0.371,0.53
2026-10-01,LALPATHLAB,Healthcare,,0.18745,0.191,0.278,60.302376,13.0112915,7.83,1.03
2026-10-01,LAURUSLABS,Healthcare,,0.1504,0.291,1.252,98.02372,20.20881,46.369,0.12
2026-10-01,LEMONTREE,Consumer Cyclical,,0.15843001,0.092,0.208,35.749138,5.9181933,96.367,
2026-10-01,LENSKART,Healthcare,,0.06803,0.433,2.581,183.02388,13.710879,34.983,
2026-10-01,LGEINDIA,Technology,,0.07135,0.155,0.272,63.7379,15.159431,5.99,
2026-10-01,LICHSGFIN,Financial Services,,0.65177,0.145,0.099,4.8778152,0.675909,642.522,1.96
2026-10-01,LICI,Financial Services,,0.06515,0.068,0.4,8.25121,2.8067677,0.431,2.55
2026-10-01,LINDEINDIA,Basic Materials,,0.20587,0.216,-0.025,96.37918,12.397206,1.85,0.06
2026-10-01,LLOYDSME,Basic Materials,,0.21511999,2.086,1.693,20.78468,7.222004,145.214,0.06
2026-10-01,LODHA,Real Estate,,0.22692,0.431,1.033,28.305943,4.8023505,42.238,0.38
2026-10-01,LT,Industrials,,0.05588,0.081,0.14,31.165783,4.727806,97.64,1.01
2026-10-01,LTF,Financial Services,,0.33076,0.293,0.282,20.880728,2.358457,393.442,1.04
2026-10-01,LTFOODS,Consumer Defensive,,0.05485,0.264,0.089,22.554623,7.843978,35.617,0.98
2026-10-01,LTM,Technology,0.21966,0.118669994,0.18,0.169,22.666742,4.8335447,9.874,1.83
2026-10-01,LTTS,Technology,,0.11684,0.026,0.128,27.193563,5.3697495,8.911,1.77
2026-10-01,LUPIN,Healthcare,,0.18450001,0.32,0.16,16.835474,4.13672,29.388,0.89
2026-10-01,M&M,Consumer Cyclical,,0.08609,0.275,0.334,18.237364,3.5473125,125.278,1.1
2026-10-01,M&MFIN,Financial Services,,0.30887,0.367,0.64,13.646055,1.6687003,429.851,2.35
2026-10-01,MAHABANK,Financial Services,0.22961001,0.53409,0.218,0.342,8.222676,1.7349513,,2.73
2026-10-01,MANAPPURAM,Financial Services,,0.30516002,0.801,2.885,19.160048,1.8355738,360.191,1.28
2026-10-01,MANKIND,Healthcare,,0.13859999,0.129,0.296,51.21212,6.420241,38.111,0.08
2026-10-01,MARICO,Consumer Defensive,,0.13159999,0.214,0.247,53.77495,24.092688,12.394,0.51
2026-10-01,MARUTI,Consumer Cyclical,,0.07269,0.359,-0.091,26.256886,3.4967916,0.096,1.17
2026-10-01,MAXHEALTH,Healthcare,,0.16723,0.167,0.048,66.59864,8.865104,32.367,0.2
2026-10-01,MAZDOCK,Industrials,,0.20120001,0.121,0.215,32.54917,8.690852,4.481,0.97
2026-10-01,MCX,Financial Services,,0.5556,0.853,1.034,52.906208,19.378134,0.113,0.25
2026-10-01,MEDANTA,Healthcare,,0.11875,0.265,-0.002,65.77799,9.20181,29.869,0.04
2026-10-01,MEESHO,Consumer Cyclical,,-0.08682,0.483,,,23.603708,1.428,
2026-10-01,MFSL,Financial Services,,0.00221,0.168,0.373,435.0,9.047539,36.453,
2026-10-01,MGL,Utilities,,0.08382,0.139,-0.393,14.479425,1.6114953,3.461,3.43
2026-10-01,MINDACORP,Consumer Cyclical,,0.07539,0.332,2.158,31.932795,5.9754543,55.351,0.24
2026-10-01,MMTC,Industrials,,163.86812,-0.5,1.3,19.104378,4.0144334,0.114,
2026-10-01,MOTHERSON,Consumer Cyclical,,0.033570003,0.166,1.042,38.20755,4.1632404,43.908,0.31
2026-10-01,MOTILALOFS,Financial Services,,0.22963,0.239,0.087,30.732693,4.6227202,165.8,1.11
2026-10-01,MPHASIS,Technology,0.17743999,0.115559995,0.175,0.107,22.522268,3.7878518,24.675,2.76
2026-10-01,MRF,Consumer Cyclical,,0.075840004,0.096,-0.01,21.658667,2.4977267,15.288,0.38
2026-10-01,MRPL,Energy,,0.028670002,1.204,,9.269876,2.1081114,108.059,2.36
2026-10-01,MSUMI,Consumer Cyclical,,0.05088,0.364,0.0,36.105263,10.521472,10.788,1.67
2026-10-01,MTARTECH,Industrials,,0.12352,1.304,3.639,181.03088,29.148754,45.778,
2026-10-01,MUTHOOTFIN,Financial Services,0.31735,0.55502,0.353,0.388,9.706235,2.7182295,393.56,1.09
2026-10-01,NAM-INDIA,Financial Services,,0.52507997,0.245,0.264,41.491474,14.326019,1.617,2.06
2026-10-01,NATCOPHARM,Healthcare,,0.32839,-0.447,-0.57,13.31483,1.630344,7.742,0.72
2026-10-01,NATIONALUM,Basic Materials,,0.34908,0.393,0.911,9.115405,2.846603,0.277,1.19
2026-10-01,NAUKRI,Communication Services,,0.47402,0.114,0.507,48.54369,2.0501747,0.64,1.2
2026-10-01,NAVA,Industrials,,0.17541,0.016,-0.1,20.463627,1.7568444,20.684,1.55
2026-10-01,NAVINFLUOR,Basic Materials,,0.21733,0.441,1.009,54.153767,10.598944,32.091,0.18
2026-10-01,NBCC,Industrials,,0.05691,-0.059,0.163,29.80451,7.126292,0.008,1.35
2026-10-01,NCC,Industrials,,0.03261,0.122,0.127,11.4533205,1.0180161,57.389,1.69
2026-10-01,NESTLEIND,Consumer Defensive,,0.15623,0.252,0.481,67.59615,49.945778,8.621,0.89
2026-10-01,NETWEB,Technology,,0.096470006,1.721,1.784,100.281876,36.314953,39.019,0.07
2026-10-01,NEULANDLAB,Healthcare,,0.20987,1.192,9.628,56.286068,14.619923,16.072,0.16
2026-10-01,NH,Healthcare,,0.08996,0.78,0.054,43.884624,7.934199,129.033,0.25
2026-10-01,NHPC,Utilities,,0.31094998,0.185,0.028,26.282051,1.7436633,113.111,2.24
2026-10-01,NIACL,Financial Services,,0.0148599995,0.015,,35.69488,0.6853011,,0.94
2026-10-01,NLCINDIA,Utilities,,0.17458001,0.233,-0.423,10.646316,1.6287473,110.358,1.52
2026-10-01,NMDC,Basic Materials,,0.23216999,0.008,0.004,8.8018875,1.9230175,18.802,2.68
2026-10-01,NSLNISP,Basic Materials,,0.006,0.088,1.111,148.85715,0.9253791,35.019,
2026-10-01,NTPC,Utilities,,0.14531,0.078,0.118,9.938838,1.5517274,128.345,3.85
2026-10-01,NTPCGREEN,Utilities,,0.18476,0.627,0.385,126.72221,4.1217923,165.281,
2026-10-01,NUVAMA,Financial Services,,0.28107,0.225,0.156,28.40495,7.29789,282.325,1.71
2026-10-01,NUVOCO,Basic Materials,,0.03329,0.089,0.198,31.463299,1.1524414,48.061,
2026-10-01,NYKAA,Consumer Cyclical,,0.02405,0.291,2.5,365.11237,64.7053,82.829,
2026-10-01,OBEROIRLTY,Real Estate,,0.41592997,0.317,0.289,24.238153,3.5598135,15.765,0.46
2026-10-01,OFSS,Technology,0.49897,0.38154,0.687,1.202,26.631227,13.09733,0.567,6.38
2026-10-01,OIL,Energy,,0.21685,0.577,0.914,8.643177,1.2450297,58.741,2.93
2026-10-01,OLAELEC,Consumer Cyclical,,-0.92606,-0.45,,,4.9504824,82.453,
2026-10-01,OLECTRA,Industrials,,0.06984,0.657,-0.003,52.600643,7.605125,30.841,0.05
2026-10-01,ONESOURCE,Healthcare,,-0.0315,0.372,,,3.1058338,25.791,
2026-10-01,ONGC,Energy,,0.06181,0.257,0.214,6.8076463,0.7772927,42.548,6.3
2026-10-01,PAGEIND,Consumer Cyclical,,0.14126,0.079,-0.04,54.05405,27.212923,18.422,2.18
2026-10-01,PARADEEP,Basic Materials,,0.04575,0.631,0.208,14.791102,2.339033,101.822,0.96
2026-10-01,PATANJALI,Consumer Defensive,,0.046090003,0.274,0.861,19.610712,2.9480367,21.295,1.14
2026-10-01,PAYTM,Technology,,0.07249,0.277,0.799,163.96039,6.6247687,1.073,
2026-10-01,PCBL,Basic Materials,,0.030269999,0.17,0.589,51.2093,3.2438962,124.132,1.35
2026-10-01,PERSISTENT,Technology,0.25203,0.12236,0.291,0.121,43.858788,9.973223,6.94,0.67
2026-10-01,PETRONET,Energy,,0.113199994,-0.532,0.351,10.181883,1.9213428,10.507,3.5
2026-10-01,PFC,Financial Services,,0.54484004,0.008,0.021,4.128452,0.75246125,536.837,4.73
2026-10-01,PFOCUS,Communication Services,,0.02349,0.238,,228.63309,11.822037,224.567,
2026-10-01,PGEL,Technology,,0.03537,0.353,0.137,71.0,4.6583557,19.567,0.05
2026-10-01,PHOENIXLTD,Real Estate,,0.28164,0.128,0.233,53.94075,6.2803645,37.211,0.13
2026-10-01,PIDILITIND,Basic Materials,,0.17202,0.213,0.296,57.6965,13.932032,3.776,0.77
2026-10-01,PIIND,Basic Materials,,0.17879999,-0.104,-0.389,29.114582,3.0204787,3.048,0.67
2026-10-01,PINELABS,Technology,,0.044949997,0.196,2.644,159.37383,3.3020291,7.474,
2026-10-01,PIRAMALFIN,Financial Services,0.06038,0.32198003,0.021,0.671,27.879845,1.6350586,286.781,0.51
2026-10-01,PNB,Financial Services,0.14965999,0.38147,-0.064,1.75,6.09375,0.83128756,,2.66
2026-10-01,PNBHOUSING,Financial Services,,0.61353,0.058,0.043,12.368925,1.4871794,287.733,0.74
2026-10-01,POLICYBZR,Financial Services,,0.102019995,0.401,0.923,65.77181,6.1941032,4.922,
2026-10-01,POLYCAB,Industrials,0.25549,0.09184,0.39,0.325,42.443558,9.94605,1.738,0.59
2026-10-01,POLYMED,Healthcare,,0.15774,0.303,-0.075,55.264767,5.3129835,11.227,0.21
2026-10-01,POONAWALLA,Financial Services,,0.22666,1.003,3.37,48.01846,3.4530816,468.058,
2026-10-01,POWERGRID,Utilities,,0.33797002,0.027,-0.008,13.254408,2.4349613,150.813,3.91
2026-10-01,POWERINDIA,Industrials,,0.12555,0.686,1.235,121.95027,26.945126,1.663,0.03
2026-10-01,PPLPHARMA,Healthcare,,-0.03407,0.174,,,3.3713255,69.977,0.08
2026-10-01,PREMIERENE,Technology,,0.19667,0.353,0.53,23.36482,9.182991,86.005,0.17
2026-10-01,PRESTIGE,Real Estate,0.07752,0.08725,0.159,-0.193,56.185253,3.9335835,105.493,0.13
2026-10-01,PRIVISCL,Basic Materials,,0.13096,0.192,0.36,41.406143,9.919216,74.399,0.28
2026-10-01,PTCIL,Industrials,,0.18008,0.974,4.657,270.57193,22.308329,17.341,
2026-10-01,PVRINOX,Communication Services,,0.0652,0.104,,41.65028,1.5805104,91.874,
2026-10-01,PWL,Consumer Defensive,,0.00497,0.239,,1783.7142,7.955907,23.018,
2026-10-01,RADICO,Consumer Defensive,,0.11297,0.118,0.76,80.874214,17.110136,15.033,0.21
2026-10-01,RAILTEL,Communication Services,0.16254,0.08096,0.276,0.252,24.438677,3.6760843,2.817,1.27
2026-10-01,RAINBOW,Healthcare,,0.1568,0.332,0.133,48.090164,8.3437,53.558,0.25
2026-10-01,RAMCOCEM,Basic Materials,,0.06988,0.096,-0.633,31.086637,2.4722571,47.897,0.29
2026-10-01,RBLBANK,Financial Services,,0.11102,-0.062,-0.117,33.34571,1.4915485,,0.25
2026-10-01,RECLTD,Financial Services,,0.6889,0.252,-0.061,5.043301,0.92871416,607.463,2.04
2026-10-01,REDINGTON,Technology,,0.013259999,0.346,0.767,18.56815,3.1130261,27.26,1.48
2026-10-01,RELIANCE,Energy,,0.066149995,0.297,-0.224,22.044907,1.7783234,36.653,0.5
2026-10-01,RHIM,Industrials,,-0.0868,0.056,1.216,,2.2775912,12.595,0.65
2026-10-01,RITES,Industrials,,0.16983,0.087,0.084,22.412865,3.440395,0.236,5.61
2026-10-01,RKFORGE,Industrials,,0.02408,0.198,2.892,121.96062,3.918672,74.422,0.28
2026-10-01,RPOWER,Utilities,,-0.041199997,0.038,0.472,,0.5079676,92.348,
2026-10-01,RRKABEL,Industrials,,0.0561,0.539,1.285,47.226784,11.125609,13.092,0.45
2026-10-01,RUBICON,Healthcare,,0.14889,0.516,0.821,93.17607,20.743721,24.131,0.09
2026-10-01,RVNL,Industrials,,0.0432,0.106,0.169,46.68247,4.1819687,49.078,1.74
2026-10-01,SAGILITY,Healthcare,,0.13036,0.276,0.438,20.113209,2.031637,11.497,0.46
2026-10-01,SAIL,Basic Materials,,0.03844,0.013,1.211,17.53769,1.1951972,52.899,1.35
2026-10-01,SAILIFE,Healthcare,,0.16075,0.117,0.208,91.635185,13.214438,11.614,
2026-10-01,SAMMAANCAP,Financial Services,,0.0,-0.245,-0.5,,0.5858931,273.033,
2026-10-01,SANSERA,Consumer Cyclical,,0.09284,0.333,0.383,87.68116,9.145788,19.023,0.09
2026-10-01,SARDAEN,Basic Materials,,0.19941,-0.015,0.054,15.346838,2.3925161,35.204,0.4
2026-10-01,SBICARD,Financial Services,,0.18199,0.234,0.195,23.53531,3.4096553,280.206,0.44
2026-10-01,SBILIFE,Financial Services,0.13703,0.021389998,0.188,0.218,67.0416,8.672773,,0.16
2026-10-01,SBIN,Financial Services,0.15177,0.22376,0.103,0.099,10.547601,1.4322203,,1.8
2026-10-01,SCHAEFFLER,Consumer Cyclical,0.21645,0.119320005,0.173,0.13,48.23838,9.837319,0.783,0.9
2026-10-01,SCHNEIDER,Industrials,,0.06292,0.048,-0.698,153.55298,36.649296,70.795,
2026-10-01,SCI,Industrials,,0.25642002,0.403,0.75,7.8339086,1.3929979,29.454,2.76
2026-10-01,SHREECEM,Basic Materials,,0.07445,0.18,-0.177,48.943047,3.3820572,8.013,0.63
2026-10-01,SHRIPISTON,Consumer Cyclical,,0.11332,0.531,0.08,36.445297,7.0660925,65.22,0.21
2026-10-01,SHRIRAMFIN,Financial Services,0.18495001,0.50009996,0.428,0.295,17.5292,2.784446,276.215,1.41
2026-10-01,SHYAMMETL,Basic Materials,,0.057350002,0.235,0.207,26.465792,2.6495304,8.133,0.42
2026-10-01,SIEMENS,Industrials,,0.19017,0.148,4.061,80.126854,9.752006,2.213,0.48
2026-10-01,SIGNATURE,Real Estate,,0.45731997,-0.362,,10.144819,5.7212214,161.04,
2026-10-01,SJVN,Utilities,,0.12771,0.52,-0.017,32.897728,1.5991383,226.528,2.59
2026-10-01,SOBHA,Real Estate,,0.04106,0.5,2.74,56.21584,2.7502458,24.62,0.49
2026-10-01,SOLARINDS,Basic Materials,,0.17543,0.703,0.927,86.52367,27.562782,23.271,0.06
2026-10-01,SONACOMS,Consumer Cyclical,,0.14212,0.524,0.443,75.07279,8.575334,7.213,0.45
2026-10-01,SRF,Industrials,,0.12715,0.318,0.756,34.10425,5.2480483,36.195,0.4
2026-10-01,STARHEALTH,Financial Services,0.07507,0.03619,14.078,1.096,47.515446,3.1235492,,
2026-10-01,STLTECH,Technology,,0.04306,0.874,17.55,198.23529,19.583324,85.626,
2026-10-01,SUMICHEM,Basic Materials,,0.17858,0.006,0.204,38.20922,6.346729,1.865,0.3
2026-10-01,SUNDARMFIN,Financial Services,,0.4609,0.268,0.338,21.814754,3.2802296,409.161,0.91
2026-10-01,SUNPHARMA,Healthcare,,0.20188999,0.105,0.274,37.0074,5.311437,5.517,0.87
2026-10-01,SUNTV,Communication Services,,0.33966,0.13,0.17,14.325089,1.7296721,0.837,3.85
2026-10-01,SUPREMEIND,Industrials,,0.09115,0.042,0.387,41.676945,6.95973,1.473,1.07
2026-10-01,SUZLON,Industrials,0.39366,0.18090001,0.225,-0.083,16.991266,5.470266,2.807,
2026-10-01,SWANCORP,Industrials,,0.053590003,-0.164,,40.16312,1.1776915,24.561,0.05
2026-10-01,SWIGGY,Consumer Cyclical,,-0.1505,0.373,,,3.3866951,13.929,
2026-10-01,SYNGENE,Healthcare,,0.061389998,-0.158,,66.53006,3.0335119,9.473,0.33
2026-10-01,SYRMA,Technology,,0.06737,0.683,0.86,86.51329,11.309758,13.045,0.09
2026-10-01,TARIL,Industrials,,0.10132,0.081,-0.085,31.682081,5.3131056,29.595,0.09
2026-10-01,TATACAP,Financial Services,,0.39678,0.403,0.472,26.681454,3.041963,502.931,0.17
2026-10-01,TATACHEM,Basic Materials,,-0.14319,0.144,,,0.7352808,36.081,1.71
2026-10-01,TATACOMM,Communication Services,,0.0372,0.105,-0.294,50.89976,13.938107,335.854,1.04
2026-10-01,TATACONSUM,Consumer Defensive,,0.078379996,0.119,0.279,58.207146,4.36473,12.159,1.04
2026-10-01,TATAELXSI,Technology,,0.1674,0.145,0.181,29.410421,6.3350697,5.336,2.42
2026-10-01,TATAINVEST,Financial Services,,1.05248,0.041,-0.018,72.43816,1.0648484,0.007,0.55
2026-10-01,TATAPOWER,Utilities,,0.060890004,0.056,0.109,30.096884,2.8917058,168.051,0.69
2026-10-01,TATASTEEL,Basic Materials,,0.04602,0.143,0.114,21.47831,2.2989416,89.017,2.15
2026-10-01,TATATECH,Technology,,0.094,0.338,0.062,49.709934,7.093336,23.908,1.18
2026-10-01,TBOTEK,Consumer Cyclical,,0.08561,0.811,0.323,68.19179,11.573314,48.762,
2026-10-01,TCS,Technology,0.47743,0.18052,0.139,0.046,14.954337,6.754803,10.211,3.14
2026-10-01,TDPOWERSYS,Industrials,,0.12945,0.721,0.72,93.02367,22.914236,1.689,0.14
2026-10-01,TECHM,Technology,,0.086780004,0.177,0.283,26.494452,4.5698667,7.269,3.31
2026-10-01,TECHNOE,Industrials,,0.12845,0.198,-0.315,27.241426,2.8211968,1.744,0.71
2026-10-01,TEGA,Industrials,,0.00691,3.84,,569.94476,4.549323,11.693,0.1
2026-10-01,TEJASNET,Technology,,-0.70371,0.991,,,2.9670396,142.52,0.42
2026-10-01,TENNIND,Consumer Cyclical,,0.10609,0.201,-0.459,34.31023,17.173605,4.289,
2026-10-01,THANGAMAYL,Consumer Cyclical,,0.040700004,0.712,0.861,40.19055,11.11138,64.492,0.35
2026-10-01,THERMAX,Industrials,,0.05474,0.071,-0.834,63.553833,6.8074546,42.166,0.42
2026-10-01,TIINDIA,Industrials,,0.02626,0.168,-0.153,75.75267,5.8429885,5.363,0.15
2026-10-01,TIMKEN,Industrials,,0.118389994,0.166,0.148,54.204407,7.938732,0.5,0.08
2026-10-01,TITAGARH,Industrials,,0.06072,0.126,0.67,56.383713,4.521857,25.363,0.12
2026-10-01,TITAN,Consumer Cyclical,,0.062319998,0.293,0.628,71.76471,26.555025,195.001,0.31
2026-10-01,TMCV,Consumer Cyclical,,0.04809,0.193,0.834,38.55864,12.454816,44.095,0.92
2026-10-01,TMPV,Consumer Cyclical,,0.22814,-0.082,-0.803,,0.91822857,70.364,1.06
2026-10-01,TORNTPHARM,Healthcare,,0.13874,0.548,-0.082,79.23348,19.935284,85.446,0.78
2026-10-01,TORNTPOWER,Utilities,,0.079629995,0.028,-0.127,27.065712,3.2967818,70.885,1.61
2026-10-01,TRENT,Consumer Cyclical,,0.08637,0.178,0.207,78.659676,20.027025,36.034,0.15
2026-10-01,TRIDENT,Consumer Cyclical,,0.05829,0.047,0.148,29.09091,2.393674,38.323,4.36
2026-10-01,TRITURBINE,Industrials,,0.14930001,0.192,-0.212,51.161472,11.894361,2.476,0.73
2026-10-01,TTML,Communication Services,,0.03187,0.061,,176.1,-0.3445476,,
2026-10-01,TVSMOTOR,Consumer Cyclical,,0.05691,0.343,0.671,56.953278,20.465338,306.09,0.29
2026-10-01,UBL,Consumer Defensive,,0.0419,0.071,-0.095,78.8785,6.907679,29.076,0.84
2026-10-01,UCOBANK,Financial Services,0.08541001,0.21541001,0.53,0.083,10.463636,0.8538259,,1.89
2026-10-01,ULTRACEMCO,Basic Materials,,0.092930004,0.159,0.168,37.389236,4.162601,29.432,2.18
2026-10-01,UNIONBANK,Financial Services,0.15798001,0.40460998,0.164,0.274,6.338757,0.93779063,,2.91
2026-10-01,UNITDSPR,Consumer Defensive,,0.14917,-0.102,0.112,58.03196,10.944651,4.611,1.2
2026-10-01,UNOMINDA,Consumer Cyclical,,0.05801,0.238,0.012,53.464867,10.270016,37.74,0.24
2026-10-01,UPL,Basic Materials,,0.03825,0.105,,21.180328,1.2573965,57.128,1.16
2026-10-01,URBANCO,Technology,,-0.19415002,0.436,,,11.7366905,6.335,
2026-10-01,USHAMART,Basic Materials,,0.13215,0.164,0.408,28.39531,4.5757933,6.922,0.74
2026-10-01,UTIAMC,Financial Services,,0.26583,0.067,0.24,24.66892,2.4978602,3.129,4.47
2026-10-01,VAML,Basic Materials,,0.56257,0.46,2.163,41.87627,,,3.68
2026-10-01,VBL,Consumer Defensive,0.16853,0.14035,0.204,0.157,43.145,6.7030735,15.869,0.47
2026-10-01,VEDL,Basic Materials,,0.23205,-0.373,0.722,11.657634,2.0297902,48.044,13.13
2026-10-01,VEDPOWER,Utilities,0.00875,0.0060900003,0.31,,,2.88146,,
2026-10-01,VIJAYA,Healthcare,,0.21874,0.228,0.373,81.233475,15.851968,44.15,0.13
2026-10-01,VISL,Basic Materials,,0.64225,0.123,,,-4.3589745,,
2026-10-01,VMM,Consumer Cyclical,,0.0661,0.187,0.25,52.368423,6.260618,26.817,
2026-10-01,VOGL,Basic Materials,,4.20828,0.089,,,-0.1631541,,
2026-10-01,VOLTAS,Consumer Cyclical,,0.02999,0.187,0.52,77.49815,5.4654336,15.51,0.38
2026-10-01,VTL,Consumer Cyclical,,0.08324,0.133,0.492,17.721008,1.427133,17.52,0.92
2026-10-01,WAAREEENER,Technology,,0.12703,0.792,0.142,17.676386,4.659517,21.402,0.17
2026-10-01,WELCORP,Basic Materials,,0.13348,0.149,1.983,32.146286,8.104254,25.042,0.18
2026-10-01,WELSPUNLIV,Consumer Cyclical,,0.02795,0.237,0.837,77.637924,4.3915424,46.501,0.04
2026-10-01,WHIRLPOOL,Consumer Cyclical,,0.03013,0.121,-0.294,44.24533,2.6733074,8.621,0.55
2026-10-01,WIPRO,Technology,0.16128999,0.13919,0.106,0.009,12.532962,2.0146832,27.398,4.95
2026-10-01,WOCKPHARMA,Healthcare,,0.11196,0.259,,86.75546,7.2741394,42.284,
2026-10-01,YESBANK,Financial Services,0.074650005,0.23185,0.09,0.308,17.436974,1.247445,,
2026-10-01,ZEEL,Communication Services,,0.025139999,0.045,-0.473,34.976192,0.59370804,2.26,2.61
2026-10-01,ZENSARTECH,Technology,,0.13362001,0.089,0.009,12.685021,2.0656774,1.68,3.43
2026-10-01,ZENTEC,Industrials,,0.26845,-0.105,-0.279,80.66434,8.080924,0.95,0.06
2026-10-01,ZFCVINDIA,Consumer Cyclical,,0.118599996,0.093,-0.146,2.5599947,7.095545,1.485,0.17
2026-10-01,ZYDUSLIFE,Healthcare,,0.15784,0.22,-0.359,27.094397,4.506113,42.304,0.08
2026-10-01,ZYDUSWELL,Consumer Defensive,,0.041479997,0.669,-0.07,85.16863,2.7581027,54.974,0.23
2026-10-05,360ONE,Financial Services,,0.26455998,0.299,0.128,34.597473,4.2880764,161.977,1.73
2026-10-05,AADHARHFC,Financial Services,,0.48151,0.196,0.184,16.797905,2.5021088,255.574,
2026-10-05,AARTIIND,Basic Materials,,0.05901,0.425,2.58,32.033493,2.8447685,83.392,0.21
2026-10-05,AAVAS,Financial Services,,0.42543998,0.169,0.233,14.327147,1.936368,310.553,
2026-10-05,ABB,Industrials,0.19131,0.21349001,0.121,0.03,91.492775,15.526011,1.547,0.56
2026-10-05,ABBOTINDIA,Healthcare,,0.23052,0.043,0.171,35.290405,11.95059,3.602,1.96
2026-10-05,ABCAPITAL,Financial Services,,0.119449995,0.314,0.391,24.27508,2.8541312,495.936,
2026-10-05,ABDL,Consumer Defensive,,0.05554,0.061,-0.129,90.7878,12.020121,68.251,0.75
2026-10-05,ABREL,Real Estate,,-0.25416002,0.297,,,3.4560163,152.371,0.21
2026-10-05,ABSLAMC,Financial Services,,0.47594002,0.106,0.113,28.264462,6.8427367,1.577,2.58
2026-10-05,ACC,Basic Materials,,0.07563,-0.038,-0.606,11.65039,1.0791774,2.085,0.63
2026-10-05,ACE,Industrials,,0.12796,0.205,0.223,32.72653,7.117073,0.393,0.16
2026-10-05,ACMESOLAR,Utilities,,0.21146,0.468,0.715,45.698643,5.244672,393.194,0.05
2026-10-05,ACUTAAS,Basic Materials,,0.26421,0.591,0.671,70.52631,16.391233,2.081,0.08
2026-10-05,ADANIENSOL,Utilities,,0.095769994,0.424,1.241,56.61948,6.2351775,194.5,
2026-10-05,ADANIENT,Energy,,0.06546,0.499,,50.165302,4.605203,119.56,0.05
2026-10-05,ADANIGREEN,Utilities,,0.13095,0.166,0.185,125.89,10.7497225,346.548,
2026-10-05,ADANIPORTS,Industrials,,0.32431,0.186,0.024,30.177504,4.245189,64.051,0.43
2026-10-05,ADANIPOWER,Utilities,,0.24148001,0.34,0.444,27.77311,5.8889914,82.332,
2026-10-05,AEGISLOG,Energy,,0.13949001,0.371,2.69,36.574074,7.5561714,47.243,1.02
2026-10-05,AEGISVOPAK,Energy,,0.32126,0.425,0.304,106.05073,7.5586205,84.438,0.07
2026-10-05,AETHER,Basic Materials,,0.1912,0.275,0.341,96.16865,9.180493,18.646,
2026-10-05,AFCONS,Industrials,,0.01286,-0.208,-0.781,62.82051,1.6534057,66.542,0.79
2026-10-05,AFFLE,Communication Services,,0.16849001,0.204,0.203,45.31684,5.7749104,0.405,
2026-10-05,AIAENG,Industrials,,0.27836,0.124,-0.013,28.086891,4.4344306,0.128,0.42
2026-10-05,AIIL,Financial Services,,0.82054,0.141,0.175,28.146215,3.107936,24.59,0.04
2026-10-05,AJANTPHARM,Healthcare,,0.19648,0.248,0.308,39.423923,9.8963995,5.874,1.79
2026-10-05,ALKEM,Healthcare,,0.14306,0.109,-0.217,28.902054,4.5160985,14.267,0.38
2026-10-05,AMBER,Consumer Cyclical,,0.0076099997,0.127,-0.793,251.66351,5.35831,46.566,
2026-10-05,AMBUJACEM,Basic Materials,,0.11128,-0.077,-0.275,21.217691,1.5385576,1.205,0.53
2026-10-05,ANANDRATHI,Financial Services,,0.33193,0.521,0.71,76.0217,34.966312,8.25,0.33
2026-10-05,ANANTRAJ,Real Estate,,0.22770001,0.066,0.134,37.417446,3.733556,11.703,0.16
2026-10-05,ANGELONE,Financial Services,,0.20698,0.23,1.0,24.86462,4.1018386,129.314,1.81
2026-10-05,ANTHEM,Healthcare,,0.28691998,-0.226,-0.128,85.0,15.849718,1.772,0.23
2026-10-05,ANURAS,Basic Materials,,0.06894,0.348,-0.094,76.59298,4.0188317,41.317,0.13
2026-10-05,APARINDS,Industrials,,0.04844,0.291,0.774,60.349537,13.168097,17.716,0.34
2026-10-05,APLAPOLLO,Basic Materials,,0.052259997,0.085,0.11,47.769245,11.092876,9.396,0.4
2026-10-05,APOLLOHOSP,Healthcare,,0.07906,0.206,0.341,60.059357,13.198327,85.146,0.23
2026-10-05,APOLLOTYRE,Consumer Cyclical,,0.05829,0.128,26.6,14.985164,1.5289304,21.987,2.72
2026-10-05,APTUS,Financial Services,,0.61761004,0.168,0.19,11.895219,2.314277,156.2,2.11
2026-10-05,ARE&M,Industrials,,0.06303,0.239,0.159,15.512274,1.72789,5.015,1.37
2026-10-05,ASAHIINDIA,Consumer Cyclical,,0.08457,0.15,1.532,54.66053,6.1552815,55.868,0.21
2026-10-05,ASHOKLEY,Industrials,,0.06021,0.116,0.01,25.46193,6.206384,344.737,2.33
2026-10-05,ASIANPAINT,Basic Materials,,0.12813,0.179,0.399,49.193974,10.847504,17.847,1.14
2026-10-05,ASTERDM,Healthcare,,0.065359995,0.216,-0.814,119.95122,8.3079,45.921,0.54
2026-10-05,ASTRAL,Industrials,,0.084809996,0.159,0.48,62.891903,8.897834,6.168,0.3
2026-10-05,ATGL,Utilities,,0.100839995,0.272,-0.14,101.03986,13.180204,58.65,0.04
2026-10-05,ATHERENERG,Consumer Cyclical,,-0.0919,0.888,,,21.190577,25.819,
2026-10-05,ATUL,Basic Materials,,0.119729996,0.25,0.92,22.031168,2.8161955,2.907,0.5
2026-10-05,AUBANK,Financial Services,,0.25577998,0.298,0.351,26.18037,3.6933649,,0.1
2026-10-05,AUROPHARMA,Healthcare,,0.10627,0.163,0.258,26.183636,2.5702379,21.31,0.24
2026-10-05,AVANTIFEED,Consumer Defensive,,0.083500005,0.183,-0.421,18.466684,2.9761262,0.357,1.34
2026-10-05,AWL,Consumer Defensive,,0.01487,0.175,0.473,19.676373,2.1766224,10.621,0.57
2026-10-05,AXISBANK,Financial Services,0.13352999,0.36031,0.14,0.218,13.522331,1.6751516,,0.08
2026-10-05,AZAD,Industrials,,0.21756001,0.259,0.213,137.37599,12.521286,31.025,
2026-10-05,BAGMANE,,,,,,,,,
2026-10-05,BAJAJ-AUTO,Consumer Cyclical,,0.16251,0.64,0.458,25.786,7.815896,56.352,1.36
2026-10-05,BAJAJFINSV,Financial Services,,0.06471,0.193,0.127,27.71433,3.5951428,256.404,0.07
2026-10-05,BAJAJHFL,Financial Services,0.12679,0.63176996,0.196,0.229,25.749226,3.0754724,460.74,
2026-10-05,BAJAJHLDNG,Financial Services,0.11598,7.34641,0.242,-0.224,13.547665,1.6393412,0.012,1.2
2026-10-05,BAJFINANCE,Financial Services,,0.43495,0.261,0.272,28.753708,5.2852335,314.833,0.55
2026-10-05,BALKRISIND,Consumer Cyclical,,0.12203,0.252,0.564,28.538029,3.6615493,37.524,0.77
2026-10-05,BALRAMCHIN,Consumer Defensive,,0.05829,0.061,-0.154,36.94001,3.2761922,76.606,1.03
2026-10-05,BANDHANBNK,Financial Services,,0.13617,0.216,0.346,22.527811,1.1464859,,0.83
2026-10-05,BANKBARODA,Financial Services,0.113170005,0.27392,0.18,-0.486,6.77539,0.7060491,,3.74
2026-10-05,BANKINDIA,Financial Services,0.13697,0.34992,0.185,0.803,4.79378,0.6482265,,3.59
2026-10-05,BATAINDIA,Consumer Cyclical,,0.041149996,0.039,0.23,54.039474,4.9623423,86.9,5.44
2026-10-05,BBOX,Technology,,0.033970002,0.239,0.129,61.717793,11.100078,89.594,0.12
2026-10-05,BDL,Industrials,,0.18827,1.308,5.48,76.343864,9.396026,0.007,0.45
2026-10-05,BEL,Industrials,,0.21403,0.249,0.083,46.89403,11.731724,0.273,0.65
2026-10-05,BELRISE,Consumer Cyclical,,0.05175,0.126,-0.087,41.937065,4.0844545,29.1,0.22
2026-10-05,BEML,Industrials,,0.03934,0.293,,91.32896,5.54073,10.529,0.89
2026-10-05,BERGEPAINT,Basic Materials,,0.099209994,0.12,0.285,43.291866,7.6270757,9.165,0.88
2026-10-05,BHARATCOAL,Basic Materials,,-0.00863,-0.036,,,2.6432426,38.792,
2026-10-05,BHARATFORG,Industrials,,0.040260002,0.187,,126.603645,9.357314,76.475,0.45
2026-10-05,BHARTIARTL,Communication Services,0.20151,0.1314,0.184,0.351,37.26228,6.8714614,100.415,1.35
2026-10-05,BHARTIHEXA,Communication Services,,0.18999,0.109,0.232,37.723667,9.621504,85.654,1.31
2026-10-05,BHEL,Industrials,,0.06758,0.403,,60.315186,5.6066804,31.312,0.33
2026-10-05,BIOCON,Healthcare,,0.0286,0.1,2.346,107.44928,1.7640873,42.145,0.13
2026-10-05,BIRET,,,,,,35.41532,1.1266515,,
2026-10-05,BLS,Industrials,,0.22207001,0.253,0.108,12.9448395,3.646251,15.468,1.13
2026-10-05,BLUESTARCO,Industrials,,0.03979,0.133,-0.151,58.831116,8.745199,23.588,0.58
2026-10-05,BOSCHLTD,Consumer Cyclical,,0.11328,0.22,-0.367,57.944687,9.219495,0.8,0.57
2026-10-05,BPCL,Energy,,0.034679998,0.344,,7.6431656,1.2812909,54.332,6.62
2026-10-05,BRIGADE,Real Estate,,0.12562999,-0.129,0.338,28.21627,26.701096,84.316,0.34
2026-10-05,BRITANNIA,Consumer Defensive,,0.13376,0.082,0.136,44.825344,22.758791,26.875,1.84
2026-10-05,BSE,Financial Services,,0.48918,0.64,0.621,44.376457,15.687365,0.0,0.33
2026-10-05,BSOFT,Technology,,0.10601,0.074,0.508,13.322613,1.8297033,3.422,2.4
2026-10-05,CAMS,Technology,,0.31785,0.115,0.17,34.67576,12.648782,4.863,1.85
2026-10-05,CANBK,Financial Services,,0.43126,-0.129,0.622,5.6575212,0.9216731,,3.48
2026-10-05,CANFINHOME,Financial Services,,0.66733,0.225,0.196,8.606461,1.6253501,636.585,2.17
2026-10-05,CANHLIFE,Financial Services,0.08276,0.01075,0.183,0.202,109.48921,8.850314,15.304,0.27
2026-10-05,CAPLIPOINT,Healthcare,,0.29089,0.196,0.159,31.44526,5.9429817,0.127,0.28
2026-10-05,CARBORUNIV,Industrials,,0.03849,0.194,0.235,107.787766,5.85474,10.292,0.32
2026-10-05,CARTRADE,Consumer Cyclical,,0.28656,0.163,0.224,62.327534,5.588723,5.363,
2026-10-05,CASTROLIND,Energy,0.56996,0.17066,0.25,0.421,18.550468,10.3004675,2.784,6.22
2026-10-05,CCL,Consumer Defensive,,0.0938,0.138,0.61,30.893959,5.6927657,56.487,0.56
2026-10-05,CDSL,Financial Services,,0.36798,0.154,0.147,57.627037,13.544989,0.11,0.99
2026-10-05,CEATLTD,Consumer Cyclical,,0.03583,0.223,-0.962,22.08901,2.2179873,64.742,1.07
2026-10-05,CEMPRO,Industrials,,0.058920003,0.07,0.026,34.849785,8.719681,37.711,0.24
2026-10-05,CENTRALBK,Financial Services,0.115600005,0.27839002,-0.032,0.028,5.9583335,0.66445404,,4.54
2026-10-05,CESC,Utilities,,0.08243,0.054,0.038,11.705161,1.4161568,164.311,4.41
2026-10-05,CGCL,Financial Services,,0.34958,0.858,0.794,21.021276,3.305763,334.728,0.08
2026-10-05,CGPOWER,Industrials,,0.0975,0.14,0.131,109.302765,17.191607,1.446,0.15
2026-10-05,CHAMBLFERT,Basic Materials,,0.09581,-0.118,-0.046,8.561786,1.5849247,10.274,2.87
2026-10-05,CHENNPETRO,Energy,,0.054780003,0.848,,4.9994774,1.9222391,17.68,4.4
2026-10-05,CHOICEIN,Financial Services,,0.20173,0.344,0.154,69.43715,8.756136,49.768,
2026-10-05,CHOLAFIN,Financial Services,,0.40549,0.346,0.437,24.688017,4.5933027,695.283,0.12
2026-10-05,CHOLAHLDNG,Financial Services,,0.11882,0.139,0.393,9.498452,1.6406988,623.156,0.09
2026-10-05,CIEINDIA,Consumer Cyclical,0.12222,0.09035,0.106,0.159,15.871406,1.8383056,6.63,1.83
2026-10-05,CIPLA,Healthcare,,0.12009,0.035,-0.392,33.06641,3.235637,1.778,0.94
2026-10-05,CLEAN,Basic Materials,,0.23719,0.105,0.047,36.482533,5.1879606,0.135,0.77
2026-10-05,CLEANMAX,Utilities,,0.06695,1.092,,98.97092,3.350119,231.875,
2026-10-05,CMPDI,Basic Materials,,0.27375,0.176,0.538,21.906807,6.543538,0.064,0.5
2026-10-05,COALINDIA,Energy,,0.18138,0.451,0.012,8.465376,2.1947434,11.629,4.97
2026-10-05,COCHINSHIP,Industrials,,0.13479,0.024,-0.193,49.710316,5.76507,28.466,0.87
2026-10-05,COFORGE,Technology,,0.0964,0.499,0.309,35.839058,6.430415,7.518,0.88
2026-10-05,COHANCE,Healthcare,,0.04961,-0.231,-0.968,164.6558,4.453908,9.928,
2026-10-05,COLPAL,Consumer Defensive,,0.21722999,0.118,0.07,34.96574,29.7895,2.993,2.77
2026-10-05,CONCOR,Industrials,,0.13670999,0.003,0.006,27.09994,2.6010404,7.39,1.95
2026-10-05,CONCORDBIO,Healthcare,,0.24844,0.262,0.311,48.341934,7.288674,0.115,0.54
2026-10-05,COROMANDEL,Basic Materials,,0.05619,0.159,-0.245,27.8085,4.1273766,11.469,0.62
2026-10-05,CPPLUS,Industrials,,0.09774,0.895,3.037,93.87574,23.897871,9.604,0.04
2026-10-05,CRAFTSMAN,Consumer Cyclical,,0.053340003,0.363,1.133,53.78281,7.6374483,111.011,0.11
2026-10-05,CREDITACC,Financial Services,0.16364999,0.39812002,1.495,7.152,16.686813,2.4815083,302.872,
2026-10-05,CRISIL,Financial Services,0.29052,0.21434,0.276,0.262,36.666668,9.909577,10.23,0.9
2026-10-05,CROMPTON,Consumer Cyclical,,-0.02688,0.118,0.147,,4.6237,5.797,1.37
2026-10-05,CUB,Financial Services,,0.37791002,0.233,0.252,15.194346,2.0161858,,0.93
2026-10-05,CUMMINSIND,Industrials,,0.18694,0.179,0.009,57.28063,15.735489,0.431,1.36
2026-10-05,CUPID,Consumer Defensive,,0.30351,1.587,1.909,318.0102,92.83586,12.506,
2026-10-05,CYIENT,Industrials,,0.04955,0.213,-0.324,30.938417,2.051268,7.528,2.96
2026-10-05,DABUR,Consumer Defensive,,0.14551,0.106,0.153,33.655575,5.8128695,10.907,2.2
2026-10-05,DALBHARAT,Basic Materials,,0.062030002,0.07,-0.521,33.78703,1.761006,40.987,0.59
2026-10-05,DATAPATTNS,Industrials,,0.28459,0.168,-0.134,87.96033,13.587651,0.304,0.23
2026-10-05,DEEPAKFERT,Basic Materials,,0.08131,0.225,1.016,16.831068,2.3984284,75.969,0.74
2026-10-05,DEEPAKNTR,Basic Materials,,0.091359995,0.364,2.074,26.346388,3.536928,27.903,0.48
2026-10-05,DELHIVERY,Industrials,,0.00839,0.278,-0.65,338.49594,3.207899,15.098,
2026-10-05,DEVYANI,Consumer Cyclical,,-0.0047400002,0.165,3.0,,10.47581,203.327,
2026-10-05,DIVISLAB,Healthcare,,0.26046,0.278,0.657,85.70331,15.015664,0.042,0.31
2026-10-05,DIXON,Technology,,0.03639,0.211,1.546,41.322315,14.146872,18.457,0.08
2026-10-05,DLF,Real Estate,0.10102,0.65791,-0.529,0.042,37.474945,3.6636946,0.673,1.21
2026-10-05,DMART,Consumer Defensive,,0.042919997,0.149,0.114,81.2313,10.107834,9.913,
2026-10-05,DOMS,Industrials,,0.08929,0.192,-0.225,57.551937,10.198447,10.849,0.18
2026-10-05,DRREDDY,Healthcare,0.088369995,0.09996,-0.056,-0.687,31.338364,2.706243,18.605,0.66
2026-10-05,DUMMYHEG,,,,,,,,,
2026-10-05,ECLERX,Technology,,0.16814,0.233,0.188,23.87987,6.3752093,15.012,0.06
2026-10-05,EICHERMOT,Consumer Cyclical,,0.23211999,0.315,0.213,34.923176,7.874188,2.048,1.14
2026-10-05,EIDPARRY,Basic Materials,,0.01197,0.034,-0.424,26.834738,1.4159122,23.647,
2026-10-05,EIHOTEL,Consumer Cyclical,,0.23142,0.145,2.463,26.405975,3.5711312,4.666,0.51
2026-10-05,ELECON,Industrials,,0.09852,0.061,-0.598,45.595238,4.6590953,11.824,0.42
2026-10-05,ELGIEQUIP,Industrials,,0.10803001,0.226,0.211,42.046577,8.415254,23.885,0.45
2026-10-05,EMAMILTD,Consumer Defensive,,0.19117,0.149,-0.162,22.248108,5.702599,5.541,3.09
2026-10-05,EMBASSY,,,,,,92.944725,1.6873988,,
2026-10-05,EMCURE,Healthcare,,0.104449995,0.228,0.419,36.934875,7.4711633,30.567,0.19
2026-10-05,EMMVEE,Technology,,0.22844,0.513,0.737,17.069527,5.885603,9.745,0.32
2026-10-05,ENDURANCE,Consumer Cyclical,,0.0622,0.3,0.08,37.66173,5.3387947,19.393,0.44
2026-10-05,ENGINERSIN,Industrials,,0.20222001,-0.058,1.422,22.17921,5.54232,0.534,1.59
2026-10-05,ENRIN,Utilities,,0.15769,0.393,0.678,76.78486,23.720182,4.483,0.13
2026-10-05,ESCORTS,Industrials,,0.11291,0.283,-0.724,21.292685,2.418792,1.309,1.24
2026-10-05,ETERNAL,Consumer Cyclical,,0.00642,1.82,2.333,714.7826,9.719472,14.826,
2026-10-05,EXIDEIND,Consumer Cyclical,,0.04948,0.177,0.283,37.31996,2.502659,11.308,0.49
2026-10-05,FACT,Basic Materials,,-0.01783,0.202,,,35.10484,295.147,0.05
2026-10-05,FEDERALBNK,Financial Services,,0.30721,0.214,0.327,17.034262,1.9588168,,0.38
2026-10-05,FINCABLES,Industrials,,0.11532,0.443,0.532,27.342257,3.594708,0.314,0.64
2026-10-05,FIRSTCRY,Consumer Cyclical,,-0.01422,0.131,,,1.8412056,29.762,
2026-10-05,FIVESTAR,Financial Services,,0.47797,0.08,0.018,13.153743,1.9675955,111.929,0.39
2026-10-05,FLUOROCHEM,Basic Materials,,0.11635,0.24,0.204,77.720055,6.248143,28.94,0.07
2026-10-05,FORCEMOT,Consumer Cyclical,,0.13607,0.062,0.228,18.171497,5.424577,,0.29
2026-10-05,FORTIS,Healthcare,,0.11023,0.175,0.023,56.515476,5.988983,34.15,0.13
2026-10-05,FRACTAL,Technology,,0.095290005,0.2,0.771,38.693153,3.8723922,13.131,
2026-10-05,FSL,Technology,,0.06668,0.229,-0.017,26.44681,3.9142826,67.135,2.15
2026-10-05,GABRIEL,Consumer Cyclical,,0.052360002,0.298,0.406,73.3484,13.6535635,10.642,0.37
2026-10-05,GAIL,Utilities,,0.06698,0.167,0.972,11.4366665,1.265594,27.809,3.19
2026-10-05,GALLANTT,Basic Materials,,0.097849995,0.016,-0.288,30.22304,3.8949368,16.515,0.37
2026-10-05,GESHIP,Industrials,,0.60307,0.669,1.594,5.891316,1.2984345,6.409,3.76
2026-10-05,GICRE,Financial Services,0.091079995,0.16819,-0.008,-0.311,6.4034395,0.57546407,,4.09
2026-10-05,GILLETTE,Consumer Defensive,,0.21035999,0.108,0.094,34.654453,23.962568,0.002,2.6
2026-10-05,GLAND,Healthcare,,0.16784,0.196,0.469,43.428154,4.735296,2.738,0.69
2026-10-05,GLAXO,Healthcare,,0.27008,0.166,0.157,43.68471,20.620867,1.467,2.06
2026-10-05,GLENMARK,Healthcare,,0.10137,0.231,9.307,36.627907,6.258138,5.646,0.32
2026-10-05,GMDCLTD,Energy,,0.33823,0.238,-0.002,17.057552,2.3067026,4.475,1.82
2026-10-05,GMRAIRPORT,Industrials,,0.030720001,0.237,,232.90001,-39.175777,,
2026-10-05,GODFRYPHLP,Consumer Defensive,,0.22389999,-0.189,-0.443,21.096031,4.6440682,3.757,2.7
2026-10-05,GODREJCP,Consumer Defensive,,0.12086,0.154,0.115,45.78442,6.941242,34.899,2.3
2026-10-05,GODREJIND,Industrials,,0.04761,-0.047,-0.186,29.305996,3.0795057,222.411,
2026-10-05,GODREJPROP,Real Estate,,0.30754998,0.165,-0.417,30.058392,2.5092852,82.119,0.63
2026-10-05,GPIL,Basic Materials,,0.13887,0.323,-0.006,17.55777,2.3302667,7.582,0.44
2026-10-05,GRANULES,Healthcare,,0.1176,0.22,0.534,32.08318,4.2103624,29.735,0.21
2026-10-05,GRAPHITE,Industrials,,0.07044,0.266,0.284,73.19597,2.6653461,6.295,0.88
2026-10-05,GRASIM,Basic Materials,,0.03093,0.214,0.513,37.320457,2.0268285,135.044,0.32
2026-10-05,GRAVITA,Industrials,,0.083380006,0.418,0.14,26.845623,4.291454,29.934,0.64
2026-10-05,GROWW,Financial Services,,0.45354,0.652,0.857,45.76142,11.548808,3.028,
2026-10-05,GRSE,Industrials,,0.10665,0.385,0.439,32.59692,9.608489,1.424,0.87
2026-10-05,GVT&D,Industrials,,0.19442,0.38,0.247,83.33073,40.47506,0.892,0.24
2026-10-05,HAL,Industrials,,0.27591,0.144,0.149,34.101166,7.635136,0.16,0.42
2026-10-05,HAVELLS,Industrials,,0.06923,0.195,-0.166,39.98462,6.8991594,2.801,1.15
2026-10-05,HBLENGINE,Industrials,,0.23381001,0.06,-0.235,28.652481,10.027178,3.021,0.51
2026-10-05,HCLTECH,Technology,0.24067,0.12966,0.03,0.084,19.110144,4.503277,7.058,4.79
2026-10-05,HDBFS,Financial Services,,0.29786,0.21,0.326,18.539175,2.4910996,484.313,0.65
2026-10-05,HDFCAMC,Financial Services,,0.61625,0.134,0.118,32.927437,10.468705,2.364,2.35
2026-10-05,HDFCBANK,Financial Services,0.13838,0.26787,0.166,0.181,15.997316,1.8165983,,1.81
2026-10-05,HDFCLIFE,Financial Services,0.10828,0.019,0.143,0.119,57.17415,5.812788,15.885,0.4
2026-10-05,HEGAM,Industrials,,0.13612,0.104,0.168,12.938931,,16.73,1.42
2026-10-05,HEROMOTOCO,Consumer Cyclical,,0.10724,0.349,-0.172,18.979763,4.784853,3.57,3.58
2026-10-05,HEXT,Technology,0.21473,0.09318,0.179,-0.125,22.522936,4.4610004,10.18,2.91
2026-10-05,HFCL,Technology,,0.09554,1.199,,57.656002,6.521582,38.321,0.1
2026-10-05,HINDALCO,Basic Materials,,0.05549,0.321,0.751,13.248231,1.5518037,72.598,0.52
2026-10-05,HINDCOPPER,Basic Materials,,0.32494,0.814,1.619,41.59071,13.743122,3.319,0.9
2026-10-05,HINDPETRO,Energy,,0.00356,0.269,,43.893127,1.1199808,85.369,7.03
2026-10-05,HINDUNILVR,Consumer Defensive,,0.22644,0.05,0.084,42.482384,9.009044,3.016,2.32
2026-10-05,HINDZINC,Basic Materials,,0.38068,0.717,1.446,14.525565,10.661737,39.034,3.66
2026-10-05,HOMEFIRST,Financial Services,,0.51428,0.297,0.323,19.815418,2.6222458,243.944,0.48
2026-10-05,HONASA,Consumer Defensive,,0.09749,0.27,1.19,57.798164,10.146794,9.586,0.64
2026-10-05,HONAUT,Industrials,,0.117180005,0.018,0.209,53.651173,6.6172237,2.476,0.33
2026-10-05,HSCL,Basic Materials,,0.16066,0.28,0.247,42.379288,7.1505904,16.169,0.12
2026-10-05,HUDCO,Financial Services,,0.90679,0.098,0.349,7.60452,1.4709713,645.775,3.71
2026-10-05,HYUNDAI,Consumer Cyclical,,0.07004,-0.005,-0.351,34.676598,8.315873,5.484,1.02
2026-10-05,ICICIAMC,Financial Services,,0.55504,0.181,0.231,43.80871,36.472652,4.066,0.8
2026-10-05,ICICIBANK,Financial Services,0.16073999,0.27531,0.114,0.138,16.767939,2.4454303,,0.92
2026-10-05,ICICIGI,Financial Services,0.1463,0.08764,0.109,-0.462,32.36025,4.5773897,,0.9
2026-10-05,ICICIPRULI,Financial Services,0.12571,0.02555,0.125,0.285,38.45923,4.5250263,18.052,0.37
2026-10-05,IDBI,Financial Services,0.13874,0.48589,0.081,0.053,9.602076,1.2671233,,2.43
2026-10-05,IDEA,Communication Services,,0.82278,0.061,,3.6217766,-3.8303032,,
2026-10-05,IDFCFIRSTB,Financial Services,0.052649997,0.09093001,0.298,1.164,31.03861,1.4223787,,0.31
2026-10-05,IEX,Financial Services,,0.66222,0.101,0.118,18.923624,6.987604,0.818,3.59
2026-10-05,IFCI,Financial Services,,0.12699,-0.063,-0.2,112.61904,2.097313,22.723,
2026-10-05,IGIL,Basic Materials,,0.44739,0.232,0.32,27.472528,9.438894,9.594,1.54
2026-10-05,IGL,Utilities,,0.080819994,0.172,-0.438,15.451261,1.7153664,0.848,2.09
2026-10-05,IIFL,Financial Services,,0.24174,0.318,1.895,12.304011,1.8461374,447.421,0.67
2026-10-05,IKS,Healthcare,,0.22817,0.207,0.279,40.728733,10.586099,26.873,
2026-10-05,INDHOTEL,Consumer Cyclical,,0.20868999,0.151,0.207,48.573368,7.797505,18.987,0.46
2026-10-05,INDIACEM,Basic Materials,,0.020650001,-0.005,,100.700005,0.92470723,12.888,
2026-10-05,INDIAMART,Consumer Cyclical,0.23146,0.30618998,0.114,0.119,19.57936,4.3379903,0.974,1.83
2026-10-05,INDIANB,Financial Services,0.16171,0.36413,0.103,0.475,8.354224,1.2732917,,2.3
2026-10-05,INDIGO,Industrials,,-0.053969998,0.199,,,26.94903,1112.706,0.19
2026-10-05,INDUSINDBK,Financial Services,,0.076469995,0.01,0.717,52.22909,1.0505311,,0.17
2026-10-05,INDUSTOWER,Communication Services,0.18912001,0.21776,0.046,0.006,13.756855,2.3977032,51.79,3.72
2026-10-05,INFY,Technology,0.32,0.16370001,0.029,0.053,12.70611,4.3355293,9.541,4.98
2026-10-05,INOXINDIA,Industrials,,0.15748,0.092,-0.049,73.199,16.668833,7.251,0.1
2026-10-05,INOXWIND,Industrials,,0.078260005,-0.015,-0.383,36.85279,1.7016687,20.631,
2026-10-05,INTELLECT,Technology,,0.11095,0.204,0.081,24.625303,2.6748242,4.961,0.63
2026-10-05,IOB,Financial Services,0.16525999,0.36560002,0.481,0.459,10.33557,1.5250545,,
2026-10-05,IOC,Energy,,0.0392,0.385,,5.4541736,0.83614564,58.446,6.19
2026-10-05,IPCALAB,Healthcare,,0.12935,0.208,0.724,37.62817,6.119374,8.492,0.31
2026-10-05,IRB,Industrials,,0.15478,-0.089,0.471,22.276316,0.95768756,95.6,1.17
2026-10-05,IRCON,Industrials,,0.05667,0.095,-0.434,15.543379,1.4447604,85.833,1.84
2026-10-05,IRCTC,Consumer Cyclical,,0.25677,0.181,0.0,26.03211,8.42973,1.874,1.98
2026-10-05,IREDA,Financial Services,,0.69254994,0.237,0.33,15.789474,2.2619824,565.671,1.35
2026-10-05,IRFC,Financial Services,,0.97271,0.103,0.097,14.424074,1.792099,773.347,3.69
2026-10-05,ITC,Consumer Defensive,,0.25937998,-0.111,-0.16,16.952623,4.5758524,3.293,6.03
2026-10-05,ITCHOTELS,Consumer Cyclical,,0.20283002,0.148,0.359,39.100986,2.836493,0.634,0.63
2026-10-05,ITI,Technology,,0.15359001,-0.147,,71.8546,12.22671,40.144,
2026-10-05,J&KBANK,Financial Services,0.14609,0.34216,-0.043,-0.116,6.6068864,0.92200184,,1.43
2026-10-05,JAINREC,Basic Materials,,0.03126,0.759,0.141,27.185116,6.438418,81.887,
2026-10-05,JBMA,Consumer Cyclical,,0.03571,0.15,0.141,61.11535,11.633664,190.282,0.15
2026-10-05,JINDALSAW,Basic Materials,,0.03578,0.09,-0.754,26.952055,1.3958923,38.19,0.72
2026-10-05,JINDALSTEL,Basic Materials,,0.04818,0.259,-0.437,42.75591,2.2790413,43.613,0.18
2026-10-05,JIOFIN,Financial Services,,0.55006003,2.082,1.702,69.87859,1.0344502,16.286,0.27
2026-10-05,JKCEMENT,Basic Materials,,0.06559,0.28,-0.145,40.511814,5.440535,87.522,0.4
2026-10-05,JKTYRE,Consumer Cyclical,,0.04003,0.02,-0.743,14.902222,1.5948895,80.551,1.18
2026-10-05,JMFINANCIL,Financial Services,,0.30868,-0.103,-0.357,11.563937,1.1280017,102.435,1.4
2026-10-05,JPPOWER,Utilities,,0.111420006,0.122,0.677,21.77143,1.1700577,26.634,
2026-10-05,JSL,Basic Materials,,0.07379,0.105,0.076,18.60737,13.403628,37.523,0.55
2026-10-05,JSWCEMENT,Basic Materials,,0.10869,0.199,,19.980497,2.3074245,68.39,0.44
2026-10-05,JSWENERGY,Utilities,,0.10373,0.012,-0.395,38.768986,2.7697825,229.16,0.41
2026-10-05,JSWINFRA,Industrials,,0.26578,0.181,-0.103,50.211864,6.8147836,59.002,0.25
2026-10-05,JSWSTEEL,Basic Materials,,0.13065,0.098,1.13,12.552555,3.0735717,95.374,0.56
2026-10-05,JUBLFOOD,Consumer Cyclical,,0.04415,0.137,0.06,78.477875,12.722368,205.318,0.27
2026-10-05,JUBLINGREA,Basic Materials,,0.06637,0.253,0.406,32.78579,3.2184198,25.328,0.76
2026-10-05,JWL,Industrials,,0.05329,0.46,-0.143,55.95153,3.168364,33.365,0.69
2026-10-05,JYOTICNC,Industrials,,0.14681,0.24,-0.201,74.777695,12.048303,42.609,
2026-10-05,KAJARIACER,Industrials,,0.107980005,0.204,0.554,35.613407,6.1829534,7.302,1.01
2026-10-05,KALYANKJIL,Consumer Cyclical,,0.036730003,0.457,0.316,38.158844,8.641128,96.966,0.47
2026-10-05,KARURVYSYA,Financial Services,,0.41307,0.26,0.45,11.179578,2.1754472,,0.81
2026-10-05,KAYNES,Technology,,0.08866999,0.405,-0.004,68.67917,5.0696993,19.168,
2026-10-05,KEC,Industrials,,0.02355,0.0,-0.417,18.377323,1.6249411,87.306,1.41
2026-10-05,KEI,Industrials,,0.08076,0.23,0.4,43.18465,6.4574795,3.796,0.1
2026-10-05,KFINTECH,Technology,,0.24400999,0.301,-0.025,42.944473,8.692873,3.314,1.36
2026-10-05,KIMS,Healthcare,,0.048499998,0.353,-0.469,152.36166,13.726521,166.226,
2026-10-05,KIRLOSBROS,Industrials,,0.08009,0.129,-0.001,37.659664,5.720022,10.101,0.38
2026-10-05,KIRLOSENG,Industrials,,0.06868,0.134,-0.199,63.606945,9.551245,154.864,0.33
2026-10-05,KOTAKBANK,Financial Services,,0.28467,0.21,0.225,19.94608,2.2332478,,0.16
2026-10-05,KPIL,Industrials,,0.04151,0.038,0.452,20.68441,2.9865496,45.814,0.8
2026-10-05,KPITTECH,Technology,,0.08839,0.089,-0.318,23.098593,3.7825203,23.624,1.52
2026-10-05,KPRMILL,Consumer Cyclical,,0.13378,0.096,0.215,40.041245,6.4066186,10.463,0.47
2026-10-05,KSB,Industrials,0.15192,0.09007,0.036,-0.186,60.71631,8.768282,0.371,0.53
2026-10-05,LALPATHLAB,Healthcare,,0.18745,0.191,0.278,60.302376,13.0112915,7.83,1.03
2026-10-05,LAURUSLABS,Healthcare,,0.1504,0.291,1.252,98.02372,20.20881,46.369,0.12
2026-10-05,LEMONTREE,Consumer Cyclical,,0.15843001,0.092,0.208,35.749138,5.9181933,96.367,
2026-10-05,LENSKART,Healthcare,,0.06803,0.433,2.581,183.02388,13.710879,34.983,
2026-10-05,LGEINDIA,Technology,,0.07135,0.155,0.272,63.7379,15.159431,5.99,
2026-10-05,LICHSGFIN,Financial Services,,0.65177,0.145,0.099,4.8778152,0.675909,642.522,1.96
2026-10-05,LICI,Financial Services,,0.06515,0.068,0.4,8.25121,2.8067677,0.431,2.55
2026-10-05,LINDEINDIA,Basic Materials,,0.20587,0.216,-0.025,96.37918,12.397206,1.85,0.06
2026-10-05,LLOYDSME,Basic Materials,,0.21511999,2.086,1.693,20.78468,7.222004,145.214,0.06
2026-10-05,LODHA,Real Estate,,0.22692,0.431,1.033,28.305943,4.8023505,42.238,0.38
2026-10-05,LT,Industrials,,0.05588,0.081,0.14,31.165783,4.727806,97.64,1.01
2026-10-05,LTF,Financial Services,,0.33076,0.293,0.282,20.880728,2.358457,393.442,1.04
2026-10-05,LTFOODS,Consumer Defensive,,0.05485,0.264,0.089,22.554623,7.843978,35.617,0.98
2026-10-05,LTM,Technology,0.21966,0.118669994,0.18,0.169,22.666742,4.8335447,9.874,1.83
2026-10-05,LTTS,Technology,,0.11684,0.026,0.128,27.193563,5.3697495,8.911,1.77
2026-10-05,LUPIN,Healthcare,,0.18450001,0.32,0.16,16.835474,4.13672,29.388,0.89
2026-10-05,M&M,Consumer Cyclical,,0.08609,0.275,0.334,18.237364,3.5473125,125.278,1.1
2026-10-05,M&MFIN,Financial Services,,0.30887,0.367,0.64,13.646055,1.6687003,429.851,2.35
2026-10-05,MAHABANK,Financial Services,0.22961001,0.53409,0.218,0.342,8.222676,1.7349513,,2.73
2026-10-05,MANAPPURAM,Financial Services,,0.30516002,0.801,2.885,19.160048,1.8355738,360.191,1.28
2026-10-05,MANKIND,Healthcare,,0.13859999,0.129,0.296,51.21212,6.420241,38.111,0.08
2026-10-05,MARICO,Consumer Defensive,,0.13159999,0.214,0.247,53.77495,24.092688,12.394,0.51
2026-10-05,MARUTI,Consumer Cyclical,,0.07269,0.359,-0.091,26.256886,3.4967916,0.096,1.17
2026-10-05,MAXHEALTH,Healthcare,,0.16723,0.167,0.048,66.59864,8.865104,32.367,0.2
2026-10-05,MAZDOCK,Industrials,,0.20120001,0.121,0.215,32.54917,8.690852,4.481,0.97
2026-10-05,MCX,Financial Services,,0.5556,0.853,1.034,52.906208,19.378134,0.113,0.25
2026-10-05,MEDANTA,Healthcare,,0.11875,0.265,-0.002,65.77799,9.20181,29.869,0.04
2026-10-05,MEESHO,Consumer Cyclical,,-0.08682,0.483,,,23.603708,1.428,
2026-10-05,MFSL,Financial Services,,0.00221,0.168,0.373,435.0,9.047539,36.453,
2026-10-05,MGL,Utilities,,0.08382,0.139,-0.393,14.479425,1.6114953,3.461,3.43
2026-10-05,MINDACORP,Consumer Cyclical,,0.07539,0.332,2.158,31.932795,5.9754543,55.351,0.24
2026-10-05,MMTC,Industrials,,163.86812,-0.5,1.3,19.104378,4.0144334,0.114,
2026-10-05,MOTHERSON,Consumer Cyclical,,0.033570003,0.166,1.042,38.20755,4.1632404,43.908,0.31
2026-10-05,MOTILALOFS,Financial Services,,0.22963,0.239,0.087,30.732693,4.6227202,165.8,1.11
2026-10-05,MPHASIS,Technology,0.17743999,0.115559995,0.175,0.107,22.522268,3.7878518,24.675,2.76
2026-10-05,MRF,Consumer Cyclical,,0.075840004,0.096,-0.01,21.658667,2.4977267,15.288,0.38
2026-10-05,MRPL,Energy,,0.028670002,1.204,,9.269876,2.1081114,108.059,2.36
2026-10-05,MSUMI,Consumer Cyclical,,0.05088,0.364,0.0,36.105263,10.521472,10.788,1.67
2026-10-05,MTARTECH,Industrials,,0.12352,1.304,3.639,181.03088,29.148754,45.778,
2026-10-05,MUTHOOTFIN,Financial Services,0.31735,0.55502,0.353,0.388,9.706235,2.7182295,393.56,1.09
2026-10-05,NAM-INDIA,Financial Services,,0.52507997,0.245,0.264,41.491474,14.326019,1.617,2.06
2026-10-05,NATCOPHARM,Healthcare,,0.32839,-0.447,-0.57,13.31483,1.630344,7.742,0.72
2026-10-05,NATIONALUM,Basic Materials,,0.34908,0.393,0.911,9.115405,2.846603,0.277,1.19
2026-10-05,NAUKRI,Communication Services,,0.47402,0.114,0.507,48.54369,2.0501747,0.64,1.2
2026-10-05,NAVA,Industrials,,0.17541,0.016,-0.1,20.463627,1.7568444,20.684,1.55
2026-10-05,NAVINFLUOR,Basic Materials,,0.21733,0.441,1.009,54.153767,10.598944,32.091,0.18
2026-10-05,NBCC,Industrials,,0.05691,-0.059,0.163,29.80451,7.126292,0.008,1.35
2026-10-05,NCC,Industrials,,0.03261,0.122,0.127,11.4533205,1.0180161,57.389,1.69
2026-10-05,NESTLEIND,Consumer Defensive,,0.15623,0.252,0.481,67.59615,49.945778,8.621,0.89
2026-10-05,NETWEB,Technology,,0.096470006,1.721,1.784,100.281876,36.314953,39.019,0.07
2026-10-05,NEULANDLAB,Healthcare,,0.20987,1.192,9.628,56.286068,14.619923,16.072,0.16
2026-10-05,NH,Healthcare,,0.08996,0.78,0.054,43.884624,7.934199,129.033,0.25
2026-10-05,NHPC,Utilities,,0.31094998,0.185,0.028,26.282051,1.7436633,113.111,2.24
2026-10-05,NIACL,Financial Services,,0.0148599995,0.015,,35.69488,0.6853011,,0.94
2026-10-05,NLCINDIA,Utilities,,0.17458001,0.233,-0.423,10.646316,1.6287473,110.358,1.52
2026-10-05,NMDC,Basic Materials,,0.23216999,0.008,0.004,8.8018875,1.9230175,18.802,2.68
2026-10-05,NSLNISP,Basic Materials,,0.006,0.088,1.111,148.85715,0.9253791,35.019,
2026-10-05,NTPC,Utilities,,0.14531,0.078,0.118,9.938838,1.5517274,128.345,3.85
2026-10-05,NTPCGREEN,Utilities,,0.18476,0.627,0.385,126.72221,4.1217923,165.281,
2026-10-05,NUVAMA,Financial Services,,0.28107,0.225,0.156,28.40495,7.29789,282.325,1.71
2026-10-05,NUVOCO,Basic Materials,,0.03329,0.089,0.198,31.463299,1.1524414,48.061,
2026-10-05,NYKAA,Consumer Cyclical,,0.02405,0.291,2.5,365.11237,64.7053,82.829,
2026-10-05,OBEROIRLTY,Real Estate,,0.41592997,0.317,0.289,24.238153,3.5598135,15.765,0.46
2026-10-05,OFSS,Technology,0.49897,0.38154,0.687,1.202,26.631227,13.09733,0.567,6.38
2026-10-05,OIL,Energy,,0.21685,0.577,0.914,8.643177,1.2450297,58.741,2.93
2026-10-05,OLAELEC,Consumer Cyclical,,-0.92606,-0.45,,,4.9504824,82.453,
2026-10-05,OLECTRA,Industrials,,0.06984,0.657,-0.003,52.600643,7.605125,30.841,0.05
2026-10-05,ONESOURCE,Healthcare,,-0.0315,0.372,,,3.1058338,25.791,
2026-10-05,ONGC,Energy,,0.06181,0.257,0.214,6.8076463,0.7772927,42.548,6.3
2026-10-05,PAGEIND,Consumer Cyclical,,0.14126,0.079,-0.04,54.05405,27.212923,18.422,2.18
2026-10-05,PARADEEP,Basic Materials,,0.04575,0.631,0.208,14.791102,2.339033,101.822,0.96
2026-10-05,PATANJALI,Consumer Defensive,,0.046090003,0.274,0.861,19.610712,2.9480367,21.295,1.14
2026-10-05,PAYTM,Technology,,0.07249,0.277,0.799,163.96039,6.6247687,1.073,
2026-10-05,PCBL,Basic Materials,,0.030269999,0.17,0.589,51.2093,3.2438962,124.132,1.35
2026-10-05,PERSISTENT,Technology,0.25203,0.12236,0.291,0.121,43.858788,9.973223,6.94,0.67
2026-10-05,PETRONET,Energy,,0.113199994,-0.532,0.351,10.181883,1.9213428,10.507,3.5
2026-10-05,PFC,Financial Services,,0.54484004,0.008,0.021,4.128452,0.75246125,536.837,4.73
2026-10-05,PFOCUS,Communication Services,,0.02349,0.238,,228.63309,11.822037,224.567,
2026-10-05,PGEL,Technology,,0.03537,0.353,0.137,71.0,4.6583557,19.567,0.05
2026-10-05,PHOENIXLTD,Real Estate,,0.28164,0.128,0.233,53.94075,6.2803645,37.211,0.13
2026-10-05,PIDILITIND,Basic Materials,,0.17202,0.213,0.296,57.6965,13.932032,3.776,0.77
2026-10-05,PIIND,Basic Materials,,0.17879999,-0.104,-0.389,29.114582,3.0204787,3.048,0.67
2026-10-05,PINELABS,Technology,,0.044949997,0.196,2.644,159.37383,3.3020291,7.474,
2026-10-05,PIRAMALFIN,Financial Services,0.06038,0.32198003,0.021,0.671,27.879845,1.6350586,286.781,0.51
2026-10-05,PNB,Financial Services,0.14965999,0.38147,-0.064,1.75,6.09375,0.83128756,,2.66
2026-10-05,PNBHOUSING,Financial Services,,0.61353,0.058,0.043,12.368925,1.4871794,287.733,0.74
2026-10-05,POLICYBZR,Financial Services,,0.102019995,0.401,0.923,65.77181,6.1941032,4.922,
2026-10-05,POLYCAB,Industrials,0.25549,0.09184,0.39,0.325,42.443558,9.94605,1.738,0.59
2026-10-05,POLYMED,Healthcare,,0.15774,0.303,-0.075,55.264767,5.3129835,11.227,0.21
2026-10-05,POONAWALLA,Financial Services,,0.22666,1.003,3.37,48.01846,3.4530816,468.058,
2026-10-05,POWERGRID,Utilities,,0.33797002,0.027,-0.008,13.254408,2.4349613,150.813,3.91
2026-10-05,POWERINDIA,Industrials,,0.12555,0.686,1.235,121.95027,26.945126,1.663,0.03
2026-10-05,PPLPHARMA,Healthcare,,-0.03407,0.174,,,3.3713255,69.977,0.08
2026-10-05,PREMIERENE,Technology,,0.19667,0.353,0.53,23.36482,9.182991,86.005,0.17
2026-10-05,PRESTIGE,Real Estate,0.07752,0.08725,0.159,-0.193,56.185253,3.9335835,105.493,0.13
2026-10-05,PRIVISCL,Basic Materials,,0.13096,0.192,0.36,41.406143,9.919216,74.399,0.28
2026-10-05,PTCIL,Industrials,,0.18008,0.974,4.657,270.57193,22.308329,17.341,
2026-10-05,PVRINOX,Communication Services,,0.0652,0.104,,41.65028,1.5805104,91.874,
2026-10-05,PWL,Consumer Defensive,,0.00497,0.239,,1783.7142,7.955907,23.018,
2026-10-05,RADICO,Consumer Defensive,,0.11297,0.118,0.76,80.874214,17.110136,15.033,0.21
2026-10-05,RAILTEL,Communication Services,0.16254,0.08096,0.276,0.252,24.438677,3.6760843,2.817,1.27
2026-10-05,RAINBOW,Healthcare,,0.1568,0.332,0.133,48.090164,8.3437,53.558,0.25
2026-10-05,RAMCOCEM,Basic Materials,,0.06988,0.096,-0.633,31.086637,2.4722571,47.897,0.29
2026-10-05,RBLBANK,Financial Services,,0.11102,-0.062,-0.117,33.34571,1.4915485,,0.25
2026-10-05,RECLTD,Financial Services,,0.6889,0.252,-0.061,5.043301,0.92871416,607.463,2.04
2026-10-05,REDINGTON,Technology,,0.013259999,0.346,0.767,18.56815,3.1130261,27.26,1.48
2026-10-05,RELIANCE,Energy,,0.066149995,0.297,-0.224,22.044907,1.7783234,36.653,0.5
2026-10-05,RHIM,Industrials,,-0.0868,0.056,1.216,,2.2775912,12.595,0.65
2026-10-05,RITES,Industrials,,0.16983,0.087,0.084,22.412865,3.440395,0.236,5.61
2026-10-05,RKFORGE,Industrials,,0.02408,0.198,2.892,121.96062,3.918672,74.422,0.28
2026-10-05,RPOWER,Utilities,,-0.041199997,0.038,0.472,,0.5079676,92.348,
2026-10-05,RRKABEL,Industrials,,0.0561,0.539,1.285,47.226784,11.125609,13.092,0.45
2026-10-05,RUBICON,Healthcare,,0.14889,0.516,0.821,93.17607,20.743721,24.131,0.09
2026-10-05,RVNL,Industrials,,0.0432,0.106,0.169,46.68247,4.1819687,49.078,1.74
2026-10-05,SAGILITY,Healthcare,,0.13036,0.276,0.438,20.113209,2.031637,11.497,0.46
2026-10-05,SAIL,Basic Materials,,0.03844,0.013,1.211,17.53769,1.1951972,52.899,1.35
2026-10-05,SAILIFE,Healthcare,,0.16075,0.117,0.208,91.635185,13.214438,11.614,
2026-10-05,SAMMAANCAP,Financial Services,,0.0,-0.245,-0.5,,0.5858931,273.033,
2026-10-05,SANSERA,Consumer Cyclical,,0.09284,0.333,0.383,87.68116,9.145788,19.023,0.09
2026-10-05,SARDAEN,Basic Materials,,0.19941,-0.015,0.054,15.346838,2.3925161,35.204,0.4
2026-10-05,SBICARD,Financial Services,,0.18199,0.234,0.195,23.53531,3.4096553,280.206,0.44
2026-10-05,SBILIFE,Financial Services,0.13703,0.021389998,0.188,0.218,67.0416,8.672773,,0.16
2026-10-05,SBIN,Financial Services,0.15177,0.22376,0.103,0.099,10.547601,1.4322203,,1.8
2026-10-05,SCHAEFFLER,Consumer Cyclical,0.21645,0.119320005,0.173,0.13,48.23838,9.837319,0.783,0.9
2026-10-05,SCHNEIDER,Industrials,,0.06292,0.048,-0.698,153.55298,36.649296,70.795,
2026-10-05,SCI,Industrials,,0.25642002,0.403,0.75,7.8339086,1.3929979,29.454,2.76
2026-10-05,SHREECEM,Basic Materials,,0.07445,0.18,-0.177,48.943047,3.3820572,8.013,0.63
2026-10-05,SHRIPISTON,Consumer Cyclical,,0.11332,0.531,0.08,36.445297,7.0660925,65.22,0.21
2026-10-05,SHRIRAMFIN,Financial Services,0.18495001,0.50009996,0.428,0.295,17.5292,2.784446,276.215,1.41
2026-10-05,SHYAMMETL,Basic Materials,,0.057350002,0.235,0.207,26.465792,2.6495304,8.133,0.42
2026-10-05,SIEMENS,Industrials,,0.19017,0.148,4.061,80.126854,9.752006,2.213,0.48
2026-10-05,SIGNATURE,Real Estate,,0.45731997,-0.362,,10.144819,5.7212214,161.04,
2026-10-05,SJVN,Utilities,,0.12771,0.52,-0.017,32.897728,1.5991383,226.528,2.59
2026-10-05,SOBHA,Real Estate,,0.04106,0.5,2.74,56.21584,2.7502458,24.62,0.49
2026-10-05,SOLARINDS,Basic Materials,,0.17543,0.703,0.927,86.52367,27.562782,23.271,0.06
2026-10-05,SONACOMS,Consumer Cyclical,,0.14212,0.524,0.443,75.07279,8.575334,7.213,0.45
2026-10-05,SRF,Industrials,,0.12715,0.318,0.756,34.10425,5.2480483,36.195,0.4
2026-10-05,STARHEALTH,Financial Services,0.07507,0.03619,14.078,1.096,47.515446,3.1235492,,
2026-10-05,STLTECH,Technology,,0.04306,0.874,17.55,198.23529,19.583324,85.626,
2026-10-05,SUMICHEM,Basic Materials,,0.17858,0.006,0.204,38.20922,6.346729,1.865,0.3
2026-10-05,SUNDARMFIN,Financial Services,,0.4609,0.268,0.338,21.814754,3.2802296,409.161,0.91
2026-10-05,SUNPHARMA,Healthcare,,0.20188999,0.105,0.274,37.0074,5.311437,5.517,0.87
2026-10-05,SUNTV,Communication Services,,0.33966,0.13,0.17,14.325089,1.7296721,0.837,3.85
2026-10-05,SUPREMEIND,Industrials,,0.09115,0.042,0.387,41.676945,6.95973,1.473,1.07
2026-10-05,SUZLON,Industrials,0.39366,0.18090001,0.225,-0.083,16.991266,5.470266,2.807,
2026-10-05,SWANCORP,Industrials,,0.053590003,-0.164,,40.16312,1.1776915,24.561,0.05
2026-10-05,SWIGGY,Consumer Cyclical,,-0.1505,0.373,,,3.3866951,13.929,
2026-10-05,SYNGENE,Healthcare,,0.061389998,-0.158,,66.53006,3.0335119,9.473,0.33
2026-10-05,SYRMA,Technology,,0.06737,0.683,0.86,86.51329,11.309758,13.045,0.09
2026-10-05,TARIL,Industrials,,0.10132,0.081,-0.085,31.682081,5.3131056,29.595,0.09
2026-10-05,TATACAP,Financial Services,,0.39678,0.403,0.472,26.681454,3.041963,502.931,0.17
2026-10-05,TATACHEM,Basic Materials,,-0.14319,0.144,,,0.7352808,36.081,1.71
2026-10-05,TATACOMM,Communication Services,,0.0372,0.105,-0.294,50.89976,13.938107,335.854,1.04
2026-10-05,TATACONSUM,Consumer Defensive,,0.078379996,0.119,0.279,58.207146,4.36473,12.159,1.04
2026-10-05,TATAELXSI,Technology,,0.1674,0.145,0.181,29.410421,6.3350697,5.336,2.42
2026-10-05,TATAINVEST,Financial Services,,1.05248,0.041,-0.018,72.43816,1.0648484,0.007,0.55
2026-10-05,TATAPOWER,Utilities,,0.060890004,0.056,0.109,30.096884,2.8917058,168.051,0.69
2026-10-05,TATASTEEL,Basic Materials,,0.04602,0.143,0.114,21.47831,2.2989416,89.017,2.15
2026-10-05,TATATECH,Technology,,0.094,0.338,0.062,49.709934,7.093336,23.908,1.18
2026-10-05,TBOTEK,Consumer Cyclical,,0.08561,0.811,0.323,68.19179,11.573314,48.762,
2026-10-05,TCS,Technology,0.47743,0.18052,0.139,0.046,14.954337,6.754803,10.211,3.14
2026-10-05,TDPOWERSYS,Industrials,,0.12945,0.721,0.72,93.02367,22.914236,1.689,0.14
2026-10-05,TECHM,Technology,,0.086780004,0.177,0.283,26.494452,4.5698667,7.269,3.31
2026-10-05,TECHNOE,Industrials,,0.12845,0.198,-0.315,27.241426,2.8211968,1.744,0.71
2026-10-05,TEGA,Industrials,,0.00691,3.84,,569.94476,4.549323,11.693,0.1
2026-10-05,TEJASNET,Technology,,-0.70371,0.991,,,2.9670396,142.52,0.42
2026-10-05,TENNIND,Consumer Cyclical,,0.10609,0.201,-0.459,34.31023,17.173605,4.289,
2026-10-05,THANGAMAYL,Consumer Cyclical,,0.040700004,0.712,0.861,40.19055,11.11138,64.492,0.35
2026-10-05,THERMAX,Industrials,,0.05474,0.071,-0.834,63.553833,6.8074546,42.166,0.42
2026-10-05,TIINDIA,Industrials,,0.02626,0.168,-0.153,75.75267,5.8429885,5.363,0.15
2026-10-05,TIMKEN,Industrials,,0.118389994,0.166,0.148,54.204407,7.938732,0.5,0.08
2026-10-05,TITAGARH,Industrials,,0.06072,0.126,0.67,56.383713,4.521857,25.363,0.12
2026-10-05,TITAN,Consumer Cyclical,,0.062319998,0.293,0.628,71.76471,26.555025,195.001,0.31
2026-10-05,TMCV,Consumer Cyclical,,0.04809,0.193,0.834,38.55864,12.454816,44.095,0.92
2026-10-05,TMPV,Consumer Cyclical,,0.22814,-0.082,-0.803,,0.91822857,70.364,1.06
2026-10-05,TORNTPHARM,Healthcare,,0.13874,0.548,-0.082,79.23348,19.935284,85.446,0.78
2026-10-05,TORNTPOWER,Utilities,,0.079629995,0.028,-0.127,27.065712,3.2967818,70.885,1.61
2026-10-05,TRENT,Consumer Cyclical,,0.08637,0.178,0.207,78.659676,20.027025,36.034,0.15
2026-10-05,TRIDENT,Consumer Cyclical,,0.05829,0.047,0.148,29.09091,2.393674,38.323,4.36
2026-10-05,TRITURBINE,Industrials,,0.14930001,0.192,-0.212,51.161472,11.894361,2.476,0.73
2026-10-05,TTML,Communication Services,,0.03187,0.061,,176.1,-0.3445476,,
2026-10-05,TVSMOTOR,Consumer Cyclical,,0.05691,0.343,0.671,56.953278,20.465338,306.09,0.29
2026-10-05,UBL,Consumer Defensive,,0.0419,0.071,-0.095,78.8785,6.907679,29.076,0.84
2026-10-05,UCOBANK,Financial Services,0.08541001,0.21541001,0.53,0.083,10.463636,0.8538259,,1.89
2026-10-05,ULTRACEMCO,Basic Materials,,0.092930004,0.159,0.168,37.389236,4.162601,29.432,2.18
2026-10-05,UNIONBANK,Financial Services,0.15798001,0.40460998,0.164,0.274,6.338757,0.93779063,,2.91
2026-10-05,UNITDSPR,Consumer Defensive,,0.14917,-0.102,0.112,58.03196,10.944651,4.611,1.2
2026-10-05,UNOMINDA,Consumer Cyclical,,0.05801,0.238,0.012,53.464867,10.270016,37.74,0.24
2026-10-05,UPL,Basic Materials,,0.03825,0.105,,21.180328,1.2573965,57.128,1.16
2026-10-05,URBANCO,Technology,,-0.19415002,0.436,,,11.7366905,6.335,
2026-10-05,USHAMART,Basic Materials,,0.13215,0.164,0.408,28.39531,4.5757933,6.922,0.74
2026-10-05,UTIAMC,Financial Services,,0.26583,0.067,0.24,24.66892,2.4978602,3.129,4.47
2026-10-05,VAML,Basic Materials,,0.56257,0.46,2.163,41.87627,,,3.68
2026-10-05,VBL,Consumer Defensive,0.16853,0.14035,0.204,0.157,43.145,6.7030735,15.869,0.47
2026-10-05,VEDL,Basic Materials,,0.23205,-0.373,0.722,11.657634,2.0297902,48.044,13.13
2026-10-05,VEDPOWER,Utilities,0.00875,0.0060900003,0.31,,,2.88146,,
2026-10-05,VIJAYA,Healthcare,,0.21874,0.228,0.373,81.233475,15.851968,44.15,0.13
2026-10-05,VISL,Basic Materials,,0.64225,0.123,,,-4.3589745,,
2026-10-05,VMM,Consumer Cyclical,,0.0661,0.187,0.25,52.368423,6.260618,26.817,
2026-10-05,VOGL,Basic Materials,,4.20828,0.089,,,-0.1631541,,
2026-10-05,VOLTAS,Consumer Cyclical,,0.02999,0.187,0.52,77.49815,5.4654336,15.51,0.38
2026-10-05,VTL,Consumer Cyclical,,0.08324,0.133,0.492,17.721008,1.427133,17.52,0.92
2026-10-05,WAAREEENER,Technology,,0.12703,0.792,0.142,17.676386,4.659517,21.402,0.17
2026-10-05,WELCORP,Basic Materials,,0.13348,0.149,1.983,32.146286,8.104254,25.042,0.18
2026-10-05,WELSPUNLIV,Consumer Cyclical,,0.02795,0.237,0.837,77.637924,4.3915424,46.501,0.04
2026-10-05,WHIRLPOOL,Consumer Cyclical,,0.03013,0.121,-0.294,44.24533,2.6733074,8.621,0.55
2026-10-05,WIPRO,Technology,0.16128999,0.13919,0.106,0.009,12.532962,2.0146832,27.398,4.95
2026-10-05,WOCKPHARMA,Healthcare,,0.11196,0.259,,86.75546,7.2741394,42.284,
2026-10-05,YESBANK,Financial Services,0.074650005,0.23185,0.09,0.308,17.436974,1.247445,,
2026-10-05,ZEEL,Communication Services,,0.025139999,0.045,-0.473,34.976192,0.59370804,2.26,2.61
2026-10-05,ZENSARTECH,Technology,,0.13362001,0.089,0.009,12.685021,2.0656774,1.68,3.43
2026-10-05,ZENTEC,Industrials,,0.26845,-0.105,-0.279,80.66434,8.080924,0.95,0.06
2026-10-05,ZFCVINDIA,Consumer Cyclical,,0.118599996,0.093,-0.146,2.5599947,7.095545,1.485,0.17
2026-10-05,ZYDUSLIFE,Healthcare,,0.15784,0.22,-0.359,27.094397,4.506113,42.304,0.08
2026-10-05,ZYDUSWELL,Consumer Defensive,,0.041479997,0.669,-0.07,85.16863,2.7581027,54.974,0.23
