date,symbol,open,high,low,close,volume,return_1d,return_5d,return_20d,sma20,sma50,ema20,ema50,rsi14,atr14_pct,range_pct,volatility20,macd,macd_signal,bb_position,close_sma20_gap,close_sma50_gap,volume_ma20,volume_ratio,volume_ma5,volume_trend5,technical_score,market_regime,market_regime_score,returnOnEquity,profitMargins,revenueGrowth,earningsGrowth,trailingPE,priceToBook,debtToEquity,dividendYield,fundamental_score,sector_regime_score,ranking_model_score,fundamental_coverage_pct,total_score,rank
2026-10-08,CUPID,348.5,357.0,344.0,356.6499938964844,29246505.0,0.036923916960958536,0.1412799804687499,0.2854567605149523,290.6125007629395,280.65799926757813,300.36183056400404,274.8204241441498,80.56018220590276,0.0445815183744354,0.036450302039744815,0.03966267124289614,17.41770403890115,9.86987380185355,1.1428420176436482,0.22723555580086163,0.27076368686165897,25412374.65,1.1508765081109806,22112811.2,0.8701591844349738,76.84104627766598,NEUTRAL,0.0,,0.30351,1.587,1.909,343.95,102.45755,12.506,0.0,9.714650109561836,0.0,0.0,80.0,86.55569638722781,1
2026-10-08,PTCIL,24685.0,24685.0,24105.0,24470.0,31949.0,-0.008709742758760353,0.10274898602974303,0.07418788410886745,22692.0,21365.38,22712.78576885731,21535.43083729656,65.15151515151516,0.03286823515675171,0.023702492848385777,0.02730739649513289,541.8804974620434,410.4834671059809,1.06959731096354,0.07835360479464137,0.14531077846497453,24923.15,1.281900562328598,40556.4,1.627258191681228,76.60965794768612,NEUTRAL,0.0,,0.18008,0.974,4.657,276.21835,23.004686,17.341,0.0,9.35219742695261,0.0,0.0,80.0,85.96185537463873,2
2026-10-08,GLAND,3162.0,3170.5,3049.5,3079.10009765625,494992.0,-0.02269408931117256,0.07121493260057177,0.04486076883960588,2934.959997558594,2869.12,2948.7419486209114,2834.966053352229,58.84930238182668,0.02725052834627102,0.03929719598661401,0.020647005863023576,46.971187153327264,33.756541904858935,0.9751155901123871,0.04911143600510992,0.0731862374722041,411896.1,1.2017399533523139,491813.2,1.194022473143106,75.06036217303824,NEUTRAL,0.0,,0.16784,0.196,0.469,43.9039,4.7815833,2.738,0.69,9.717534716606107,0.0,0.0,80.0,84.77789688964435,3
2026-10-08,BBOX,901.0,913.5999755859375,851.2000122070312,856.5499877929688,1783133.0,-0.03198280903407247,0.07627067169580726,0.14996310111866795,805.5449951171875,775.5669982910156,809.1212858118828,799.3646907856934,61.0358573293671,0.047682975300145806,0.07285034646919936,0.03387957394903684,19.384733843317576,12.094917840415537,0.8137342290726374,0.06331737269171578,0.10441778683260328,867165.8,2.056276896528899,1141669.8,1.3165530743947698,78.55130784708248,NEUTRAL,0.0,,0.033970002,0.239,0.129,67.85659,12.204154,89.594,0.12,5.797192708405792,0.0,0.0,80.0,84.34850055548827,4
2026-10-08,GESHIP,1567.9000244140625,1577.0,1528.0,1529.699951171875,808056.0,-0.024363845045836552,-0.0005880206640653807,0.09248679082699374,1487.8049926757812,1398.1039965820312,1493.0161136511274,1440.52772777764,64.58455473401222,0.027671158420501146,0.032032425680906904,0.01677849166572216,45.32149040283048,43.682020012079825,0.3533937576399741,0.02815890436067603,0.0941245822281882,876014.25,0.9224233509900096,567274.8,0.6475634386084473,69.63782696177063,NEUTRAL,0.0,,0.60307,0.669,1.594,5.8516283,1.2899337,6.409,3.69,13.736265334011055,0.0,0.0,80.0,83.37409229578168,5
2026-10-08,KOTAKBANK,440.0,440.0,432.95001220703125,435.0,22068737.0,-0.011363636363636354,0.039799196016659266,0.044292432475597776,416.2824981689453,409.60999938964846,418.7018209281429,410.7260611084992,67.33435403386741,0.023308704795900033,0.016206868489583335,0.014549664546157845,5.385379763389892,2.899660154398353,0.9448118065806635,0.044963460903077124,0.061985792944958984,19907519.3,1.108562883573344,24406081.6,1.22597302216354,73.71227364185111,NEUTRAL,0.0,,0.28467,0.21,0.225,21.171568,2.3704588,,0.16,9.34747775270746,0.0,0.0,70.0,83.05975139455857,6
2026-10-08,PNB,114.7300033569336,117.44999694824219,113.70999908447266,115.29000091552734,20431032.0,0.006108775634939612,0.052204081743493225,-0.013350428574795736,114.8229995727539,115.39779998779296,114.18805883995508,114.06870874648672,45.27672926214023,0.02410071572120663,0.03243991529247898,0.015619539613757378,-0.7001306735173216,-0.5941724746927795,0.08514187509133808,0.004067141117294559,-0.0009341518839789398,12470806.15,1.6383088434102553,11882189.6,0.9528004410524815,70.71428571428572,NEUTRAL,0.0,0.14965999,0.38147,-0.064,1.75,5.8352447,0.82261455,,2.67,12.095662078376634,0.0,0.0,90.0,82.80994779266236,7
2026-10-08,RRKABEL,2701.0,2749.60009765625,2666.300048828125,2696.39990234375,281302.0,-0.009586812729568406,0.07076481400491952,0.10644230707581048,2514.119982910156,2642.19599609375,2580.0186656903043,2549.834743414279,68.59477582061953,0.03213808875089188,0.03089306180278355,0.022264085201109566,28.978599103467786,-7.701710235655012,0.7877509555715622,0.07250247429424617,0.020514718185227432,314008.75,0.8958412783083274,467389.4,1.488459796104408,73.69215291750503,NEUTRAL,0.0,,0.0561,0.539,1.285,51.94005,12.256491,13.092,0.42,8.927180767301397,0.0,0.0,80.0,82.61933368480642,8
2026-10-08,PWL,138.69000244140625,141.3800048828125,136.33999633789062,140.47999572753906,15455564.0,0.006519942362734232,0.16901055062046533,0.10849831931179521,131.45600204467775,126.49360046386718,130.3439182502203,127.82796486992099,54.47415456480635,0.04183615812677876,0.03587705508403468,0.03852806845226152,1.860911926929134,1.02714554139909,0.7528625291162543,0.0686464942071976,0.11056998308516874,11819800.05,1.3075994462359792,20033814.8,1.6949368614742344,76.64989939637827,NEUTRAL,0.0,,0.00497,0.239,,1648.25,8.401937,23.018,0.0,5.911832172486519,0.0,0.0,65.0,82.56173156886479,9
2026-10-08,CPPLUS,4100.0,4100.0,3889.199951171875,3972.199951171875,272932.0,-0.022804977588359754,0.04542579457824836,0.0373716669363684,3751.8099975585938,3661.53400390625,3805.343552227736,3669.310553996421,75.45582776525507,0.0411502701308481,0.053068841301892405,0.029624893167554043,94.81439085986767,64.86527884269063,0.5640549993360122,0.05874230138431713,0.08484584519335225,264238.05,1.0329019609401446,234111.8,0.8859882216054804,73.24949698189135,NEUTRAL,0.0,,0.09774,0.895,3.037,97.30788,24.95481,9.604,0.04,9.09676804901331,0.0,0.0,80.0,82.34626503090466,10
2026-10-08,HFCL,269.0,270.0,258.30999755859375,258.30999755859375,6334561.0,-0.049981598539735494,0.08369691599747298,0.10710607513246484,228.5645004272461,227.35139953613282,236.3314176120059,225.7038045288713,70.47682613679956,0.040720723339030235,0.04525571039407621,0.03538195639580888,8.502117433475604,3.1096816564903103,0.7672786460814975,0.13014049459012944,0.1361706947290673,6465216.75,0.9797909714318549,7004602.0,1.0834287961033944,74.74849094567404,NEUTRAL,0.0,,0.09554,1.199,,68.43229,7.926281,38.321,0.08,7.433939479724808,0.0,0.0,65.0,82.18243042539885,11
2026-10-08,STLTECH,1009.7999877929688,1017.9000244140625,979.0,1011.5499877929688,1603698.0,-0.005163257339720784,0.058826622330274914,0.18344543760511112,892.5874969482422,764.0710009765625,899.9036587277957,789.9590240496364,79.74996589793194,0.04448265100756904,0.03845585970391417,0.03278081571356848,69.37649271354314,58.82223847754755,0.8018177430656036,0.13327824023018398,0.3238952747848072,1977876.55,0.8108180462526845,2026950.6,1.0248114827995711,72.99798792756539,NEUTRAL,0.0,,0.04306,0.874,17.55,220.56398,21.884079,85.626,0.0,7.625752957891223,0.0,0.0,80.0,80.62374088545661,12
2026-10-08,PNBHOUSING,1143.0,1166.9000244140625,1131.199951171875,1150.0,1912348.0,0.016799292661361598,0.05311355311355315,-0.02459711620016969,1122.2049987792968,1139.3160009765625,1122.2257558628785,1121.1890391610896,53.85668814827154,0.027981358877620346,0.031043541949728262,0.018620628347054063,-6.344451552848568,-9.407783412514519,0.49434527610124573,0.02476820300296101,0.009377555493190526,969216.85,1.973085796021809,838124.6,0.8647441488455344,71.37826961770624,NEUTRAL,0.0,,0.61353,0.058,0.043,12.275562,1.4940933,287.733,0.72,8.861398387829919,0.0,0.0,80.0,80.23966800553616,13
2026-10-08,MTARTECH,7814.5,7856.0,7597.0,7849.5,110779.0,-0.0019073049780660156,0.006733358984224669,0.07453798767967146,7351.5,7122.13,7456.9864292968105,7180.505979938246,65.34723868215217,0.04055308345390516,0.03299573221224282,0.02711766297600836,207.52383996109802,154.69989823454816,0.6939998453676551,0.06774127729034896,0.1021281554815765,117084.75,0.9461437121401378,88665.8,0.7572788087261578,70.62374245472837,NEUTRAL,0.0,,0.12352,1.304,3.639,181.25145,29.4011,45.778,0.0,8.638268760614185,0.0,0.0,80.0,79.26201121534255,14
2026-10-08,PVRINOX,1335.0999755859375,1342.4000244140625,1301.0,1309.199951171875,661906.0,-0.02574795088482351,0.07726478941089043,0.07197240549371364,1264.1149963378907,1223.12,1256.1402802459388,1210.9885061874527,48.18458717716002,0.037771168691816834,0.03162238463040349,0.029019659068250662,16.835588717077144,14.60034206383835,0.4668311630400261,0.03566523217001172,0.07037735559215386,703499.75,0.9408759562458977,1268476.0,1.8030937466573371,72.43460764587525,NEUTRAL,0.0,,0.0652,0.104,,45.088417,1.6647191,91.874,0.0,6.3814937518195,0.0,0.0,65.0,78.81610139769475,15
2026-10-08,PERSISTENT,5504.5,5629.0,5430.0,5468.0,332716.0,-0.007081895769021296,0.018818706912614225,-0.007532443960431956,5403.6,5509.64,5430.259927866901,5413.228881592446,52.56410256410256,0.025812519594523985,0.036393562545720556,0.014956799349970176,-9.431144257896449,-31.02409150763222,0.30548167343560667,0.011917980605522072,-0.007557662569605328,375658.25,0.8856879890166128,333342.2,0.8873549296468266,67.12273641851107,NEUTRAL,0.0,0.25203,0.12236,0.291,0.121,43.858788,9.973223,6.94,0.67,11.500354361132707,0.0,0.0,100.0,78.62309077964377,16
2026-10-08,SUNTV,634.9000244140625,639.7999877929688,610.5,614.2000122070312,1100802.0,-0.03503533038958173,0.015206631747159083,0.36701542153178535,525.2900024414063,496.9529998779297,548.0625898833935,515.1671045959224,81.153862255336,0.05557170728548142,0.047704310014068295,0.034608450940935634,40.506171964945,26.430206621834582,0.6526996216600287,0.16925890337222338,0.23593179306272782,3445689.65,0.3194721846176715,2894224.4,0.8399550435425895,67.68611670020121,NEUTRAL,0.0,,0.33966,0.13,0.17,16.274458,1.9660596,0.837,3.19,10.868002879738375,0.0,0.0,80.0,78.55411957993958,17
2026-10-08,BHEL,448.79998779296875,451.45001220703125,429.45001220703125,429.6000061035156,12833612.0,-0.04214045461869431,0.020427567941842417,0.00023284308152637934,425.6500015258789,422.49800109863287,427.4404135457122,421.11592111902064,44.7287684206515,0.02918827901350975,0.05121042757783137,0.024097330099222724,3.4142504773046767,1.466270858417103,0.16848651690401845,0.009279935542057194,0.01680955882966373,7914662.55,1.6214983164380141,11675154.0,1.4751297261561709,70.91549295774648,NEUTRAL,0.0,,0.06758,0.403,,60.315186,5.6066804,31.312,0.33,7.37685894334008,0.0,0.0,65.0,78.29235190108656,18
2026-10-08,AETHER,1787.5999755859375,1804.0999755859375,1736.9000244140625,1744.0999755859375,198493.0,-0.024334303308401917,0.04437124286583094,0.06328106057911165,1682.714990234375,1647.6639965820314,1695.541549974292,1625.0207962762504,62.32446634155038,0.036547704294300015,0.038529873351611565,0.030799726541311415,33.31965013450508,26.99741166361793,0.49524122168105233,0.03647972812259348,0.058528910751194596,348272.4,0.5699360615426315,424924.2,1.2200915145730755,69.33601609657947,NEUTRAL,0.0,,0.1912,0.275,0.341,100.65315,9.657535,18.646,0.0,8.3404883066511,0.0,0.0,80.0,77.67650440323057,19
2026-10-08,CASTROLIND,196.5,198.08999633789062,194.32000732421875,196.0800018310547,2531166.0,-0.00542729951080545,-0.014871340207608164,0.0426459873262639,195.63999862670897,191.0208004760742,195.9822703509806,192.06862179696702,47.950508684995306,0.020221324922367286,0.019226789975859707,0.013133692746476524,2.545925356365899,2.806077307168802,0.04678252221704353,0.0022490452230337077,0.026485080904129932,3461535.2,0.7312264223111179,1685391.4,0.4868913076486987,62.76659959758551,NEUTRAL,0.0,0.56996,0.17066,0.25,0.421,18.657969,10.389206,2.784,6.27,14.682569371606274,0.0,0.0,100.0,77.44916896919179,20
2026-10-08,MEESHO,236.52999877929688,237.0,229.39999389648438,232.19000244140625,14861732.0,-0.01830712731624473,0.061731217016274265,0.06553163480020618,223.28899993896485,209.78500091552735,223.56625453196764,212.44569281579734,59.37665142346052,0.04765184970134709,0.03273184040485768,0.035646654017642825,6.2036502057298435,5.771501694447205,0.45407091101485164,0.03986314822886228,0.10679982566961765,24417345.8,0.6086546884223591,15569177.2,0.6376277474024223,69.97987927565393,NEUTRAL,0.0,,-0.08682,0.483,,,25.09428,1.428,0.0,7.060164903567754,0.0,0.0,55.00000000000001,77.04004417922168,21
2026-10-08,CHENNPETRO,1605.0,1625.0,1521.0999755859375,1531.0,6074578.0,-0.05042488765488573,0.13710633707562003,-0.05865717104156587,1436.6800048828125,1405.9660034179688,1437.6578081459159,1388.2529154861033,59.88251474049204,0.048133809519557126,0.06786415703073971,0.0446430918090314,18.84132160008835,7.569608256030136,0.60750458274702,0.06565135924257604,0.0889310241343444,2643918.8,2.2975660220729925,5762830.8,2.1796549878914586,67.50503018108651,NEUTRAL,0.0,,0.054780003,0.848,,5.014984,1.8843037,17.68,4.43,9.480715585106244,0.0,0.0,65.0,76.98574576619275,22
2026-10-08,LAURUSLABS,2055.0,2055.0,1997.9000244140625,1997.9000244140625,1393893.0,-0.026743970726911814,0.007006060692571925,0.0271979559969473,1988.675,1909.8139990234374,1981.8207182423312,1885.845896674927,56.89601547528238,0.02284184603394648,0.02857999644035421,0.01651150393174973,35.279200977795654,39.23413545565475,0.11960343297121577,0.004638779294787954,0.046122829466988424,1577224.2,0.8837633863340418,1293067.4,0.819837408023539,67.95774647887325,NEUTRAL,0.0,,0.1504,0.291,1.252,98.02372,20.20881,46.369,0.12,8.345586470386632,0.0,0.0,80.0,76.30333294925988,23
2026-10-08,DIVISLAB,9588.0,9658.0,9355.0,9361.0,441866.0,-0.023675427617855682,0.012109417234295705,-0.00821105048471682,9388.575,9032.75,9350.77590167216,8921.25959638698,49.516574585635354,0.020831107787629526,0.0323683367161628,0.014774985493783836,115.73645198084341,154.1992049904917,-0.09071817620063508,-0.0029370804408550555,0.036339985054385515,456548.5,0.967840218509096,361905.4,0.792698694662232,66.47887323943661,NEUTRAL,0.0,,0.26046,0.278,0.657,86.652756,15.125741,0.042,0.33,9.756088763892619,0.0,0.0,80.0,76.23496200332923,24
2026-10-08,TDPOWERSYS,835.0,836.0,790.5,793.5,2547734.0,-0.03361341664423034,0.0017041918125748623,0.0403146509341199,769.6550018310547,734.9749987792969,775.0210864790822,732.8352566709573,56.64210906149467,0.04520657386817557,0.0573408947700063,0.03997602743438035,21.063682950332122,18.04562667950095,0.3301030482779491,0.030981411297551054,0.079628560587647,3295712.6,0.7730449554369516,4107657.2,1.2463638971432158,66.88128772635815,NEUTRAL,0.0,,0.12945,0.721,0.72,93.412964,23.935984,1.689,0.13,9.344041722817243,0.0,0.0,80.0,76.22532944917539,25
2026-10-08,MRPL,182.5,183.72999572753906,170.77999877929688,173.85000610351562,13191145.0,-0.04927263740983434,0.055171230272786476,-0.04119788726539153,169.2395004272461,171.7772003173828,171.06724442564933,169.96811443046983,58.62350208421885,0.04380212071519188,0.07448948227549305,0.026518290951664077,0.8617099863637634,-0.35226862670107983,0.43982956544160384,0.027242491644269062,0.012066827159268101,10213950.75,1.291483121748947,11930841.6,1.1680927284674836,67.49496981891348,NEUTRAL,0.0,,0.028670002,1.204,,9.744562,2.1489453,108.059,2.32,8.605606693873327,0.0,0.0,65.0,76.1005765127868,26
2026-10-08,BALRAMCHIN,704.4500122070312,717.25,681.75,689.4500122070312,1408082.0,-0.024271106667793085,0.06224485813710401,-0.022264782902159053,675.525,669.7399963378906,677.0573225378628,660.594832142202,54.6354999393846,0.03693939937481759,0.051490317458055095,0.020434787445465376,3.6236736694453384,1.9670433774402776,0.4626628666256275,0.020613614902529553,0.02942935464047869,1206457.9,1.1671207093094589,1273552.6,1.0556129641987508,69.69818913480884,NEUTRAL,0.0,,0.05829,0.061,-0.154,37.962658,3.3743021,76.606,1.04,5.973378003692594,0.0,0.0,80.0,75.67156713850143,27
2026-10-08,AEGISLOG,1473.9000244140625,1473.9000244140625,1372.699951171875,1382.300048828125,880558.0,-0.0533487912263193,-0.013417976650774266,0.05712761902485841,1380.9649963378906,1340.6479956054689,1373.6511972952553,1323.6040564008597,47.13816412312919,0.05130681499779971,0.07321136487550736,0.035025029203102326,20.5165934843194,19.066970542516984,0.014503723064615129,0.0009667533165393927,0.031068597692450295,918176.35,0.9590292758030633,865764.2,0.9429171204420589,65.80482897384306,NEUTRAL,0.0,,0.13949001,0.371,2.69,40.355595,8.091799,47.243,0.99,9.839204444456342,0.0,0.0,80.0,75.6440334182994,28
2026-10-08,ABDL,699.7999877929688,714.7999877929688,680.8499755859375,693.4500122070312,845048.0,-0.0011523050672938018,0.0206049006526976,0.13410744682794373,677.4750030517578,637.4360046386719,678.3939740202593,650.4262542780891,61.58706801477677,0.04293232794832718,0.04895812475217808,0.027343474245096422,19.90767782577825,20.47430049152288,0.24279048857397167,0.023580219319255136,0.08787393112522834,1185866.6,0.7125995453451509,456578.6,0.3850168307295272,70.25150905432595,NEUTRAL,0.0,,0.05554,0.061,-0.129,91.27076,12.022644,68.251,0.78,4.652489831188007,0.0,0.0,80.0,74.90399888551396,29
2026-10-08,AIIL,547.9000244140625,554.9500122070312,545.0,550.0999755859375,115980.0,0.0008186139395784942,0.02002593739556091,0.07378486959528208,546.4699951171875,548.6909997558594,545.9109648825422,542.519470057833,45.05003666186894,0.02763781428858955,0.018087643425966384,0.024107545444345756,1.933066243812391,1.4203102457857708,0.1814063097502768,0.0066425979489899145,0.0025678858058635345,464408.6,0.24973697730834443,79912.4,0.17207347150763358,65.06036217303823,NEUTRAL,0.0,,0.82054,0.141,0.175,28.146215,3.107936,24.59,0.04,9.300650409358646,0.0,0.0,80.0,74.36101258239688,30
2026-10-08,MPHASIS,2299.0,2357.300048828125,2280.800048828125,2303.39990234375,753209.0,0.006290914086391375,0.023642321716418557,0.005105359087646866,2272.0849731445314,2371.8939892578123,2285.2411637375485,2323.7806065193513,50.46875,0.02631203673989654,0.033211775307518204,0.01799263246807784,-24.65313407715803,-36.65984780929281,0.29758721231473334,0.013782463934823408,-0.028877381208548325,437432.7,1.7218854466069866,484981.6,1.1086999211535853,62.947686116700204,NEUTRAL,0.0,0.17743999,0.115559995,0.175,0.107,22.522268,3.7878518,24.675,2.76,10.991385403176569,0.0,0.0,100.0,73.93907151987678,31
2026-10-08,DEEPAKFERT,1415.0,1415.0999755859375,1378.300048828125,1390.199951171875,269929.0,-0.017804205742203316,0.06864472679061873,0.04088048561245605,1341.3600036621094,1414.1460009765624,1358.5820100024794,1397.15369305853,55.670847416287316,0.03573483899686133,0.02647095961037248,0.02565408688101212,-10.204657247364821,-22.606436002864758,0.6757783378985723,0.03641076771070062,-0.016933223152454602,242984.95,1.110887731935661,336297.0,1.3840239899631643,63.83299798792757,NEUTRAL,0.0,,0.08131,0.225,1.016,17.773216,2.5559626,75.969,0.77,9.668990980291067,0.0,0.0,80.0,73.50198896821864,32
2026-10-08,HEXT,503.1000061035156,519.9000244140625,503.0,511.3999938964844,360024.0,0.011671600190869214,0.0427158347803438,0.01680083802438559,502.97750091552734,531.3209973144532,505.75700229312264,520.0574849961956,41.682478808512805,0.027026654118524018,0.033046587046857374,0.015233384044151926,-8.310731501643772,-11.132499023076292,0.331581951520049,0.0167452678611395,-0.037493348688756756,163256.25,2.20526932353279,162648.2,0.9962754871559283,62.58551307847082,NEUTRAL,0.0,0.21473,0.09318,0.179,-0.125,22.522936,4.4610004,10.18,2.91,10.86477050024338,0.0,0.0,100.0,73.45028357871419,33
2026-10-08,AZAD,3051.0,3052.699951171875,2863.10009765625,2883.699951171875,603130.0,-0.05396627604326232,0.007969537420531969,0.039733171505994314,2814.25498046875,2742.1999951171874,2851.1929667450527,2720.4371911681565,55.120605939574155,0.04329010577887215,0.06574881462219244,0.035175623896451756,66.31227666777522,50.67861724003857,0.2628628153633187,0.024676147394276926,0.05160088844965549,1007912.15,0.598395405790078,663923.4,0.6587115752102006,65.65392354124748,NEUTRAL,0.0,,0.21756001,0.259,0.213,141.84271,12.880462,31.025,0.0,7.677912552822943,0.0,0.0,80.0,73.33183609407043,34
2026-10-08,SCI,285.1000061035156,288.3500061035156,276.1000061035156,280.75,3562794.0,-0.016120574750739247,0.051301302502407164,-0.015603127687809915,276.55749664306643,286.6220001220703,279.66550139667385,283.63998408228366,53.47745029427625,0.030008923353819487,0.04363312555654497,0.024853751203762355,-1.067106093247446,-2.7973079939702474,0.2932212867927687,0.015159608427988358,-0.020486913494321635,2745243.55,1.297806163682636,7080277.6,2.5791072708284846,60.684104627766594,NEUTRAL,0.0,,0.25642002,0.403,0.75,8.31894,1.4792446,29.454,2.58,12.284110492173017,0.0,0.0,80.0,72.96821511993961,35
2026-10-08,FSL,263.0,282.8500061035156,260.1000061035156,266.3500061035156,19360929.0,0.02758485169658642,0.041243170155956355,0.045534862035390145,261.84500350952146,271.83580108642576,261.62442580640607,264.116606387182,43.90243969677605,0.03448739955261619,0.08541392708344195,0.03728309385686003,-2.2912845127249852,-2.746917559927511,0.21580493712097606,0.01720484459742755,-0.020180546348146478,3678417.25,5.263385767343278,4463680.0,1.2134784328776187,64.89939637826961,NEUTRAL,0.0,,0.06668,0.229,-0.017,27.337183,4.0977154,67.135,2.14,7.686108796441108,0.0,0.0,80.0,72.58550517471072,36
2026-10-08,HONASA,477.0,483.5,465.0,467.5,710408.0,-0.020018840870641208,0.09254500273046395,-0.007536329232491257,462.1699966430664,468.9549969482422,461.42957645291006,460.95924113328215,45.58769891750258,0.03932773015989066,0.039572192513368985,0.029963497012854282,-3.0602634872464023,-4.567486888556101,0.1475555873402237,0.011532560303887385,-0.003102636623366184,3029836.8,0.23447071472628495,5512819.4,1.8195103445835765,63.561368209255534,NEUTRAL,0.0,,0.09749,0.27,1.19,62.769028,11.005015,9.586,0.68,9.001909852867177,0.0,0.0,80.0,72.5632780621227,37
2026-10-08,ANGELONE,300.20001220703125,301.95001220703125,293.1499938964844,295.0,7127143.0,-0.023178807947019875,0.06575149208692843,-0.007736252564431334,291.1275009155273,292.53999877929687,290.09790210320153,295.64813480726696,47.10859911391408,0.02783293273777996,0.029830570544226696,0.020219570149904355,-1.543811389845132,-3.0419352990514197,0.18969132192049254,0.013301728872382679,0.008409110654844287,4243024.8,1.6797316386178087,6623965.0,1.561142183283963,62.33400402414487,NEUTRAL,0.0,,0.20698,0.23,1.0,26.696833,4.3921685,129.314,1.77,10.024523552181831,0.0,0.0,80.0,72.3585275763267,38
2026-10-08,LGEINDIA,1782.0,1785.0,1705.0,1723.0,388098.0,-0.03218561324302749,0.0006969166789672077,0.044242424242424194,1699.4150024414062,1658.4600073242189,1711.6627136431905,1666.182810064989,54.639172126128656,0.02683028244930717,0.046430644225188625,0.01501582370119691,28.820278582368474,25.797352497411996,0.24602505158416182,0.013878303724935481,0.03891561592727877,649717.75,0.5973332266203286,918375.8,1.4134996311860035,65.12072434607646,NEUTRAL,0.0,,0.07135,0.155,0.272,63.7379,15.159431,5.99,,6.9856506045466595,0.0,0.0,74.99999999999999,72.10637495062312,39
2026-10-08,APARINDS,18296.0,18375.0,17600.0,17816.0,99689.0,-0.018942731277532987,0.00951949229374427,0.02733248760235263,17787.9,17229.56,17738.901471700392,17046.14557532536,37.03980099502488,0.03757457181345821,0.043500224517287835,0.027956237509003102,213.849404321365,252.28353203921031,0.025731242930924922,0.0015797255437683955,0.03403685294342962,122756.05,0.8120903205992699,80690.0,0.6573199447196288,63.7625754527163,NEUTRAL,0.0,,0.04844,0.291,0.774,60.349537,13.168097,17.716,0.34,7.959993351656479,0.0,0.0,80.0,71.72256880437277,40
2026-10-08,LEMONTREE,112.70999908447266,113.45999908447266,109.55999755859375,110.05000305175781,5897212.0,-0.02195159673834557,0.02210462453132056,0.04115426896034502,106.41749992370606,107.69720016479492,107.46957234134176,108.11635325493421,60.12444376167278,0.025442982729016187,0.03543844995665007,0.01526604890035836,0.7130277096327262,-0.06329824714999804,0.7073271006155052,0.03413445279823346,0.021846462891910834,3978918.0,1.4821144843899774,3926746.0,0.9868878926381494,64.49698189134809,NEUTRAL,0.0,,0.15843001,0.092,0.208,37.077442,6.2646494,96.367,0.0,6.965372616117925,0.0,0.0,80.0,71.46235450746602,41
2026-10-08,NAVINFLUOR,8475.0,8590.0,8400.0,8417.5,89630.0,-0.008539458186101245,0.03453573403797705,-0.03252686627205337,8380.675,8344.65,8386.866457669816,8256.937880350657,43.29054842473746,0.022465951037379608,0.022572022572022572,0.01867388626659989,2.61642411799221,5.7949019667877755,0.11660124779369443,0.0043940374731152865,0.008730144463818146,104928.75,0.8541986824392742,89471.4,0.8526871805868267,61.80080482897384,NEUTRAL,0.0,,0.21733,0.441,1.009,55.43937,11.006396,32.091,0.18,9.552121726616008,0.0,0.0,80.0,71.35292655558985,42
2026-10-08,PETRONET,295.95001220703125,296.95001220703125,288.0,288.5,2877357.0,-0.028619528619528656,0.014059753954305698,0.00909411038482566,287.46000518798826,286.78300231933594,288.57321969555363,286.3013911749484,54.297861951462764,0.022864571949372525,0.031022572641356154,0.01582696797808432,1.3290782228875742,0.6342745587714842,0.1194474374914897,0.003617876550623622,0.005987097097031491,1979812.85,1.4533479768049793,3127397.6,1.5796430455535229,61.921529175050296,NEUTRAL,0.0,,0.113199994,-0.532,0.351,10.181883,1.9213428,10.507,3.5,9.33921386501935,0.0,0.0,80.0,71.26074304006964,43
2026-10-08,AXISBANK,1244.699951171875,1257.0,1232.5999755859375,1245.0,7351699.0,0.002012072434607548,0.022923362890243215,-0.0008025682182986049,1231.8799926757813,1241.8300048828125,1233.9746539603618,1245.7434753059358,46.73558302173755,0.020395869191049912,0.019598413183985943,0.015544247438558447,-3.5338268274599614,-6.696301197293621,0.3701840819728369,0.010650394033691946,0.002552680402891916,5493718.85,1.3382008072728369,6404122.6,1.165717208116684,60.79476861167002,NEUTRAL,0.0,0.13352999,0.36031,0.14,0.218,13.975364,1.7392589,,0.08,10.2918232456184,0.0,0.0,90.0,71.08659185728843,44
2026-10-08,ICICIGI,1591.0,1628.5999755859375,1589.300048828125,1624.0,895783.0,0.021383647798742134,0.03902751119641712,0.10853242320819123,1526.7899963378907,1567.1140014648438,1555.823739903656,1577.2535568578976,69.65174532215605,0.02672414759529216,0.02419946228929341,0.023091699952311997,15.015952991887389,-0.11915406834351572,0.8011406566167864,0.06366953143213805,0.0362998470321767,889698.45,1.0068388901880183,660322.4,0.7421867487798816,64.09456740442656,NEUTRAL,0.0,0.1463,0.08764,0.109,-0.462,32.36025,4.5773897,,0.9,6.961838382448205,0.0,0.0,90.0,71.05640578687476,45
2026-10-08,NTPCGREEN,88.51000213623047,91.9800033569336,87.62000274658203,90.80000305175781,6495386.0,0.025872792455734928,-0.003183590929755953,0.03511173949149193,90.4814998626709,90.57960006713867,90.66996517532657,91.28835721203502,54.90623467383934,0.029735678218941162,0.048017626253451504,0.0191198848004188,0.026649763884535105,0.20240144196014248,0.05668841401584466,0.0035200918372300105,0.002433251907226097,2884884.0,2.2515241514043547,2094910.0,0.7261678459168549,62.04225352112675,NEUTRAL,0.0,,0.18476,0.627,0.385,126.72221,4.1217923,165.281,,8.71186923142176,0.0,0.0,74.99999999999999,70.75412275254851,46
2026-10-08,TRENT,2873.60009765625,2936.0,2868.199951171875,2876.300048828125,1348255.0,-0.004843787760262619,0.11484498016593991,0.02043498728280846,2737.7199951171874,2857.77,2756.1446593419714,2817.7734118367325,54.23345094401445,0.025422037480019075,0.02357196665061018,0.031323340993519154,-18.77080918090769,-48.483406677591745,0.6483904102997032,0.05061878276744869,0.006484093831247817,1050908.8,1.2829419641361839,2032757.8,1.9342856392486198,64.29577464788733,NEUTRAL,0.0,,0.08637,0.178,0.207,85.67217,22.185238,36.034,0.16,6.351590137372331,0.0,0.0,80.0,70.64736478525965,47
2026-10-08,GILLETTE,7220.0,7320.0,7107.5,7263.5,37498.0,0.005537481830137692,0.0528337440208726,-0.016518854512219905,7103.475,7346.37,7130.004719725877,7308.372595971722,60.50744622173193,0.020582363874165347,0.029255868383010947,0.012586864062037226,-74.99312159732108,-111.7201733906516,0.556767509212908,0.022527706509841927,-0.011280401068827217,22976.7,1.632001114172183,20284.4,0.8828247746630282,62.1327967806841,NEUTRAL,0.0,,0.21035999,0.108,0.094,34.421032,24.29653,0.002,2.58,8.396595698542075,0.0,0.0,80.0,70.52939247922617,48
2026-10-08,VBL,442.0,442.0,428.95001220703125,432.0,4359257.0,-0.019852524106636404,0.015753614858537768,0.052375152253349544,427.0924987792969,426.965,429.2082166819629,434.21564087211505,58.24445100915772,0.021544305105057955,0.03020830507631655,0.013095389634902357,3.0710804008265313,1.4228479387748756,0.25894571081394824,0.011490487973283559,0.011792535687936923,4962881.75,0.8783721272424031,3372142.8,0.6794727277151021,60.03018108651912,NEUTRAL,0.0,0.16853,0.14035,0.204,0.157,43.93,6.8250318,15.869,0.46,10.354435175048124,0.0,0.0,100.0,70.38461626156725,49
2026-10-08,LICHSGFIN,519.9000244140625,547.6500244140625,519.4000244140625,537.0,14553360.0,0.04190914738603979,0.05500982318271119,-0.027702314197233013,543.0425079345703,529.8510028076172,534.3402867937099,536.5498332099967,45.999272921585025,0.03260841785703894,0.05260707635009311,0.022430711038809073,-6.339202175141736,-1.8368313131180547,-0.1275281148000298,-0.011127136174942542,0.013492467041679834,3743833.25,3.8872885163889177,4041166.4,1.079419442626084,59.73843058350101,NEUTRAL,0.0,,0.65177,0.145,0.099,4.8778152,0.675909,642.522,1.96,9.93301941862845,0.0,0.0,80.0,69.67145000212946,50
2026-10-08,BERGEPAINT,465.8999938964844,471.0,462.45001220703125,467.95001220703125,545342.0,0.008730369398216808,0.02744538295086918,-0.006053474213747911,456.23999938964846,493.2099975585937,463.93136758413715,480.07836574692243,59.689536765503675,0.024926338665293948,0.018271156255865315,0.016271934628607345,-6.773339397010659,-10.766786862031324,0.8308825419049048,0.02566634410189428,-0.05121547713266206,420354.3,1.2973389352743627,403921.8,0.9609079769137606,61.710261569416495,NEUTRAL,0.0,,0.099209994,0.12,0.285,43.291866,7.6270757,9.165,0.88,7.917939158992896,0.0,0.0,80.0,69.6282007284094,51
2026-10-08,GRAPHITE,830.0999755859375,831.0,794.2000122070312,802.1500244140625,1148046.0,-0.03824706413978696,0.020352349428374383,-0.02746115872226662,811.075,757.292998046875,800.6938611510208,763.4622343342098,44.22536193724849,0.03625968947546562,0.04587668973749595,0.027205329721273708,16.88458242960712,19.406143709225756,-0.21617558824002225,-0.011003884456970758,0.05923338322535354,1660059.25,0.6915692918791905,1167915.8,0.7035386236967145,60.6841046277666,NEUTRAL,0.0,,0.07044,0.266,0.284,77.948715,2.838412,6.295,0.86,8.885554270319343,0.0,0.0,80.0,69.56965889808595,52
2026-10-08,BANKBARODA,234.5500030517578,239.39999389648438,233.07000732421875,234.0,14605337.0,-0.002344928776813693,0.013776936898344916,-0.015234387642345637,233.35250091552734,239.35280059814454,233.8789253620582,239.29370449764326,48.005087990632305,0.019276550255706796,0.027051224667801816,0.011582950829303551,-1.893040256954265,-2.537121608260383,0.11156643122951274,0.002774768138041228,-0.02236364306065297,6159607.2,2.3711474653773377,7408213.2,1.202708705191461,59.728370221327964,NEUTRAL,0.0,0.113170005,0.27392,0.18,-0.486,6.6248217,0.71393293,,3.65,9.811296161457928,0.0,0.0,90.0,69.5396663827859,53
2026-10-08,DEEPAKNTR,1558.800048828125,1616.0,1558.699951171875,1584.0999755859375,630949.0,0.01943493834699095,0.061160184734375234,-0.03748941026348884,1566.6300231933594,1665.7980151367187,1575.9159168273268,1625.6344248047637,49.6318484301419,0.024547524820085077,0.03617199022235353,0.01856908802361127,-34.625166145172216,-39.67189947637419,0.21436187593448436,0.0111512942647225,-0.04904438521862209,192560.4,3.276629047301522,228032.6,1.1842133688962009,59.21529175050301,NEUTRAL,0.0,,0.091359995,0.364,2.074,27.09375,3.646756,27.903,0.5,10.269471142656146,0.0,0.0,80.0,69.48476289315916,54
2026-10-08,SHYAMMETL,1067.0,1073.0,1053.4000244140625,1066.800048828125,357697.0,-0.00046847182340992166,0.01813323068771555,-0.017769935725668762,1070.8800140380858,1046.9480078125,1064.0186743167333,1048.0422908057553,39.715026043892294,0.028570084876100993,0.018372679685821146,0.01571006317566146,0.22815496211705977,4.409937937641975,-0.0923743239623932,-0.0038099181574751118,0.018961821281941127,554039.4,0.6456165391847584,362657.4,0.6545696930579306,60.4225352112676,NEUTRAL,0.0,,0.057350002,0.235,0.207,27.01179,2.6060145,8.133,0.44,8.946728974551506,0.0,0.0,80.0,69.3692641858191,55
2026-10-08,MCX,3360.0,3370.300048828125,3246.0,3255.60009765625,2036036.0,-0.03182061407616665,0.01610489939333637,-0.0134545158617424,3268.6949951171873,3145.752001953125,3262.525844575619,3169.3576759967473,49.766062165001074,0.03387788529650457,0.038180379991268054,0.02172958870972912,25.217792375341105,34.80666767894601,-0.09805932118199943,-0.004006154590899036,0.03491950275639111,1740416.15,1.1698558416617773,1462670.4,0.8404141733573318,58.01810865191146,NEUTRAL,0.0,,0.5556,0.853,1.034,52.906208,19.378134,0.113,0.25,11.114740701864582,0.0,0.0,80.0,69.13284935377604,56
2026-10-08,BSE,3355.0,3389.0,3311.0,3334.800048828125,4341066.0,-0.006317029550618303,0.09481288536707977,0.008711448526353527,3227.1150024414064,3330.5680126953125,3238.412418669545,3337.9915888780915,53.44967571445141,0.031805283599385524,0.02338970818577558,0.024077230873714172,-25.474883927220162,-52.785574029075946,0.5168081166602586,0.03336882828943244,0.001270664978670677,5505117.1,0.7885510736910574,4910912.6,0.8920632405802957,59.67806841046277,NEUTRAL,0.0,,0.48918,0.64,0.621,44.376457,15.687365,0.0,0.33,9.42389202704772,0.0,0.0,80.0,69.10196043751048,57
2026-10-08,ICICIBANK,1350.0,1360.800048828125,1340.0,1349.0,11274992.0,-0.006261510128913406,0.02929957662855509,-0.02564102564102566,1337.9300048828125,1390.4200024414063,1345.4045597236623,1368.6367209917612,53.243407461416936,0.015270578549421529,0.01541886495783914,0.01062944371754094,-15.431822869665893,-21.187758622152934,0.24120392926150647,0.008273971789845014,-0.029789561692638133,8923255.85,1.2635513527273792,10294811.4,1.153705729506792,58.179074446680076,NEUTRAL,0.0,0.16073999,0.27531,0.114,0.138,17.35781,2.531784,,0.9,10.371730855377347,0.0,0.0,90.0,68.55080530205743,58
2026-10-08,WELCORP,2699.39990234375,2709.39990234375,2593.0,2651.300048828125,1394418.0,-0.01970718291192608,0.0174610481032349,-0.0452302416121001,2657.5800170898438,2364.5200073242186,2627.231234840407,2384.287358939153,49.64624342809697,0.05262378059428629,0.04390295334366202,0.04401905789386741,72.41140568808896,104.29319505693569,-0.025037157776239407,-0.0023630401422853886,0.12128467537411014,1929114.9,0.7228278626638569,1360245.0,0.705113521231939,59.48692152917505,NEUTRAL,0.0,,0.13348,0.149,1.983,30.399862,7.6665983,25.042,0.2,8.923661989936852,0.0,0.0,80.0,68.4105835191119,59
2026-10-08,SYRMA,1752.0,1759.5,1657.5999755859375,1680.9000244140625,904475.0,-0.03767099593359857,-0.021537923903703238,0.05135099642141894,1681.0300048828126,1557.8740063476562,1675.1266201450621,1573.785784086633,45.24187291235383,0.04208204415892427,0.06062229932418698,0.033547280338156,47.84468547974484,57.30321550514468,-0.0008412405096801329,-7.732192071085997e-05,0.0789704543275831,2265249.6,0.3992827103909432,876531.4,0.38694693953372733,59.325955734406435,NEUTRAL,0.0,,0.06737,0.683,0.86,87.62871,11.262305,13.045,0.09,8.563640254402921,0.0,0.0,80.0,67.88959598880936,60
2026-10-08,MOTILALOFS,1066.9000244140625,1066.9000244140625,1011.25,1014.2999877929688,788865.0,-0.050191998684992134,0.02464891683718151,-0.0006896671990456182,1013.5275024414062,982.737001953125,1016.9507388370365,990.5172848790653,50.74860508534189,0.032094627368293,0.05486544916080721,0.025828169170452067,10.878775742378139,9.375497865036756,0.01436979241818619,0.0007621750270236927,0.0321174289531323,853141.95,0.9246585518388822,929167.6,1.0891125445185295,58.752515090543255,NEUTRAL,0.0,,0.22963,0.239,0.087,30.732693,4.6227202,165.8,1.11,8.623129901298194,0.0,0.0,80.0,67.37564499184145,61
2026-10-08,BHARTIHEXA,1470.0,1538.0,1467.9000244140625,1500.699951171875,373610.0,0.015427245673706347,0.08809455068263605,-0.025012994556482315,1471.6899963378905,1525.6,1465.2770674614803,1504.77742872261,44.15776751837117,0.027882229620855167,0.04671151986857695,0.023431310655882175,-28.475897408468654,-31.9345270976095,0.2414174762166565,0.01971200110496918,-0.01632147930527328,207043.65,1.8044987131940535,544556.6,2.6301535932157303,59.57746478873239,NEUTRAL,0.0,,0.18999,0.109,0.232,37.723667,9.621504,85.654,1.31,7.623454266592544,0.0,0.0,80.0,67.20091905532493,62
2026-10-08,KARURVYSYA,330.1000061035156,336.79998779296875,328.0,329.20001220703125,2065889.0,-0.002726427991043834,0.011989008793153122,-0.01819259113634064,326.88499908447267,335.02100036621096,328.2737070803257,328.5820568858749,46.62086815355692,0.026785709319522923,0.026731432158740347,0.014631493248345288,-2.2739706911861504,-2.9439705620851626,0.2472652475043874,0.0070820414795489395,-0.0173749948594768,1774212.25,1.1643978898240614,1632598.6,0.9201822386244938,56.28772635814889,NEUTRAL,0.0,,0.41307,0.26,0.45,11.4709,2.2282062,,0.8,10.646760196644562,0.0,0.0,70.0,66.93448655479345,63
2026-10-08,CARBORUNIV,1264.0,1264.0,1205.0,1209.4000244140625,172818.0,-0.03763820211316571,-0.03441115815244511,0.10538346714282376,1185.2749938964844,1140.1279907226562,1203.449279247492,1154.4132942705726,63.5618839568885,0.050284689655291745,0.048784520265397445,0.02887922233116007,37.435500186924855,35.971543704211314,0.13667796515748556,0.020353952156089372,0.06075812036462591,645432.75,0.26775523863640327,265692.6,0.4116503229809767,59.36619718309859,NEUTRAL,0.0,,0.03849,0.194,0.235,117.338264,6.20155,10.292,0.32,7.023095289753597,0.0,0.0,80.0,66.38929247285219,64
2026-10-08,GROWW,197.3699951171875,198.52000427246094,189.74000549316406,192.60000610351562,21258554.0,-0.026042952700300215,0.06934654072976687,-0.016544068091100983,189.53350067138672,192.46100036621092,189.60900687395426,192.02626110962265,51.1507012984189,0.027251141574010252,0.04558670042086052,0.020218107519353015,-0.935883650500756,-2.080191543356044,0.25256523110251516,0.01617922647588088,0.0007222540516791387,30619020.85,0.6942924172573598,28629183.4,0.9350130280211099,55.49295774647887,NEUTRAL,0.0,,0.45354,0.652,0.857,45.76142,11.548808,3.028,,10.558634236472361,0.0,0.0,74.99999999999999,66.05159198295124,65
2026-10-08,ZENSARTECH,444.5,456.79998779296875,439.8999938964844,441.79998779296875,2373428.0,0.005690871999701086,0.017152023908749703,0.03369207791793283,435.5450012207031,461.9760009765625,440.7564349686211,455.858757031693,53.08355724601123,0.0303466367123495,0.0382525902295947,0.019051006362435577,-5.025073127866449,-8.188498610726183,0.37480947164270617,0.014361286559907205,-0.043673292857083545,3725691.2,0.6370436712521961,1346768.0,0.3614813809582501,56.589537223340045,NEUTRAL,0.0,,0.13362001,0.089,0.009,12.70174,2.1473887,1.68,3.32,9.340762883348846,0.0,0.0,80.0,65.93030010668889,66
2026-10-08,MAHABANK,84.1500015258789,84.5,82.05000305175781,82.05000305175781,9501599.0,-0.024955418134784857,0.019254696295128104,-0.02726728469436701,81.83800010681152,81.75559967041016,81.89427831948609,81.9934018329028,46.364084872834106,0.028188370149117962,0.029859803255542956,0.024702171510829034,-0.22436766368788597,-0.2879496981368048,0.058076859825464934,0.002590519620098153,0.0036010179429237787,12861295.35,0.7387746522748193,10391077.0,0.807933938007263,51.579476861166995,NEUTRAL,0.0,0.22961001,0.53409,0.218,0.342,8.222676,1.7349513,,2.73,13.881066399459595,0.0,0.0,90.0,65.4605432606266,67
2026-10-08,USHAMART,519.0,519.0,499.79998779296875,503.95001220703125,509888.0,-0.03133106735794089,0.024913564563513013,0.016540619681354007,506.67750244140626,503.16900146484375,506.95003602594426,502.8965528755503,48.659793814432966,0.034328799033735626,0.03809904105953977,0.022466037565291752,1.9032394545758393,2.075079596766856,-0.08130422639700997,-0.005383089285063369,0.0015521837392880045,1010137.95,0.5047706602845681,672178.4,0.6654322808087747,55.43259557344064,NEUTRAL,0.0,,0.13215,0.164,0.408,28.499725,4.7633977,6.922,0.73,9.420527692196755,0.0,0.0,80.0,64.8531232656374,68
2026-10-08,SAGILITY,43.79999923706055,44.040000915527344,43.22999954223633,43.349998474121094,22658241.0,0.005567104160789649,0.004169569441984988,-0.023868529091039536,44.31500015258789,44.25620002746582,43.960864050546235,43.90845816290186,35.580512750664,0.024682833273373426,0.018685153444112968,0.015898492168631147,-0.4272119179078757,-0.25165979571765823,-0.3939733668505718,-0.021775960174750142,-0.020476262145921575,12187215.75,1.85918108490038,11394477.0,0.9349532521404653,53.93360160965795,NEUTRAL,0.0,,0.13036,0.276,0.438,20.698114,2.0907185,11.497,0.47,10.598867853728137,0.0,0.0,80.0,64.5324694633861,69
2026-10-08,ASTRAL,1428.0,1452.0,1408.5,1408.5,579214.0,-0.013448169663461407,0.0479910714285714,-0.034612748457847786,1389.2150024414063,1453.452001953125,1402.2031903814134,1432.3544240654244,45.93221373477225,0.022252652204884885,0.0308839190628328,0.016415641961774786,-18.12300500957008,-24.728248282291062,0.4048047935843159,0.013881938738569799,-0.030927751238237877,469517.65,1.2336362647921755,404925.2,0.8624280684655837,56.056338028169016,NEUTRAL,0.0,,0.084809996,0.159,0.48,62.891903,8.897834,6.168,0.3,7.850995345575392,0.0,0.0,80.0,63.90733337374441,70
2026-10-08,WELSPUNLIV,236.2100067138672,236.94000244140625,223.14999389648438,225.07000732421875,2308002.0,-0.045747448733192475,-0.058953844347845785,0.0692161868133907,222.13800048828125,198.29599975585938,222.8709684581081,203.99350130377127,58.37221460004866,0.042812083867289366,0.061269863136659684,0.024976747158731993,9.873843152043065,10.601877192842558,0.1259302962331926,0.01319903316628701,0.13502041191614222,4845649.5,0.47630395058495256,3649435.4,0.7531364784019149,56.07645875251509,NEUTRAL,0.0,,0.02795,0.237,0.837,82.02069,4.6394506,46.501,0.04,7.412259194131995,0.0,0.0,80.0,63.488717946647085,71
2026-10-08,ENGINERSIN,307.79998779296875,307.79998779296875,277.75,289.0,14476624.0,-0.0626013251934644,-0.07593924860111911,0.06230477106262655,293.7525009155273,268.5668011474609,295.80355486114337,275.94774778842475,60.08908688390838,0.05222441616237487,0.10397919651546281,0.0321969878075584,11.25558899068568,13.054267545773085,-0.11428581432340078,-0.016178588780403125,0.07608237043907717,6701267.1,2.1602815980876215,5789746.6,0.8639778885996053,53.370221327967805,NEUTRAL,0.0,,0.20222001,-0.058,1.422,22.45878,5.6121807,0.534,1.62,9.99872509153293,0.0,0.0,80.0,63.36894641950074,72
2026-10-08,ETERNAL,328.0,328.3999938964844,317.5,319.04998779296875,18034796.0,-0.027286622582412323,0.016406479759864867,-0.009469165640334287,326.14749908447266,322.7199993896484,324.71397454424346,317.7746861960387,44.3965390614004,0.027413978304349364,0.03416390632667057,0.017435958228577065,0.22800396962776404,1.5219097627316904,-0.40342088015361244,-0.021761660939995875,-0.01137212321399561,20054406.05,0.8992934497803289,19990457.0,0.996811221940926,55.16096579476861,NEUTRAL,0.0,,0.00642,1.82,2.333,700.0,9.725384,14.826,0.0,8.154357683568456,0.0,0.0,80.0,63.31532347833706,73
2026-10-08,KPIL,1458.4000244140625,1458.4000244140625,1394.199951171875,1401.5,120294.0,-0.03901537538503752,0.015138363598182991,-0.004969826056088089,1406.4499938964843,1382.5759936523436,1402.8775119754387,1384.6461735297203,50.31554081405398,0.03374955156066842,0.04580811504972351,0.021907049654788506,5.6585294919489115,4.246983501410359,-0.08123338902202978,-0.003519495124580052,0.013687498144434596,166326.4,0.7232405679435135,238147.2,1.4318063758970314,55.07042253521127,NEUTRAL,0.0,,0.04151,0.038,0.452,21.810667,3.1874828,45.814,0.8,7.671974604223277,0.0,0.0,80.0,62.74239713943455,74
2026-10-08,IKS,1745.0,1791.5999755859375,1742.199951171875,1751.0999755859375,236677.0,0.00788531770424905,0.0020600718660586104,-0.022878187912811487,1783.530010986328,1784.826005859375,1778.2829818731382,1778.2380181559956,52.207632161494054,0.03821272277668025,0.02821085323671066,0.02282644622600374,-7.142576808182184,-0.1244110408896526,-0.3081584188606978,-0.018183061232850295,-0.01889597650567565,233822.65,1.0122073289307087,180549.6,0.7721647154371059,54.35613682092555,NEUTRAL,0.0,,0.22817,0.207,0.279,39.40479,10.522165,26.873,0.0,8.375046079296201,0.0,0.0,80.0,62.731182900221754,75
2026-10-08,COFORGE,1826.0,1870.5999755859375,1804.5,1814.300048828125,1849094.0,-0.0043353652482920335,-0.00640742123322835,-0.010255810925862363,1803.6399963378906,1837.692001953125,1817.7783471774972,1784.4339051571008,45.45455301144228,0.02916119461177824,0.036432769556850396,0.01830991031293616,-2.7203584597098143,-6.151524264871712,0.14665898644129158,0.005910299456586943,-0.012728984563321166,1963087.45,0.9419315476750667,1696141.8,0.8640174435428234,52.80684104627767,NEUTRAL,0.0,,0.0964,0.499,0.309,35.839058,6.430415,7.518,0.88,9.63423217729967,0.0,0.0,80.0,62.44107322357734,76
2026-10-08,ANANDRATHI,2139.0,2155.89990234375,2064.300048828125,2138.89990234375,1335146.0,0.005500165212691588,0.010106211260330511,-0.028876321296821827,2162.219970703125,2163.1559790039064,2151.046920143197,2134.794637474924,31.184992985384014,0.02620505824085488,0.04282568502399402,0.009589997257606498,-12.698300436654335,-8.470101364397415,-0.2902783912752334,-0.010785243257091737,-0.01121328137942501,405274.0,3.294427967251785,459558.6,1.1339454295118858,52.34406438631791,NEUTRAL,0.0,,0.33193,0.521,0.71,76.93965,35.631706,8.25,0.33,9.884012009104465,0.0,0.0,80.0,62.22807639542238,77
2026-10-08,ACE,1249.9000244140625,1249.9000244140625,1165.0,1179.800048828125,394192.0,-0.056084466130640775,-0.026808544659728595,0.05226551927245571,1207.6550048828126,1157.0540014648439,1204.3637003612346,1153.3466819738449,39.3073691441858,0.032493396517544876,0.0719613670963925,0.02040841834314143,22.498294848641308,26.917016952628003,-0.3351357629372801,-0.02306532572801334,0.019658587528744942,328922.15,1.1984355568635312,225010.0,0.6840828445271928,53.26961770623742,NEUTRAL,0.0,,0.12796,0.205,0.223,34.11989,7.409993,0.393,0.16,8.9452774739686,0.0,0.0,80.0,62.21489518020602,78
2026-10-08,RADICO,4517.39990234375,4539.89990234375,4415.0,4415.0,202900.0,-0.017797552836484987,0.04201085673825822,-0.010089686098654682,4419.409985351563,4498.29798828125,4421.848955117644,4381.851234158386,44.51831053547729,0.02753600531113493,0.02828989860560589,0.0216968435470046,-20.37670822090513,-20.789283307371303,-0.022231673486278455,-0.0009978674452426617,-0.018517667904228152,280635.75,0.7230012569674391,338021.0,1.2044830353937444,54.74849094567404,NEUTRAL,0.0,,0.11297,0.118,0.76,80.874214,17.110136,15.033,0.21,7.355835614931675,0.0,0.0,80.0,62.10432656060572,79
2026-10-08,NUVAMA,1807.800048828125,1813.0999755859375,1721.0999755859375,1737.4000244140625,245330.0,-0.0484692473939804,0.05137671674073374,-0.02464493527799727,1715.0999938964844,1735.8099951171876,1736.5801106305735,1737.1673721856484,55.70255283910838,0.03930750728597193,0.05295268718039012,0.025130972955576165,4.903134716487102,-9.30902758956417,0.19305415504391135,0.013002175148351114,0.0009160157513481426,491067.5,0.49958508758979164,1204292.0,2.4523960555320805,53.24949698189135,NEUTRAL,0.0,,0.28107,0.225,0.156,31.708916,8.120151,282.325,1.54,8.52984391399731,0.0,0.0,80.0,61.77934089588866,80
2026-10-08,IPCALAB,1940.9000244140625,1965.4000244140625,1923.0,1938.4000244140625,320841.0,-5.157368374386628e-05,-0.0024701146965950826,-0.016489928254814434,1958.7799987792964,1904.0859985351562,1947.9291895309302,1903.9412047225326,34.275622375541104,0.026045041486929533,0.021873722595974036,0.011708125851955416,4.923295151903403,12.33291091419561,-0.3836144218038831,-0.01040442233325567,0.018021258443843724,242715.6,1.321880423013601,187744.8,0.7735176478149735,52.223340040241446,NEUTRAL,0.0,,0.12935,0.208,0.724,37.62817,6.119374,8.492,0.31,9.377768027760382,0.0,0.0,80.0,61.60110806800183,81
2026-10-08,HDFCLIFE,545.0999755859375,549.4000244140625,542.0499877929688,544.5,2479876.0,-0.002838545605015952,0.0192811448101895,0.034875937915944455,538.1250030517579,539.6230004882813,538.1972678714574,543.5082382804064,46.54894607281251,0.027141548526047818,0.013498689845902204,0.02261842289532946,-0.321585800639582,-1.6156681634646841,0.23217861544965684,0.011846684157192033,0.009037790285636005,4628034.8,0.5358378031211002,3348412.2,0.7235062709554388,55.331991951710265,NEUTRAL,0.0,0.10828,0.019,0.143,0.119,59.44809,6.0572147,15.885,0.4,6.170106416482106,0.0,0.0,100.0,61.50209836819237,82
2026-10-08,JYOTICNC,1069.199951171875,1070.9000244140625,988.2000122070312,1009.9000244140625,1725982.0,-0.05704946366567465,-0.021509496848182486,0.005976690760120418,1037.9674987792969,972.7530017089844,1034.57607335422,975.9386038094486,43.67251012562175,0.044339609951404124,0.08188930607761226,0.030232538181744276,19.031002437907773,26.490635907701602,-0.31645754152021466,-0.027040802720936008,0.038187517941159044,1125070.7,1.534109811943374,675961.6,0.6008169975451321,54.94969818913481,NEUTRAL,0.0,,0.14681,0.24,-0.201,75.89108,12.201805,42.609,0.0,6.421375776347645,0.0,0.0,80.0,61.37107396548245,83
2026-10-08,NYKAA,340.8500061035156,344.1000061035156,332.29998779296875,332.29998779296875,4233113.0,-0.026227141998626413,0.022618788459237482,-0.028220570462269667,333.00750122070315,333.74500061035155,333.1428426240442,329.71569927523075,50.10555514273675,0.029222737027890317,0.035510137658802995,0.019791404109922577,0.136809220542375,-0.3971504499370485,-0.0483346526745119,-0.002124617088626768,-0.004329691275495318,4471942.9,0.9465937053892167,6641516.0,1.485152236626277,54.416498993963785,NEUTRAL,0.0,,0.02405,0.291,2.5,365.11237,64.7053,82.829,,6.839076756970275,0.0,0.0,74.99999999999999,61.25557575093406,84
2026-10-08,FINCABLES,1497.300048828125,1499.0,1396.5999755859375,1402.199951171875,719625.0,-0.05480286405670709,-0.033165618173367606,0.03605728230937477,1431.725,1293.9229992675782,1415.4132956818517,1317.7846104234854,50.95293350404271,0.03797605141414595,0.07302811865631764,0.02744772700751055,45.40511525487045,53.88857465343085,-0.36854686846597534,-0.020622011090205783,0.08368114019581285,940039.65,0.7655262200908227,552876.2,0.5881413619095747,50.26156941649899,NEUTRAL,0.0,,0.11532,0.443,0.532,28.178167,3.7053144,0.314,0.61,10.944354781842078,0.0,0.0,80.0,61.20592419834107,85
2026-10-08,DRREDDY,1197.300048828125,1201.199951171875,1167.199951171875,1180.0,2278473.0,-0.019770765793948764,-0.021721068009015077,0.03237095363079612,1195.55,1181.7519995117189,1197.0182545780694,1196.7714110305596,48.532863008948965,0.020357160591328693,0.0288135593220339,0.014576512244531162,6.913553014915351,8.730776852669388,-0.28146544879948787,-0.013006566015641319,-0.0014825441483854451,2175488.75,1.0473384429131154,1749438.6,0.8041588815386888,54.59758551307847,NEUTRAL,0.0,0.088369995,0.09996,-0.056,-0.687,30.397583,2.6243412,18.605,0.66,6.400268782190972,0.0,0.0,100.0,60.99785429526944,86
2026-10-08,RKFORGE,715.2999877929688,716.0,693.0999755859375,700.75,647951.0,-0.0218453711344615,-0.00220701668789669,-0.02768143730973094,708.9375030517579,716.5229992675781,710.1469486171873,695.8124309264114,48.31540854815584,0.032883139148982596,0.03267930704825187,0.019039060754917306,0.2003190617523387,0.6841043513741684,-0.350090883470312,-0.01154897718982728,-0.02201324909835567,545561.75,1.1876767387009812,671460.0,1.2307681027857984,53.440643863179076,NEUTRAL,0.0,,0.02408,0.198,2.892,126.75606,4.0309095,74.422,0.14,7.406367695308907,0.0,0.0,80.0,60.847011558487985,87
2026-10-08,CYIENT,1120.699951171875,1129.5,1071.300048828125,1084.699951171875,425425.0,-0.027174931684417092,-0.018015593747869207,0.00771081992712741,1083.0400024414062,1012.7560009765625,1085.0324619479443,1030.3028133981127,52.122099576070916,0.04147294400282799,0.05365534598669212,0.020335240106565847,23.076243396118798,25.945325383938332,0.03383416822058253,0.0015326753644619995,0.07103779205054295,538789.65,0.7895938609808113,571817.6,1.0613002681101984,52.183098591549296,NEUTRAL,0.0,,0.04955,0.213,-0.324,32.884842,2.1764832,7.528,2.81,8.02502363355514,0.0,0.0,80.0,60.20812222510443,88
2026-10-08,MANKIND,2501.10009765625,2510.89990234375,2347.60009765625,2380.0,783189.0,-0.04800000000000004,-0.06114398422090728,0.06325951743832081,2422.915002441406,2402.76599609375,2443.4029976656425,2422.840343287502,55.895916551433466,0.0306062293081295,0.06861336331407564,0.023698024764015117,27.508340352029336,28.174256997632327,-0.20915416110071858,-0.017712136991253735,-0.009474911885202886,584796.7,1.3392500333876713,369991.0,0.6326831187658891,52.565392354124754,NEUTRAL,0.0,,0.13859999,0.129,0.296,51.21212,6.420241,38.111,0.08,7.524036066344223,0.0,0.0,80.0,60.08942842046898,89
2026-10-08,ANANTRAJ,615.0,616.9000244140625,567.5499877929688,582.5,1898300.0,-0.048435878839411806,0.008047113629013225,-0.04327827320774569,600.1775024414062,610.7920007324219,600.9984944165271,599.5689309722807,42.852821412945715,0.03469650670840359,0.08472109291174892,0.022353658126397863,-3.798060702667726,-2.6855289425225286,-0.5884963303050555,-0.029453790536128954,-0.046320188703349086,1486472.3,1.2770503695225266,1225610.6,0.824509545182914,51.63983903420523,NEUTRAL,0.0,,0.22770001,0.066,0.134,36.90303,3.7854674,11.703,0.17,8.09246419953364,0.0,0.0,80.0,59.732303233738875,90
2026-10-08,ALKEM,5407.0,5407.0,5237.5,5249.5,281233.0,-0.018876740491542865,0.016655369419967148,0.02150223778945315,5253.5,5356.07,5269.465010908725,5329.7062806443355,45.44198895027624,0.025546650701427347,0.032288789408515095,0.015814176879175024,-16.60484938071386,-25.485674331356893,-0.01865195291614458,-0.0007613971637955297,-0.019897051382823494,167534.05,1.6786617407028601,188737.4,1.1265614363169756,51.730382293762574,NEUTRAL,0.0,,0.14306,0.109,-0.217,28.902054,4.5160985,14.267,0.38,7.452523812125041,0.0,0.0,80.0,59.18290610588762,91
2026-10-08,KAJARIACER,1228.4000244140625,1254.5,1209.0,1210.5999755859375,385389.0,-0.012722211879904743,-0.011835768744558939,-0.023079387276356278,1214.5199951171876,1218.0799975585937,1216.9221831407287,1212.544985977367,52.140929441989435,0.029961548182100582,0.0375846695172596,0.014155177450451415,-0.9899991156835313,-1.5810689497855441,-0.12911202728713408,-0.0032276286491864647,-0.006140829820412863,491715.3,0.7837645076327704,328333.2,0.6677302902716268,49.758551307847085,NEUTRAL,0.0,,0.107980005,0.204,0.554,35.398075,6.3055534,7.302,0.99,9.34074247255651,0.0,0.0,80.0,59.0992937804036,92
2026-10-08,SONACOMS,811.0,815.7000122070312,788.5999755859375,793.0,1803575.0,-0.021591610117211557,-0.014906832298136607,-0.013067828251400071,804.1000030517578,803.7910009765625,805.7734505859928,784.5796942271562,46.194824490614955,0.02899928600632206,0.03417406887905895,0.020507068454718,3.7579062676866215,5.891890283447397,-0.3258394843790718,-0.013804256945194049,-0.013425132855993671,2316843.1,0.7784622963894274,1459255.6,0.6298465355724779,49.436619718309856,NEUTRAL,0.0,,0.14212,0.524,0.443,73.21429,8.522845,7.213,0.45,9.539148652239339,0.0,0.0,80.0,58.9757683705492,93
2026-10-08,SOLARINDS,20010.0,20184.0,19610.0,19870.0,133245.0,-0.008977556109725726,0.024226804123711254,-0.11175681716584707,19702.05,19905.12,19803.80179162912,19658.42651482095,62.34278205368875,0.03282766554029765,0.028887770508303975,0.03798093607618714,-104.32684816746769,-146.95528288032642,0.08503524806892308,0.008524493644062492,-0.0017643701720964078,252101.55,0.5285370121683107,116682.4,0.4628388837752088,49.567404426559364,NEUTRAL,0.0,,0.17543,0.703,0.927,91.21109,28.933714,23.271,0.06,9.068775595377762,0.0,0.0,80.0,58.63618002193712,94
2026-10-08,IIFL,591.4000244140625,592.2999877929688,566.2999877929688,579.1500244140625,1555626.0,-0.01597139338011988,-0.0079649939639177,-0.04690199762187397,600.1349975585938,620.5210021972656,602.3500318150907,601.7974734644181,42.57495701702225,0.03166587119200064,0.044893376334231724,0.01910313641727769,-7.990043658626746,-5.928975865820238,-0.7410684788163938,-0.03496708778841451,-0.06667135783754041,1568266.55,0.9919397949283557,1088739.4,0.6942310922846628,47.19315895372234,NEUTRAL,0.0,,0.24174,0.318,1.895,12.242116,1.8383466,447.421,0.67,11.2502137853858,0.0,0.0,80.0,58.44337273910814,95
2026-10-08,ECLERX,1890.4000244140625,1915.0999755859375,1828.800048828125,1846.800048828125,73080.0,-0.025949341335377074,0.024349672094729602,-0.027897672722291267,1881.9049926757812,1883.177998046875,1874.0208946400426,1850.7302397255564,42.93054560114116,0.032589187216040615,0.04672943712156254,0.02182785988966609,-8.264529480743704,-6.703418145975696,-0.3275927776830012,-0.018653940546564107,-0.019317318520330584,137854.7,0.530123383533532,104474.2,0.75785736721345,49.32595573440644,NEUTRAL,0.0,,0.16814,0.233,0.188,25.031988,6.924174,15.012,0.05,8.908423756808373,0.0,0.0,80.0,58.23437949121482,96
2026-10-08,COHANCE,456.0,456.0,438.29998779296875,442.3999938964844,847607.0,-0.028653020003905016,-0.0036036173502603797,-0.0021428040914686086,447.82000122070315,447.86400085449225,450.0987179736517,447.09469362267527,51.07220119308273,0.04192230649036307,0.04000906973604709,0.021653636546798607,0.8018734843607831,1.1852013250467075,-0.26681122215771425,-0.01210309345148608,-0.012200147695691,1153165.45,0.735026357232607,748068.2,0.6487084745731846,53.350100603621726,NEUTRAL,0.0,,0.04961,-0.231,-0.968,167.39926,4.4788995,9.928,0.0,4.53612443277389,0.0,0.0,80.0,57.886225036395615,97
2026-10-08,LLOYDSME,1844.5999755859375,1844.800048828125,1764.0,1795.5999755859375,473930.0,-0.026511262897295995,0.010580777938526076,-0.010307045548648919,1826.3000061035157,1873.0940014648438,1830.049898692933,1839.9265169705682,46.8297656671328,0.03027242205103127,0.044998913971224824,0.022283320241809252,-7.239531902498584,-7.34398441206852,-0.4082935718330606,-0.016809960255696366,-0.04137220332684988,401408.35,1.1806680155009233,415118.6,1.0341553682179256,47.42454728370221,NEUTRAL,0.0,,0.21511999,2.086,1.693,20.78468,7.222004,145.214,0.06,10.43532142905595,0.0,0.0,80.0,57.85986871275816,98
2026-10-08,BELRISE,246.30999755859375,246.60000610351562,233.27000427246094,234.8000030517578,1761347.0,-0.04672970898835671,-0.011368408203125013,0.028021056595010307,238.1529998779297,237.9697994995117,238.27144045588278,236.32085231136426,45.85772198499638,0.03628620017917474,0.056771727673769694,0.02317895797884085,0.9162061242554955,1.3662813737154162,-0.2239408844339278,-0.014079171070238594,-0.01332016270308456,2844721.0,0.6191633555628127,2037379.8,0.716196702594033,51.327967806841045,NEUTRAL,0.0,,0.05175,0.126,-0.087,39.600334,4.0321813,29.1,0.24,6.277768350484436,0.0,0.0,80.0,57.60573615732548,99
2026-10-08,INDHOTEL,731.0,732.25,710.2999877929688,711.6500244140625,2320694.0,-0.026869907981550756,-0.008843977139188719,-0.005728222963237828,724.9650024414062,726.1930017089844,724.419251858824,722.9454132108478,41.995459875188246,0.021825542831275926,0.03084382976745319,0.013734462959736125,-0.5365803822386397,-0.07080691735936975,-0.6432225810892064,-0.0183663735249342,-0.020026325316682025,3298017.4,0.7036633584771264,2333973.0,0.7076897168583768,49.47686116700201,NEUTRAL,0.0,,0.20868999,0.151,0.207,48.838753,8.026523,18.987,0.45,8.078250389959829,0.0,0.0,80.0,57.55511155696184,100
2026-10-08,DLF,653.7999877929688,653.7999877929688,634.1500244140625,636.9500122070312,4390570.0,-0.029039615538062113,-0.03257899667625397,-0.0288175102271232,655.7274993896484,662.8619995117188,659.9628499454216,658.0896784828527,47.75894391010415,0.024772067682527064,0.030850087137637604,0.020531242774006586,-1.590743573351574,-0.1350497639494009,-0.5446642019556982,-0.028636113629663673,-0.03909107374351661,3472765.75,1.2642862536869928,2937959.8,0.8459999929451043,48.05835010060362,NEUTRAL,0.0,0.10102,0.65791,-0.529,0.042,36.279953,3.6258628,0.673,1.19,9.323965019019747,0.0,0.0,100.0,57.382315119623364,101
2026-10-08,ZYDUSLIFE,1165.0,1166.9000244140625,1109.0999755859375,1112.0,1745796.0,-0.03555941023417175,-0.029414290484524486,-0.0051888070985554036,1152.4899963378907,1144.4019995117187,1152.2582678135514,1141.525042292684,37.93969849246231,0.02573870730424589,0.0519784611763714,0.016407986612749833,0.5387217755933307,6.072622212519789,-0.6297663260883241,-0.03513262281369056,-0.02831347684252883,1492905.35,1.1693949653271722,1211449.4,0.8114710018287494,49.59758551307847,NEUTRAL,0.0,,0.15784,0.22,-0.359,25.84132,4.303466,42.304,0.09,7.781959305838058,0.0,0.0,80.0,57.37954481891653,102
2026-10-08,ADANIPORTS,1749.9000244140625,1749.9000244140625,1674.199951171875,1708.0,3344395.0,-0.024055754627299142,-0.017148145926351277,-0.0339366515837104,1767.3450134277343,1722.5060034179687,1756.296920237652,1745.88908871751,35.83984712604354,0.02596186219589013,0.044320885973177696,0.02208838820679157,5.008317465277742,12.779719090819066,-0.8583857402189138,-0.0335786238549064,-0.008421453039457849,1799491.0,1.8585227711614007,1801841.6,1.0013062582696997,48.82293762575453,NEUTRAL,0.0,,0.32431,0.186,0.024,30.438643,4.2819242,64.051,0.42,8.502243389415636,0.0,0.0,80.0,57.32518101517016,103
2026-10-08,URBANCO,167.8000030517578,167.97999572753906,159.82000732421875,160.25,3360093.0,-0.04743503495335788,0.02500961848341654,-0.026191040486975736,165.28799896240236,159.76080017089845,164.3962474117512,158.89549332027556,42.4221693527022,0.04222864942080942,0.0509203644512968,0.03418896915710601,0.3959012037436196,1.2247483413590843,-0.4146092637675327,-0.03048012556282642,0.0030620767333304766,5472251.65,0.6140238451935959,7234966.8,1.3221188027783772,50.30181086519115,NEUTRAL,0.0,,-0.19415002,0.436,,,12.484892,6.335,0.0,6.95610879448437,0.0,0.0,55.00000000000001,57.25791965967552,104
2026-10-08,ACMESOLAR,436.3999938964844,437.95001220703125,416.1499938964844,420.3999938964844,1067090.0,-0.03611143005939854,-0.028089224920518796,0.05827562969536659,433.0249954223633,406.1289990234375,429.7159873935185,410.0067032215553,42.925202449663466,0.045823718424253854,0.051855420140454904,0.026807407630653753,7.629787704791454,10.727545007824709,-0.3814730577526784,-0.02915536437697963,0.03513906888540941,2386483.45,0.447139074021234,715480.4,0.29980530558466684,47.665995975855125,NEUTRAL,0.0,,0.21146,0.468,0.715,46.253872,5.3637466,393.194,0.05,9.255635766100058,0.0,0.0,80.0,56.92163174195518,105
2026-10-08,PRIVISCL,3519.199951171875,3520.89990234375,3425.0,3446.300048828125,127460.0,-0.02071490775040352,-0.03911784001785068,-0.006715485408207211,3519.890002441406,3512.2000146484374,3511.072917899343,3505.3388678464294,46.311952727469915,0.030067436432392056,0.02782691610858424,0.016594708504154544,3.8652685934393958,10.609391020263862,-0.6803521374766672,-0.020906890147771362,-0.01876315857452926,125440.1,1.0161025062958335,149315.4,1.190332278115212,48.66197183098592,NEUTRAL,0.0,,0.13096,0.192,0.36,39.294327,9.732812,74.399,0.29,7.858026726380356,0.0,0.0,80.0,56.51999855736628,106
2026-10-08,REDINGTON,406.20001220703125,406.20001220703125,384.79998779296875,388.0,2996230.0,-0.045510455104551095,-0.0250031710059474,-0.010204081632653073,399.87000427246096,372.4480010986328,395.8158052863422,368.8961687260393,43.88859807035695,0.03479381443298969,0.05515470209809923,0.023580309518497305,9.468665717532758,12.594508966866169,-0.6867764365117681,-0.029684657877896314,0.04175616154602113,4356083.5,0.6878265763271066,3537516.2,0.8120864074345683,46.55935613682093,NEUTRAL,0.0,,0.013259999,0.346,0.767,17.97519,3.1214895,27.26,1.45,9.730332278755956,0.0,0.0,80.0,56.28968841557689,107
2026-10-08,CLEAN,813.6500244140625,827.75,794.2000122070312,796.7999877929688,230697.0,-0.020769354996350464,0.003084298209015568,-0.035000634597079694,818.4300018310547,815.6500036621094,813.0497016937952,810.3468053043531,41.615395941676574,0.033535927757205174,0.04210590901977522,0.01877603508831701,-5.297801207055727,-3.2780836841052796,-0.4958755657678388,-0.02642866706950331,-0.023110422098336025,303325.95,0.7605580729245223,229836.0,0.7577195422943536,47.54527162977867,NEUTRAL,0.0,,0.23719,0.105,0.047,37.569603,5.526685,0.135,0.75,8.670908550394804,0.0,0.0,80.0,56.216180180173474,108
2026-10-08,POLYCAB,8255.0,8394.5,8138.0,8151.0,367147.0,-0.019133574007220266,0.020150187734668368,-0.02476669059583636,8212.725,8684.95,8264.717632548325,8555.290365393532,38.75338753387534,0.01892843998107156,0.03146853146853147,0.012514766941012216,-147.41180781055846,-175.21634605014378,-0.21856548094059988,-0.007515775823493498,-0.06147991640711814,366713.7,1.0011815757087885,324855.0,0.8858545508389787,43.158953722334005,NEUTRAL,0.0,0.25549,0.09184,0.39,0.325,42.443558,9.94605,1.738,0.59,12.570366889638393,0.0,0.0,100.0,55.7293206119724,109
2026-10-08,SRF,2454.5,2528.0,2435.10009765625,2485.199951171875,303668.0,0.010243882590193154,0.005136481768200252,-0.013809543185763884,2495.734997558594,2553.9219921875,2500.632155711032,2553.2706557422503,42.64192817643219,0.02185510109632986,0.037381258719220496,0.012877399417799019,-26.405238661714975,-27.03192738027587,-0.1467165916259493,-0.004221219960061751,-0.026908433862054992,222337.05,1.365800256862273,242377.2,1.0901341004569416,46.006036217303816,NEUTRAL,0.0,,0.12715,0.318,0.756,34.10425,5.2480483,36.195,0.4,9.642739017838107,0.0,0.0,80.0,55.648775235141926,110
2026-10-08,PARADEEP,155.0,155.0,148.5,150.5500030517578,1423915.0,-0.031085092542618153,-0.004430618724618696,-0.04175416926426723,153.72350006103517,153.17440002441407,153.92102026712817,151.58113401759243,37.21634039383584,0.02618019241696767,0.04317502403347913,0.01893871046682477,-0.02805636905270603,0.2975347567088759,-0.6128423197362683,-0.020644189131898028,-0.017133391560456346,1570355.7,0.9067467962831606,1155251.4,0.7356622451843234,46.327967806841045,NEUTRAL,0.0,,0.04575,0.631,0.208,15.189922,2.397455,101.822,0.98,9.210155620454062,0.0,0.0,80.0,55.538123427295105,111
2026-10-08,SANSERA,4250.0,4258.0,4102.5,4129.39990234375,227029.0,-0.03104401691941372,-0.03441991113295151,0.0052338178901909505,4298.919995117188,4021.886005859375,4254.364783573804,4001.326422737589,45.354877462090144,0.05000726616058558,0.03765680333157897,0.033808459647558325,78.82226112358148,130.38920703140963,-0.37665646059510716,-0.03943318158188158,0.026732208801477864,312625.5,0.7262011576151017,182940.4,0.585174274011557,47.394366197183096,NEUTRAL,0.0,,0.09284,0.333,0.383,80.99012,8.589886,19.023,0.09,8.12125499308529,0.0,0.0,80.0,55.51562119026839,112
2026-10-08,CLEANMAX,1390.0,1396.9000244140625,1322.0,1348.300048828125,259581.0,-0.02895207142374867,0.015898205570019197,-0.03527470493632756,1359.9500061035155,1318.2160034179688,1350.9150323019649,1327.333884516496,55.506360276620626,0.05992201473938731,0.05555145123606712,0.03588329981089153,10.108063681605927,12.908383268322684,-0.11137266166176357,-0.008566459960369865,0.022821787424938123,1188414.35,0.21842634263041336,294408.4,0.247732114645031,48.470824949698184,NEUTRAL,0.0,,0.06695,1.092,,101.72161,3.5048528,231.875,0.0,7.020859741814308,0.0,0.0,65.0,55.49168469151249,113
2026-10-08,JKCEMENT,5017.0,5018.0,4916.0,4966.5,68549.0,-0.015950069348127593,0.0029281098546041218,0.010375343301800344,4972.7,5137.86,5006.81992053814,5109.795460900332,45.593525179856115,0.028994261552401087,0.02053760193295077,0.024313854831784564,-35.64057364062228,-47.072681398164214,-0.02506795675063232,-0.0012468075693284897,-0.03335240742254553,53230.5,1.2877767445355577,25500.0,0.47904866570856935,48.51106639839035,NEUTRAL,0.0,,0.06559,0.28,-0.145,40.511814,5.440535,87.522,0.4,6.826599442784652,0.0,0.0,80.0,55.337665841175,114
2026-10-08,IDBI,85.66999816894531,85.9000015258789,82.80999755859375,83.18000030517578,3761448.0,-0.02906499261105544,-0.0391590551183878,0.01911293195415964,83.96299896240234,85.09179946899414,84.79695652666418,84.64853676704486,50.40984482231198,0.028629851237027583,0.03714840052835254,0.017472171203815313,0.005830172376619203,-0.19092606801229156,-0.24704729123703126,-0.009325520370909723,-0.022467490119479572,12011474.05,0.31315457073313996,5307118.8,0.4418374279383303,45.51307847082495,NEUTRAL,0.0,0.13874,0.48589,0.081,0.053,10.035756,1.3243532,,0.0,9.773712806799299,0.0,0.0,90.0,55.286791277624246,115
2026-10-08,BHARTIARTL,1847.800048828125,1847.800048828125,1789.699951171875,1804.5999755859375,6565667.0,-0.01597690628609183,0.036471196881517454,-0.01870583165528139,1806.4699951171874,1870.6579956054688,1808.0372972549821,1844.3672303135031,35.52072743185009,0.018243067427676826,0.03219555493864252,0.014682100367905645,-20.483037204811126,-26.573412746126657,-0.02439672177315378,-0.0010351788495267522,-0.03531271893350585,5887509.3,1.1151858392818166,6590338.2,1.119376270029841,44.55734406438632,NEUTRAL,0.0,0.20151,0.1314,0.184,0.351,37.8449,6.977443,100.415,1.35,10.71124991852991,0.0,0.0,100.0,55.26859398291623,116
2026-10-08,GODREJCP,866.2000122070312,874.5,861.2999877929688,865.0,892009.0,-0.0006354200227893791,0.029761904761904656,-0.005632859267204915,863.5949981689453,914.7940014648437,867.926501811965,909.2559303571024,43.7759336099585,0.018451693823867153,0.015260129719111271,0.012947186590996092,-14.644480358810597,-18.890477588683588,0.05278873199316529,0.0016269221498894648,-0.054431928264843776,903257.95,0.9875462485550225,882352.0,0.9768549504601648,47.50503018108652,NEUTRAL,0.0,,0.12086,0.154,0.115,46.80794,7.0585475,34.899,2.39,7.503654055243384,0.0,0.0,80.0,55.0086842363299,117
2026-10-08,ITC,264.0,264.6499938964844,253.14999389648438,255.0,53644563.0,-0.040271026403619015,-0.003516975060376293,-0.016583062072497934,263.57250061035154,268.8399993896484,263.76920836834483,268.7474551908127,43.16480856229126,0.02221288173472514,0.045098039215686274,0.01894202409103635,-1.7186826059833606,-1.6397594587946756,-0.9157752879269535,-0.03252426027184285,-0.051480432305719304,16823379.95,3.1886911642865203,34964662.4,2.078337557846097,46.418511066398395,NEUTRAL,0.0,,0.25937998,-0.111,-0.16,16.837122,4.6086855,3.293,5.95,8.585700542145576,0.0,0.0,80.0,55.00421160854397,118
2026-10-08,PAYTM,1671.0,1671.4000244140625,1558.800048828125,1641.5,17397792.0,-0.0522517321016166,-0.008756038647342979,-0.05606670500287525,1730.8550048828124,1650.9319995117187,1696.3432004675499,1622.8319553818537,27.5237235344255,0.03672598041248749,0.06859578165454615,0.028009825831157315,4.300872080566705,18.415795097203183,-0.6649855157434814,-0.05162477771433094,-0.005713136285751541,4653304.65,3.738803561894448,5348526.8,1.149403961762959,45.925553319919516,NEUTRAL,0.0,,0.07249,0.277,0.799,163.96039,6.6247687,1.073,,8.672611343553633,0.0,0.0,74.99999999999999,54.59816466347315,119
2026-10-08,FLUOROCHEM,4575.0,4579.89990234375,4416.2001953125,4440.10009765625,109797.0,-0.02541754805190688,0.02271106706351489,-0.07233138774386771,4506.09501953125,4580.12001953125,4499.244711601943,4477.188032176319,38.22680334753628,0.02575552475501064,0.036868472203511915,0.016105142056869286,-35.41705739085046,-38.41865829859777,-0.27921895544653275,-0.014645701342060224,-0.030571234220480248,98735.45,1.1120322032258931,110948.2,1.12369164266735,46.901408450704224,NEUTRAL,0.0,,0.11635,0.24,0.204,77.720055,6.248143,28.94,0.07,7.6708879320456695,0.0,0.0,80.0,54.5722963827499,120
2026-10-08,NETWEB,4696.89990234375,4903.0,4667.7998046875,4715.10009765625,2347829.0,0.006338881617691472,0.04309455155313913,-0.05951927841702398,4681.519995117187,4924.84599609375,4722.50613410768,4766.69111738651,52.69321110893381,0.03133701971316952,0.04988233344810892,0.025484768059914023,-70.66843320777389,-88.44154571962773,0.11426970835857063,0.007172905930998175,-0.04258933144383892,927147.7,2.532313891303403,1071580.0,1.1557813280451432,45.99597585513079,NEUTRAL,0.0,,0.096470006,1.721,1.784,103.40305,37.266605,39.019,0.06,8.49312576265233,0.0,0.0,80.0,54.48910161778312,121
2026-10-08,BSOFT,278.0,285.70001220703125,271.0,271.79998779296875,3155346.0,-0.022477972574678318,0.0003679631264106309,-0.019480606696472336,277.80999755859375,293.18399719238283,278.5903695598155,288.0495106232471,36.42536186054733,0.02758066747749605,0.05408393255053534,0.013487993440899904,-4.679514789252266,-5.293896234516617,-0.5839535690854146,-0.02163352585738898,-0.07293716438889475,1661847.75,1.8986973987238,1700722.2,1.0233923053420506,44.416498993963785,NEUTRAL,0.0,,0.10601,0.074,0.508,13.745697,1.8990182,3.422,2.36,10.045926403301644,0.0,0.0,80.0,54.46242539726543,122
2026-10-08,TEGA,2121.0,2125.39990234375,1952.0,1958.0999755859375,654007.0,-0.07793375139366854,-0.0705368486401099,0.16671627159469082,1968.5950073242188,1766.4160034179688,1970.1657416457288,1835.1593031822583,52.48014351561446,0.05296314650668607,0.08855518334392615,0.04275648990425757,96.31887450152703,104.03335410616904,-0.03248235138581248,-0.005331229480535216,0.10851575834744764,909344.95,0.7192067212777725,412517.2,0.4536421519688431,47.162977867203224,NEUTRAL,0.0,,0.00691,3.84,,552.11084,4.6139293,11.693,0.1,7.168109096785672,0.0,0.0,65.0,54.331086963988895,123
2026-10-08,INDIANB,830.9000244140625,832.0,807.7999877929688,807.7999877929688,2114648.0,-0.024749487265625647,0.01847060824303548,-0.0568593254022548,824.9425018310546,854.9430053710937,824.620621170078,840.4493429581545,37.91541008333787,0.022110321915497513,0.02995792593801509,0.013897608846833704,-13.669713560809782,-14.013096225145095,-0.42362051246057775,-0.020780253169204066,-0.05514170802258589,881794.45,2.3981189720574903,1037296.0,1.1763467098256288,41.7907444668008,NEUTRAL,0.0,0.16171,0.36413,0.103,0.475,8.354224,1.2732917,,2.3,12.293141909859756,0.0,0.0,90.0,54.08388637666056,124
2026-10-08,PINELABS,175.0500030517578,176.39999389648438,168.66000366210938,169.7899932861328,21350113.0,-0.04435191627187085,0.01312725697425643,-0.01951842073425991,181.7359992980957,169.55400024414064,174.9522369245231,170.9263095743123,29.710007797763538,0.04672157484092068,0.04558566782749938,0.04779197249122867,-0.38559889245982504,1.5100254679916507,-0.49998173822442354,-0.06573274452007849,0.0013918459113460013,45623924.75,0.46795871063240785,16452407.4,0.3606092086586654,45.57344064386318,NEUTRAL,0.0,,0.044949997,0.196,2.644,155.61261,3.3446286,7.474,0.0,8.27522776369177,0.0,0.0,80.0,53.84866840755495,125
2026-10-08,ASAHIINDIA,980.0499877929688,980.0499877929688,934.0,938.7999877929688,75103.0,-0.038361088048175396,-0.005771789469982802,-0.03831184587829195,958.1299987792969,945.5790026855469,954.3967370640745,942.4796693302136,43.783177962806576,0.0277824342775879,0.04905196888767327,0.01642915462663026,1.011322535544764,2.857671049762257,-0.6813448687809978,-0.020174726823036004,-0.007169168174552376,112122.35,0.6698307696904319,59910.8,0.5343341447980711,45.543259557344065,NEUTRAL,0.0,,0.08457,0.15,1.532,55.733837,6.200312,55.868,0.21,7.774900761450862,0.0,0.0,80.0,53.318160318794924,126
2026-10-08,ICICIAMC,3055.0,3099.89990234375,2982.0,3066.39990234375,562818.0,0.002582933576508184,-0.0058358191446972185,0.01084552574377784,3122.0699829101563,3108.55599609375,3108.0207934254086,3122.041879144798,30.626910191260166,0.023384807279742095,0.03844896494212488,0.012884462267995566,-8.461631299117016,2.949024772178179,-0.42860461907295844,-0.017831144359715778,-0.013561310718859132,378469.0,1.4870914130351496,262433.6,0.6934084429636245,44.02414486921529,NEUTRAL,0.0,,0.55504,0.181,0.231,43.80871,36.472652,4.066,0.8,9.149206552203283,0.0,0.0,80.0,53.17335142141857,127
2026-10-08,AARTIIND,493.20001220703125,502.6000061035156,476.0,478.04998779296875,700895.0,-0.026870253856552173,0.027843434787164556,-0.051582185556324545,481.71250305175784,501.37200256347654,484.02438774196304,490.93577671314284,43.054080827230095,0.03144471560034994,0.05564272938552068,0.020016910659477125,-6.598213734048841,-7.55210830802452,-0.16565716620501553,-0.00760311437960659,-0.04651638833294269,475055.75,1.475395256240978,517654.8,1.0896716859021283,43.71227364185111,NEUTRAL,0.0,,0.05901,0.425,2.58,32.932922,2.9206452,83.392,0.21,9.452540211189731,0.0,0.0,80.0,53.16481385304084,128
2026-10-08,UNIONBANK,172.0500030517578,174.57000732421875,171.1999969482422,171.50999450683594,6776510.0,-0.009471553262825338,0.02339040667464376,-0.04291296078329365,174.2394989013672,179.94879943847656,173.98685533988888,176.4137965373088,42.72962327525796,0.027582736994743794,0.019649061185424053,0.01835966359414838,-3.0364332049994402,-2.7833203625992096,-0.2817791367925621,-0.01566524474497233,-0.04689558895626755,7527801.8,0.900197717745438,7721314.6,1.0257064153841031,40.72434607645875,NEUTRAL,0.0,0.15798001,0.40460998,0.164,0.274,6.2269874,0.92159545,,2.98,12.343972626129577,0.0,0.0,90.0,53.06831870258833,129
2026-10-08,TBOTEK,1728.699951171875,1730.0,1653.9000244140625,1666.5,146878.0,-0.02229392783807571,-0.0029913251570445887,-0.03172388377226565,1679.1499877929687,1670.079990234375,1680.7518865094062,1643.21706235248,40.01811437031012,0.03326904956120612,0.04566455180674318,0.016269494095512413,3.7182415967567977,6.701561770076166,-0.28431779688378434,-0.007533566319227636,-0.0021436040520864674,253167.45,0.5801614702047992,463157.0,1.8294492439687644,45.12072434607646,NEUTRAL,0.0,,0.08561,0.811,0.323,68.857254,11.676758,48.762,0.0,7.786712502474533,0.0,0.0,80.0,52.90743684855099,130
2026-10-08,LALPATHLAB,1945.0999755859375,1961.0,1888.0,1898.9000244140625,271926.0,-0.023751967380472472,-0.04433818600198158,-0.010834988428850667,1934.5300048828126,1921.93400390625,1938.1063236177235,1893.5226828575453,45.725657220169516,0.03430557955902187,0.0384433087900588,0.011604988984206083,13.461735709266577,17.331339578601675,-0.5628054999567216,-0.018417900150847433,-0.011984792113242104,363674.05,0.7477190082712803,333070.2,0.9158481337890345,44.36619718309859,NEUTRAL,0.0,,0.18745,0.191,0.278,60.642174,13.076534,7.83,1.01,8.488163985978014,0.0,0.0,80.0,52.854361169076604,131
2026-10-08,PATANJALI,360.25,361.04998779296875,350.0,355.0,3092147.0,-0.016484310862465046,-0.00042233957218673623,0.04488594554819714,369.7800018310547,357.9490002441406,365.40151878523596,366.80869107272156,44.67140493018633,0.03837021764375315,0.03112672617737676,0.032746572158601536,0.39322380309926075,3.8206394134588253,-0.31899831851637245,-0.039969716474303474,-0.008238604499884783,5954636.2,0.5192839488665991,3962212.6,0.6653996091314529,42.90744466800805,NEUTRAL,0.0,,0.046090003,0.274,0.861,19.610712,2.9480367,21.295,1.14,9.862512252647532,0.0,0.0,80.0,52.76995692065558,132
2026-10-08,WHIRLPOOL,842.0,847.2999877929688,806.2000122070312,823.1500244140625,426208.0,-0.026434033809506263,-0.044681714047627,0.034562934903762166,818.1425048828125,805.1320056152343,835.1087896855008,815.4639596560304,65.062136249723,0.06141043475994972,0.04993011524866737,0.052515495570716365,18.879385537362623,19.486190876553998,0.03483279102411366,0.00612059574140722,0.0223789622983126,3069134.3,0.1388691267110729,377255.6,0.12291922187960298,45.925553319919516,NEUTRAL,0.0,,0.03013,0.121,-0.294,43.872597,2.6467726,8.621,0.57,6.480771101913543,0.0,0.0,80.0,52.40632442183306,133
2026-10-08,PCBL,328.5,331.8999938964844,317.5,319.25,919808.0,-0.0234016336473436,-0.006998444790046632,-0.04644560442034551,330.32000122070315,325.0509997558594,327.73236827986597,324.8348744472144,34.83925637846684,0.03041728218472075,0.04510569740480619,0.02080743720451299,-0.6050516353752187,1.2679208270389812,-0.5737859531535154,-0.03351296070414678,-0.01784642951480353,972742.4,0.9455823042153811,483408.4,0.4969541782079202,44.839034205231385,NEUTRAL,0.0,,0.030269999,0.17,0.589,49.42685,3.2183616,124.132,1.4,7.54900788809226,0.0,0.0,80.0,52.38804209332365,134
2026-10-08,RBLBANK,413.8999938964844,413.8999938964844,400.70001220703125,400.70001220703125,2517494.0,-0.027427154837302736,-0.02600870648565312,-0.024586114620401722,410.65249786376955,398.9819982910157,408.59384077906185,398.4758386115709,42.407597387254874,0.02623086890415231,0.032942304185987994,0.020994606108655074,2.868019007497537,4.500365476810543,-0.6810645856015685,-0.02423578502142698,0.004305993562051524,3173370.4,0.7933186746810269,2194685.0,0.6915943376795851,45.412474849094565,NEUTRAL,0.0,,0.11102,-0.062,-0.117,30.167395,1.5297462,,0.24,6.737466423871561,0.0,0.0,70.0,52.149941272966124,135
2026-10-08,CUB,223.49000549316406,225.47000122070312,219.74000549316406,220.07000732421875,2359128.0,-0.009229190698870737,-0.04334022888582245,-0.028173944402753337,225.97350158691407,222.48040069580077,225.1538403511864,223.01422682398803,35.98431347794184,0.03479086795643115,0.026037149710716054,0.020880918023253793,-0.6195422228123562,0.12703349030878375,-0.543388134393543,-0.026124719142897934,-0.010834182984404861,2255822.5,1.0457950481476268,1409582.2,0.6248639686854794,42.03219315895372,NEUTRAL,0.0,,0.37791002,0.233,0.252,15.846317,2.09824,,0.88,10.107824259209657,0.0,0.0,70.0,52.140017418163374,136
2026-10-08,TCS,2104.0,2141.5,2060.0,2076.0,4287064.0,-0.0020670329890860595,0.0004819277108434328,-0.05811900185135255,2115.1550109863283,2247.982004394531,2122.043287020627,2191.177087942117,43.96837744763003,0.0225433341209271,0.03925818882466281,0.014563983675405125,-46.50981697633006,-51.816627243025984,-0.33147111169548515,-0.01851165081658468,-0.07650506278890457,3077446.95,1.3930586195807533,2658020.0,0.8637094459093763,39.647887323943664,NEUTRAL,0.0,0.47743,0.18052,0.139,0.046,15.254975,6.9303727,10.211,3.07,12.447198812184224,0.0,0.0,100.0,52.09508613612789,137
2026-10-08,CMPDI,209.07000732421875,212.64999389648438,205.11000061035156,206.64999389648438,2075226.0,-0.011480550682791524,0.011106707894314116,-0.05540069543026571,208.82700119018554,225.90000061035155,211.83016296941713,221.94826139046913,42.33518918639893,0.03602709327269606,0.03648678204127973,0.0240367306869322,-5.42298834463773,-6.392776049746597,-0.27777006693236583,-0.01042493203126782,-0.08521472625877047,1290784.35,1.607724791519203,915703.0,0.7094159454288393,41.44869215291751,NEUTRAL,0.0,,0.27375,0.176,0.538,22.822054,6.5385337,0.064,0.5,10.593936014269568,0.0,0.0,80.0,52.042628167187075,138
2026-10-08,AWL,186.25,188.0,181.60000610351562,182.80999755859375,1297686.0,-0.022981150327247235,0.04206809092474728,-0.015562732564039505,182.397998046875,188.41539947509764,183.03649015672295,186.18100308733713,43.81122030955113,0.02756179101963252,0.03500899284478721,0.017176161126989813,-1.8635269494245676,-2.490426926512193,0.054350128790106395,0.002258794044509571,-0.029750232370177043,2042833.75,0.6352381832344409,1929122.2,0.9443363660895068,42.88732394366197,NEUTRAL,0.0,,0.01487,0.175,0.473,19.676373,2.1766224,10.621,0.57,8.96495711519146,0.0,0.0,80.0,51.85228105885343,139
2026-10-08,PGEL,520.2000122070312,532.4500122070312,510.5,510.6000061035156,1883160.0,-0.021839068767211423,0.06131781256650548,-0.05793356807469441,515.2475036621094,561.337001953125,518.3126603605061,541.4746737767841,43.232391159367204,0.03230793890681822,0.042988664208087085,0.026449208283767053,-14.956758861309368,-18.18132608765641,-0.12010769882332147,-0.009019932218131577,-0.09038598145690424,1075163.8,1.751509862962276,2054870.6,1.9112163188529971,44.325955734406435,NEUTRAL,0.0,,0.03537,0.353,0.137,73.7972,4.945637,19.567,0.05,7.219540794826074,0.0,0.0,80.0,51.54549652923251,140
2026-10-08,INDUSTOWER,385.04998779296875,388.95001220703125,372.04998779296875,373.0,2308940.0,-0.03129460634978054,-0.008637873754152814,0.0026881720430107503,378.375,378.9120001220703,377.9602881189957,381.5820521382818,48.16223439745184,0.02685753169620415,0.04530837644520778,0.019849675233516457,-0.2013505744248505,-0.9471204623790936,-0.3775903822796239,-0.014205483977535516,-0.015602567667864053,4825483.95,0.4784887948907176,3231232.4,0.6696183084393017,40.22132796780684,NEUTRAL,0.0,0.18912001,0.21776,0.046,0.006,13.756855,2.3977032,51.79,3.72,11.029450054902153,0.0,0.0,100.0,51.250778022709,141
2026-10-08,PAGEIND,37565.0,37565.0,36450.0,36450.0,18034.0,-0.029811019430396546,-0.005728314238952592,0.019580419580419672,36494.0,36798.2,36773.566204598574,37027.13703346026,50.378214826021186,0.022545561434450325,0.030589849108367626,0.018356976421653116,190.60396700508136,94.37317921216953,-0.020179807993182287,-0.0012056776456403906,-0.009462419357468499,22817.45,0.7903600095540912,16886.0,0.7400476389780628,44.647887323943664,NEUTRAL,0.0,,0.14126,0.079,-0.04,54.05405,27.212923,18.422,2.18,6.446213577180055,0.0,0.0,80.0,51.09410090112372,142
2026-10-08,AJANTPHARM,3579.0,3580.39990234375,3411.89990234375,3435.60009765625,83205.0,-0.03759312828065242,-0.05114890319110965,-0.027953770772227382,3536.8150024414062,3546.50599609375,3537.712804131577,3504.7216976015975,45.16610501860967,0.02896353753798543,0.04904528909373064,0.014542411742080454,-1.4904039081579867,5.359517311775225,-1.2718492835954596,-0.028617528684788174,-0.03127187675973364,95374.65,0.8724016287346795,93255.8,0.9777839289580618,41.44869215291751,NEUTRAL,0.0,,0.19648,0.248,0.308,39.423923,9.8963995,5.874,1.79,9.591368904838829,0.0,0.0,80.0,51.04006105775634,143
2026-10-08,VIJAYA,1464.5,1472.699951171875,1416.5,1431.0999755859375,87061.0,-0.02140320589823974,0.0021708512506564137,-0.04516951630413979,1484.3199890136718,1470.5599975585938,1471.250451348075,1454.5083663639307,30.41078050916275,0.03439911781145864,0.03927045778116582,0.02322172526407371,-10.10119799599488,-1.0878100612652606,-0.5589547173842911,-0.0358548115107572,-0.02683333018589329,119064.35,0.731209635797785,93166.6,0.7824894689300366,42.99798792756539,NEUTRAL,0.0,,0.21874,0.228,0.373,80.63221,15.76063,44.15,0.14,7.962363549163489,0.0,0.0,80.0,50.96035147672888,144
2026-10-08,CARTRADE,2917.89990234375,2927.5,2818.10009765625,2837.89990234375,162253.0,-0.026349212651287535,0.011152213923756982,-0.06484991992441591,2937.025,2929.272001953125,2921.7613008972394,2884.8521517761183,38.61579714231653,0.03657885495556708,0.03854959868506968,0.023469261872950016,-23.844387210328478,-12.809065897605146,-0.618280121034764,-0.03375017157029647,-0.031192767195552862,243229.95,0.6670765668454892,133517.6,0.5489356882242503,42.263581488933596,NEUTRAL,0.0,,0.28656,0.163,0.224,62.942066,5.611077,5.363,0.0,8.59587253189893,0.0,0.0,80.0,50.85945402083253,145
2026-10-08,KEI,4668.0,4728.0,4578.0,4580.0,176071.0,-0.020886373908786338,0.017325633051976874,-0.012931034482758674,4573.240014648438,5074.557998046875,4655.233710259456,4878.5038840684765,46.65392281802438,0.02441671256043356,0.03275109170305677,0.018264654614720984,-119.43124653973518,-155.46954906482904,0.044772164818581914,0.001478161069593753,-0.0974583398666885,330955.25,0.5320084815092071,217208.2,0.6563068571959503,42.17303822937627,NEUTRAL,0.0,,0.08076,0.23,0.4,43.18465,6.4574795,3.796,0.1,8.6140828714876,0.0,0.0,80.0,50.78712110086387,146
2026-10-08,NAVA,570.0,571.5,539.0999755859375,544.5,569036.0,-0.0454904227394658,-0.014479638009049722,-0.02480518705387824,553.4725006103515,561.37400390625,556.4293940049022,562.9398575522331,41.25736185081861,0.027069384041818346,0.05950417706898531,0.018645448664399024,-0.5044370787078378,-1.817041533288266,-0.5167152708388423,-0.016211285295036237,-0.030058399193468865,298496.35,1.9063415683307352,371058.4,1.243091917204348,42.36418511066398,NEUTRAL,0.0,,0.17541,0.016,-0.1,21.503366,1.8607211,20.684,1.53,8.2210815642269,0.0,0.0,80.0,50.58526667489088,147
2026-10-08,GABRIEL,1357.699951171875,1357.699951171875,1316.9000244140625,1335.4000244140625,168581.0,-0.008538124427611371,0.015513326550617768,-0.0024650234392881165,1341.6000061035156,1393.7060083007811,1346.7246494760086,1349.9213967853543,51.300188567079246,0.04383919000202397,0.03055258799752861,0.03874750586267921,-11.041439178541395,-11.492299852395996,-0.06425993522252048,-0.0046213339752883,-0.041835210251985555,646101.9,0.2609201427824311,148641.0,0.23005813788815666,42.77665995975855,NEUTRAL,0.0,,0.052360002,0.298,0.406,70.06215,14.220097,10.642,0.38,7.785489045576009,0.0,0.0,80.0,50.562149005334554,148
2026-10-08,BAJAJHLDNG,10630.0,10860.0,10600.0,10600.0,54460.0,-0.005815044081785792,-0.01742677048572483,-0.04314858277667444,10946.5,11177.78,10887.515924470192,10976.870683199126,41.50787075393537,0.02710242587601078,0.024528301886792454,0.016997460313072196,-146.35744001924104,-104.00122073951873,-0.6500947119255042,-0.03165395331841225,-0.051690049365795465,41537.0,1.3111202060813252,44682.8,1.0757348869682453,37.857142857142854,NEUTRAL,0.0,0.11598,7.34641,0.242,-0.224,13.318423,1.6127162,0.012,1.21,12.603739134001653,0.0,0.0,100.0,50.460881991144504,149
2026-10-08,AEGISVOPAK,294.95001220703125,295.25,282.95001220703125,285.20001220703125,1013685.0,-0.03075611824288449,-0.019088522073839154,-0.022785656184381553,297.76750030517576,286.54919860839846,293.37234724797463,285.56988912527663,31.826479387454995,0.04314012749816801,0.04312758508593608,0.025314333112034897,1.1565642431678498,3.0896023118523686,-0.7222365618956049,-0.042205707759457756,-0.004708393560056701,1795741.2,0.5644939259621599,741051.8,0.41267182598472435,41.690140845070424,NEUTRAL,0.0,,0.32126,0.425,0.304,129.22908,7.5754056,84.438,0.07,8.686354106911807,0.0,0.0,80.0,50.37649495198223,150
2026-10-08,BLUESTARCO,1532.800048828125,1543.5,1514.5999755859375,1519.0,232039.0,-0.007254411975065156,0.04069609852536282,0.0033025099075296716,1528.6549987792969,1524.6219995117187,1521.6636066750946,1539.3896583171972,48.47254787253878,0.029493079521375084,0.019025690858500657,0.0256428181632119,-0.9657454495481943,-1.8996020288301354,-0.14246340429644622,-0.006316009032127479,-0.0036874710672673006,594975.1,0.38999783352278106,380735.4,0.6399182083418281,44.758551307847085,NEUTRAL,0.0,,0.03979,0.133,-0.151,58.831116,8.745199,23.588,0.58,5.57192906950649,0.0,0.0,80.0,50.330480377353574,151
2026-10-08,AUROPHARMA,1679.0999755859375,1681.9000244140625,1641.0,1645.0,439275.0,-0.02199762187871579,-0.018964723224065505,-0.0140254279978691,1688.2500122070312,1658.3980078125,1679.9918282405804,1651.0294079318733,24.971885388503424,0.018792870372883196,0.02486323672587386,0.012785473490560022,4.072967481216665,11.226921416335065,-0.8945063203292896,-0.025618250788869146,-0.008078885616953135,723354.5,0.607274856242686,569155.2,0.7868274822372708,41.4486921529175,NEUTRAL,0.0,,0.10627,0.163,0.258,26.183636,2.5702379,21.31,0.24,8.745661050381905,0.0,0.0,80.0,50.19435320329941,152
2026-10-08,UCOBANK,23.399999618530273,23.489999771118164,22.899999618530273,22.959999084472656,3559011.0,-0.018803441932929932,0.001308276445600498,-0.04053494393367496,23.51550006866455,24.7453999710083,23.577060304440245,24.42389983893612,38.20894961528524,0.01969265150000063,0.025696871781972098,0.010997734856285957,-0.4546699405473902,-0.4915566823195595,-0.7125262572096808,-0.023622758715308945,-0.07215081949079094,3199910.05,1.1122222013709417,3466080.0,1.0831804475253923,39.2354124748491,NEUTRAL,0.0,0.08541001,0.21541001,0.53,0.083,10.388393,0.86309856,,1.9,10.95758559577981,0.0,0.0,90.0,50.19299807062891,153
2026-10-08,KALYANKJIL,571.7999877929688,573.0,552.7000122070312,553.5,6138352.0,-0.027240773286467457,0.047303689687795636,-0.1002926056286676,570.8325012207031,589.6069982910157,567.0838269697632,564.6334195352679,40.01408604526969,0.03562394990230595,0.036675678036077235,0.02323418242084963,-10.476319536643132,-8.950701621205013,-0.4048778981016868,-0.0303635500495123,-0.06123909382974135,6421994.75,0.9558326094863282,10603664.2,1.651148064236583,42.33400402414487,NEUTRAL,0.0,,0.036730003,0.457,0.316,38.158844,8.641128,96.966,0.47,7.712059232182146,0.0,0.0,80.0,50.04606325632702,154
2026-10-08,MOTHERSON,158.57000732421875,158.89999389648438,153.0800018310547,153.0800018310547,14693293.0,-0.038442181121254526,-0.025154409851291137,-0.06200977516192596,160.7039993286133,162.91859954833984,160.10650160994388,159.22320518907435,37.59475911249263,0.028066561105208165,0.038019284007148546,0.020559550124062083,-1.4786564294669233,-0.7073394081302387,-1.13915615102692,-0.04744124308922004,-0.06038965314310796,11530237.2,1.2743270363943597,9533697.4,0.8268431286045009,42.19315895372233,NEUTRAL,0.0,,0.033570003,0.166,1.042,38.554214,4.111842,43.908,0.32,7.84271259110074,0.0,0.0,80.0,50.035871544823074,155
2026-10-08,SUPREMEIND,3567.699951171875,3598.800048828125,3462.0,3462.0,87983.0,-0.024788732394366186,0.0242603550295859,-0.013675213675213627,3438.0249877929687,3499.7959912109377,3464.9766846642015,3477.3796075077344,42.35689194752507,0.027744082597022778,0.03951474547317302,0.025161428089945138,-6.429027257723192,-13.144527310711402,0.1464224076133976,0.00697348398925457,-0.0107994841144613,144606.7,0.6084296232470556,148919.6,1.0298250357694352,41.92152917505031,NEUTRAL,0.0,,0.09115,0.042,0.387,41.676945,6.95973,1.473,1.07,8.070585599503332,0.0,0.0,80.0,49.99211477455364,156
2026-10-08,CRISIL,4495.2001953125,4517.7001953125,4391.0,4404.0,12842.0,-0.02330844190193937,-0.01051492018091027,-0.07371963403091808,4557.719970703125,4562.743994140625,4537.202456520604,4510.279578667885,40.5201727618756,0.029263977628900678,0.028769344984673026,0.015523435912966154,-34.133115674319015,-15.993396718420108,-0.862408635462448,-0.03372738379962614,-0.034791343617893156,41150.7,0.3120724556325895,19015.8,0.462101495235804,36.730382293762574,NEUTRAL,0.0,0.29052,0.21434,0.276,0.262,36.666668,9.909577,10.23,0.9,12.925831722212253,0.0,0.0,100.0,49.656214015974825,157
2026-10-08,HBLENGINE,762.7000122070312,762.7000122070312,721.4000244140625,725.1500244140625,1321160.0,-0.048921223943584335,-0.06954507329152859,0.0058954083174769245,760.5625,722.3269995117188,756.001118694488,741.3198240626564,41.2634838836033,0.03884910019605847,0.056953714958970135,0.02653819841653386,11.554628603522701,17.4489280583292,-0.6060333909525438,-0.046560901419590794,0.00390823671862206,1809109.65,0.7302818820296493,683945.0,0.3780561338556787,42.08249496981892,NEUTRAL,0.0,,0.23381001,0.06,-0.235,27.141335,9.484866,3.021,0.39,7.563596566566446,0.0,0.0,80.0,49.64609153638536,158
2026-10-08,BANKINDIA,134.0,135.49000549316406,131.89999389648438,132.35000610351562,5490040.0,-0.008985375670692575,0.022165666285746788,-0.061347474443151584,135.27200012207032,139.740400390625,134.90427083094906,138.27289967624458,34.457560008977936,0.02507963326862204,0.027125133593660828,0.01739088791980095,-2.523000041355658,-2.4728450524986743,-0.36439371792691666,-0.021600878348201236,-0.0528865973365652,5295040.85,1.0368267508266722,6856394.2,1.2948708790414716,36.820925553319924,NEUTRAL,0.0,0.13697,0.34992,0.185,0.803,4.79378,0.6482265,,3.59,12.707658195845854,0.0,0.0,90.0,49.528583749165776,159
2026-10-08,ITCHOTELS,159.0,159.10000610351562,153.22000122070312,154.6300048828125,1254003.0,-0.028522921017527403,-0.024477886306759733,0.0032440146899375133,158.04700088500977,161.5247998046875,159.01734984525766,160.9761114099469,44.04115816763733,0.026986061569376153,0.038026286601159365,0.01716752080486295,-0.6292714986724661,-0.6058297967654094,-0.48483699792550133,-0.021620125551660263,-0.04268567384210986,1502768.2,0.8344620281424641,888907.4,0.5915133152271921,39.496981891348085,NEUTRAL,0.0,,0.20283002,0.148,0.359,39.100986,2.836493,0.634,0.63,9.943289686256389,0.0,0.0,80.0,49.44027157760448,160
2026-10-08,VEDL,262.0,262.3500061035156,253.10000610351562,253.10000610351562,13291427.0,-0.031752058097811564,0.004165852168397599,-0.059282595848792474,260.5525032043457,268.26500213623046,261.31166659070436,271.3358356778955,38.777090843640885,0.026612862233024382,0.036546818557629084,0.021778180980501407,-3.3822798407144887,-3.291515787978081,-0.6796033283925588,-0.028602669362901012,-0.05652990853057216,7656602.8,1.735943126108096,9108548.2,1.1896331098695625,39.547283702213285,NEUTRAL,0.0,,0.23205,-0.373,0.722,11.173748,2.088773,48.044,10.59,9.879654867705357,0.0,0.0,80.0,49.42693856991864,161
2026-10-08,ICICIPRULI,458.0,458.04998779296875,448.75,457.0,1463053.0,-0.0010928961748634114,0.029743155858735548,-0.011891891891891881,466.9874984741211,488.56199768066404,466.4217808761291,481.48094781675326,26.037204363793848,0.027016260803547007,0.020350082697962252,0.019524801279427736,-9.913328321209008,-9.778268297373172,-0.32146948556789634,-0.02138707889773317,-0.06460182705674489,1584023.45,0.9236308970047129,1077671.8,0.6803382866585719,41.48893360160966,NEUTRAL,0.0,0.12571,0.02555,0.125,0.285,38.45923,4.5250263,18.052,0.37,7.654585431416531,0.0,0.0,100.0,49.14351903302619,162
2026-10-08,KIRLOSENG,2230.0,2231.0,2131.5,2163.0,409300.0,-0.030392705461765313,-0.03553750073888817,-0.020823902218198298,2187.7500061035157,2164.043994140625,2205.648830928727,2173.9407225624,50.193921338269476,0.04614619806888168,0.04600092464170134,0.036941685499583314,20.457454335775765,21.485220337656493,-0.14619435663556174,-0.011312995559120909,-0.0004824274106495219,694029.05,0.5897447664474563,335738.2,0.48375237318956604,43.81287726358149,NEUTRAL,0.0,,0.06868,0.134,-0.199,60.461582,9.098355,154.864,0.31,5.1054149234130355,0.0,0.0,80.0,48.91829218699453,163
2026-10-08,BAJAJHFL,84.08000183105469,84.22000122070312,81.9000015258789,82.13999938964844,3402028.0,-0.02307329209274256,-0.009287229989748957,-0.02469724294593545,83.15750045776367,84.06240020751953,83.08615496336827,83.91577507408934,34.83243583636761,0.01967024530006975,0.028244457171454435,0.013321451319678912,-0.3956415684837964,-0.4448562974582117,-0.5283518633328951,-0.01223583035221254,-0.02286873576206938,3069861.7,1.1082023662499192,2732984.8,0.8902631672299764,38.74245472837022,NEUTRAL,0.0,0.12679,0.63176996,0.196,0.229,25.749226,3.0754724,460.74,,10.12168475736444,0.0,0.0,95.0,48.86413948573466,164
2026-10-08,SAILIFE,1563.4000244140625,1563.4000244140625,1499.0,1505.5999755859375,513975.0,-0.0359841666571572,-0.023098868877376,-0.05373640959834336,1564.4199951171875,1509.2399951171874,1550.4272069252745,1495.1079274787398,31.923796467539276,0.030713919417631755,0.04277366196754872,0.017146202479426095,4.7094369081814875,16.862938339238177,-0.907221255427953,-0.03759861144375354,-0.0024118228664933294,446798.05,1.150351931929873,354813.6,0.7941252205554612,41.88128772635815,NEUTRAL,0.0,,0.16075,0.117,0.208,92.03189,13.263812,11.614,0.0,6.86812205598968,0.0,0.0,80.0,48.74940978234783,165
2026-10-08,JSWINFRA,352.0,353.8999938964844,331.45001220703125,333.75,4830666.0,-0.05693697158519373,-0.06630301132373284,-0.025405203378330077,349.825,341.3190014648437,349.9267895260732,341.17537382470533,41.4201121458604,0.03578384423906502,0.06726586273993446,0.028571358434716716,3.553210180020926,5.155281950467838,-0.6125558062898231,-0.04595154720217254,-0.022175740091702312,4732326.55,1.0207803601380805,2806334.0,0.5930135991988972,41.398390342052316,NEUTRAL,0.0,,0.26578,0.181,-0.103,50.211864,6.8147836,59.002,0.25,7.306506869980834,0.0,0.0,80.0,48.70489721203315,166
2026-10-08,INDIAMART,1605.300048828125,1607.0,1575.0,1602.699951171875,71691.0,-0.0016196957435764547,-0.010862245958073724,-0.021371436187047177,1638.685009765625,1706.2500073242188,1638.1054621789053,1706.1446566080144,36.18501769168051,0.02059471569114035,0.01996630746547536,0.014931232134305729,-32.31964165633781,-32.95083631427315,-0.548767750892222,-0.02195971671144825,-0.06068867733793215,106658.0,0.6721577378161976,46702.8,0.43787432728909226,35.372233400402415,NEUTRAL,0.0,0.23146,0.30618998,0.114,0.119,19.463589,4.315504,0.974,1.88,13.088001435036114,0.0,0.0,100.0,48.46023483543853,167
2026-10-08,NESTLEIND,1319.5999755859375,1345.199951171875,1311.800048828125,1319.0,1344476.0,-0.003776435045317217,0.008641163302024024,-0.04847781960680708,1350.2199951171874,1421.933994140625,1350.419519898919,1390.9683458259497,38.73416626191151,0.01948444734579768,0.025322139760235028,0.014755366304305371,-28.476056468108027,-28.833478846756115,-0.5194008998452376,-0.023122154337877232,-0.07239013524171012,1178051.65,1.1412708432605652,1216277.0,1.0324479406314655,39.53722334004024,NEUTRAL,0.0,,0.15623,0.252,0.481,67.85028,50.15892,8.621,0.93,8.815341346332527,0.0,0.0,80.0,48.35256468637277,168
2026-10-08,HINDUNILVR,1860.0,1872.0,1837.199951171875,1844.5,2027669.0,-0.011204044248164569,0.004629629629629539,-0.05035269853755708,1904.4950012207032,1980.3760009765624,1900.606526694016,1968.9280073580042,36.22913429514223,0.017159116040569446,0.01886692807163188,0.013213507237260278,-37.42096096276259,-36.17543882242028,-0.6889660828530872,-0.031501789808977665,-0.06861121368344159,1180751.95,1.717269236777462,1039852.2,0.8806694750747606,40.19114688128773,NEUTRAL,0.0,,0.22644,0.05,0.084,42.493275,9.136312,3.016,2.39,7.987984527954282,0.0,0.0,80.0,48.17913140924201,169
2026-10-08,POONAWALLA,448.0,449.1499938964844,433.25,437.8999938964844,1123393.0,-0.02450434428505821,0.010383018143453882,-0.02558967546993096,450.8924987792969,466.2279992675781,451.87870315065345,456.9673274664,31.637178059979703,0.03218281408432892,0.03630964630760646,0.03146247324121154,-5.1913813439546175,-4.878640851642804,-0.40764402772218855,-0.028815083235997907,-0.06075998313184905,1280961.8,0.87699180412718,850362.8,0.66384711862602,38.008048289738426,NEUTRAL,0.0,,0.22666,1.003,3.37,48.57068,3.5951872,468.058,0.0,10.075378922093904,0.0,0.0,80.0,48.08342721183233,170
2026-10-08,HSCL,675.5499877929688,675.5499877929688,657.9500122070312,660.0499877929688,1267672.0,-0.019169365004920835,-0.0076674982092745925,-0.005574406338276883,666.1450012207031,694.1110034179687,669.6838564783399,679.1568026694532,41.11500604324911,0.020902099190126137,0.026664610122616814,0.01644051596152477,-5.078865272388953,-6.4451791359882975,-0.3045050954573813,-0.009149679749251738,-0.04907142439361345,1906644.45,0.6648706842012416,913147.4,0.4789290420665479,39.14486921529175,NEUTRAL,0.0,,0.16066,0.28,0.247,41.994347,7.16667,16.169,0.12,8.845804395099298,0.0,0.0,80.0,47.99067361039105,171
2026-10-08,SHRIPISTON,4382.2001953125,4430.5,4260.10009765625,4270.39990234375,90921.0,-0.032006571807702056,-0.049014608096258794,-0.03979853484880502,4479.464990234375,4494.077998046875,4480.418746003903,4423.057676638332,35.5756641748131,0.039828984930902096,0.03990256328224164,0.022596756336587594,-18.852480829606975,12.624469334168312,-0.7399564040091549,-0.046671887903221854,-0.049771743125138324,84990.35,1.069780275054756,58702.6,0.6906972379805472,39.798792756539235,NEUTRAL,0.0,,0.11332,0.531,0.08,34.48179,6.698492,65.22,0.23,8.148970258523539,0.0,0.0,80.0,47.947763015062776,172
2026-10-08,FEDERALBNK,323.5,326.3500061035156,319.5,321.0,10086372.0,-0.007727975270479082,0.008799458471255406,-0.0722543352601156,328.5975006103516,343.09600036621094,328.0321702056067,334.47180924584165,38.96713615023474,0.023553628416447623,0.021339582876995715,0.013246170752058799,-6.322836149024681,-6.428879361037851,-0.41762742731286767,-0.023120993301043447,-0.06440180107790905,6041330.1,1.6695614762053808,6119732.8,1.0129777215782332,37.83702213279679,NEUTRAL,0.0,,0.30721,0.214,0.327,17.034262,1.9588168,,0.38,9.900879929923942,0.0,0.0,70.0,47.737902062720735,173
2026-10-08,ENRIN,3361.800048828125,3377.699951171875,3178.800048828125,3180.0,418481.0,-0.04904306220095689,-0.04619076184763049,0.00028306826337853863,3216.9099853515627,3296.9380029296876,3249.713057236472,3278.785166961613,46.30086480229811,0.03507186464650719,0.06254713910180817,0.02464633515820962,7.4158544369734045,-4.175440306580993,-0.19796591903281116,-0.011473738935697586,-0.03546866905770607,415210.35,1.0078770916958115,350071.2,0.8431177112998268,38.11871227364185,NEUTRAL,0.0,,0.15769,0.393,0.678,79.14573,24.478785,4.483,0.12,9.156405120242466,0.0,0.0,80.0,47.275117393884315,174
2026-10-08,SBILIFE,1724.0,1724.0,1658.0999755859375,1682.5,1426698.0,-0.025259241181054493,-0.022711417367806352,-0.010643288160521847,1722.9699951171874,1762.5559985351563,1726.7161894167987,1752.498866618292,40.365512632364116,0.024865207012178942,0.03916791941400446,0.017299474806423087,-10.464556572177116,-10.172442910527923,-0.6450561644533152,-0.023488508350045234,-0.045420400033638675,1189583.1,1.1993260496051095,944228.4,0.7937473220660246,40.83501006036217,NEUTRAL,0.0,0.13703,0.021389998,0.188,0.218,67.515434,8.720612,,0.16,6.392451682833008,0.0,0.0,90.0,47.22746174319518,175
2026-10-08,CREDITACC,1240.9000244140625,1280.0,1231.9000244140625,1263.4000244140625,314609.0,0.019199781620578893,0.01969332075388408,-0.09962936974239445,1319.4549987792968,1416.3419970703126,1307.2366302502508,1374.5029216234213,32.13464955716162,0.02989100754742571,0.0380718494985349,0.02105243753800085,-50.0213953938337,-48.97162028626976,-0.382541910449879,-0.042483430217092666,-0.10798378708857659,173320.0,1.8151915531963998,149152.6,0.8605619663051004,32.796780684104625,NEUTRAL,0.0,0.16364999,0.39812002,1.495,7.152,16.816793,2.5856876,302.872,0.0,14.373925902489717,0.0,0.0,100.0,47.17070658659434,176
2026-10-08,UTIAMC,896.9000244140625,897.0,875.4500122070312,877.2000122070312,71495.0,-0.016922532547922642,-0.007355437264017106,-0.04802213838384317,897.6650024414063,897.2760009765625,892.9165955227693,902.0162886080175,41.98198307180762,0.0227916864202097,0.02456678920779889,0.011437253960052208,-4.673594964343124,-3.040696884021551,-0.7397133858743669,-0.022798026188740494,-0.022374373935869496,72948.35,0.9800769996853937,55312.8,0.7582460741058571,36.89134808853118,NEUTRAL,0.0,,0.26583,0.067,0.24,24.803127,2.534094,3.129,4.49,10.0469882666218,0.0,0.0,80.0,46.938336355152984,177
2026-10-08,POWERINDIA,31610.0,31625.0,30705.0,30935.0,72021.0,-0.021354001898133523,-0.011345477788430758,-0.008334669017470708,31193.25,32449.8,31388.537091582817,31983.077172576108,33.581395348837205,0.025537417165023436,0.02973977695167286,0.01962211649352563,-279.4770874715359,-391.0326637619608,-0.22511077150554748,-0.008279034727064372,-0.04668133547818476,91825.0,0.7843288864688266,53040.6,0.5776270078954533,37.35412474849094,NEUTRAL,0.0,,0.12555,0.686,1.235,121.95027,26.945126,1.663,0.03,9.343384750544697,0.0,0.0,80.0,46.69750949903563,178
2026-10-08,AADHARHFC,455.04998779296875,455.79998779296875,443.8500061035156,450.54998779296875,178210.0,-0.009889023449545342,0.004794812501671686,-0.026258967135332933,451.83249816894534,471.48799987792967,454.05052413591204,467.4156350718091,41.46152975770442,0.024977421820046187,0.02652309846459087,0.014693931880120463,-6.192090183118296,-8.06441518324739,-0.06726947561465134,-0.002838464212233438,-0.04440836689455907,337122.55,0.5286208234957881,182413.2,0.5410886931176808,37.0523138832998,NEUTRAL,0.0,,0.48151,0.196,0.184,17.616459,2.6219997,255.574,0.0,9.28518891161013,0.0,0.0,80.0,46.33750279490993,179
2026-10-08,IGIL,318.70001220703125,319.45001220703125,305.6000061035156,307.04998779296875,415596.0,-0.031540767655004354,-0.015707723104080196,-0.013335553506667708,319.367497253418,332.6880010986328,319.89469565691354,328.68542074778725,32.37461009060752,0.029788066709964565,0.045106681824244585,0.018965487469882185,-4.607204570775707,-4.252212633800083,-0.8555187748908983,-0.03856845034757961,-0.07706323408418658,503139.3,0.8260058397346421,340857.2,0.6774608940307386,35.845070422535215,NEUTRAL,0.0,,0.44739,0.232,0.32,23.431086,9.2820635,9.594,1.61,10.420960915682404,0.0,0.0,80.0,46.266031338217616,180
2026-10-08,CIEINDIA,377.3500061035156,378.95001220703125,370.0,371.6499938964844,172282.0,-0.01861636673698519,-0.012488407415459202,-0.0265845841304434,381.9400009155273,392.79799987792967,382.262827311665,395.7200293088247,38.880900694681,0.025446367755925625,0.024081830631010572,0.015001864546457744,-4.976164710892249,-4.936906481550234,-0.8060729666423634,-0.026941422721834196,-0.053839393245427636,218766.75,0.7875145560282812,114562.4,0.5236737301258075,36.08651911468813,NEUTRAL,0.0,0.12222,0.09035,0.106,0.159,16.038935,1.8569238,6.63,1.85,10.063007866065373,0.0,0.0,100.0,46.14952698075351,181
2026-10-08,DABUR,382.79998779296875,386.6499938964844,376.79998779296875,376.79998779296875,874539.0,-0.017598749093543198,0.0068135946371910006,0.000929673461519176,382.7474975585938,391.4609991455078,382.7743721903096,392.61043088073205,31.786768693137276,0.019354723978007596,0.026141206004835837,0.014007063905349101,-2.913878344026159,-3.4657596024520143,-0.5309597512486238,-0.01553899059709607,-0.03745203579549816,2154629.6,0.4058883253065863,1321733.6,0.6134388945552405,37.70623742454728,NEUTRAL,0.0,,0.14551,0.106,0.153,33.655575,5.8128695,10.907,2.2,8.32397894949112,0.0,0.0,80.0,46.0302163740384,182
2026-10-08,INFY,1002.0,1012.6500244140625,992.9000244140625,997.0,14845651.0,0.00504032258064524,-0.03671497584541061,-0.03810902074288469,1026.5774963378906,1092.4569995117188,1030.2729551822663,1067.1982577036088,34.597963099671816,0.023810724864325103,0.019809428284854564,0.016576328015629502,-23.273797954938004,-23.97881146982811,-0.6227575594617847,-0.02881175210191378,-0.08737826711200891,9271044.25,1.6012922168934745,8543733.0,0.9215502342144468,33.85311871227364,NEUTRAL,0.0,0.32,0.16370001,0.029,0.053,13.81267,4.4314847,9.541,4.9,12.050371031533029,0.0,0.0,100.0,45.903489743806674,183
2026-10-08,ANTHEM,887.9000244140625,892.0,866.0,872.5499877929688,324941.0,-0.016346316667087524,0.019631887575774165,-0.07402101337533362,891.6024993896484,890.135,883.9930971944673,875.0201544720769,34.24385961112789,0.02861072766396399,0.029797719745277285,0.01837068917057518,-8.017156299834255,-5.751094971097985,-0.2990867057411424,-0.021368840497556052,-0.019755444069754824,700248.3,0.4640368280794112,292559.2,0.4177935169567709,39.2354124748491,NEUTRAL,0.0,,0.28691998,-0.226,-0.128,85.0,15.849718,1.772,0.23,6.447665239124086,0.0,0.0,80.0,45.683077713973184,184
2026-10-08,NAUKRI,1221.0,1253.199951171875,1182.800048828125,1182.800048828125,2180294.0,-0.03468538178925806,-0.014333292643229134,-0.06645615719958564,1244.7450073242187,1286.2640087890625,1242.4352459800461,1245.0567448733268,39.23175672039911,0.03495939624529568,0.059519698543722285,0.021168483425336802,-22.068939647365596,-16.871549075896205,-0.9195506123125553,-0.04976517931913982,-0.08043757677581476,1414161.85,1.5417570485301946,1366546.0,0.9663292783637176,35.060362173038236,NEUTRAL,0.0,,0.47402,0.114,0.507,48.54369,2.0501747,0.64,1.2,10.600538150871811,0.0,0.0,80.0,45.66090032391005,185
2026-10-08,JSWCEMENT,112.51000213623047,113.3499984741211,110.55000305175781,112.97000122070312,2617180.0,0.007401478826218888,0.012276010441879315,-0.0645855397795202,114.93449935913085,122.33099945068359,115.26165963520013,120.53470773563193,35.827520578072864,0.026163698040880253,0.02478530045240141,0.011595155485891961,-2.990041938053025,-3.203777096089069,-0.37746117290093373,-0.017092327798717277,-0.0765218813875076,1823161.15,1.435517644723836,2007109.0,1.100895003165244,37.605633802816904,NEUTRAL,0.0,,0.10869,0.199,,19.89455,2.317867,68.39,0.45,8.050052724570904,0.0,0.0,65.0,45.65568652738781,186
2026-10-08,TECHM,1495.0,1525.0,1490.0,1496.199951171875,1633694.0,0.003420277425685958,-0.02400525037711998,-0.01939972257766276,1537.1249938964843,1579.5540014648439,1534.578772564109,1548.8875888448483,37.64350626983641,0.022495081184208184,0.023392595336329747,0.011105044329596277,-18.445713404169965,-14.83522418138709,-0.9125446814397563,-0.02662440783092579,-0.05277062399618382,1797219.7,0.909011847577678,1724608.6,0.9595980947682691,36.227364185110666,NEUTRAL,0.0,,0.086780004,0.177,0.283,26.011412,4.4989953,7.269,3.32,9.245079478715349,0.0,0.0,80.0,45.47244366382601,187
2026-10-08,ABSLAMC,1012.0499877929688,1024.5999755859375,996.2000122070312,1004.9000244140625,254248.0,-0.010438183737998541,0.01331048910411381,-0.0768029173963597,1028.705010986328,1027.7300073242188,1018.682056830298,1033.1541689641301,37.36913692880582,0.03654592581513293,0.028261481429922058,0.02555942941942217,-10.968806905357837,-10.256607431692704,-0.2940668022878129,-0.023140731616968724,-0.022213988837006093,189864.7,1.3391009492549166,193923.0,1.0213746947168167,36.056338028169016,NEUTRAL,0.0,,0.47594002,0.106,0.113,29.012932,7.2146716,1.577,2.48,9.347845528653101,0.0,0.0,80.0,45.40418355682212,188
2026-10-08,TARIL,289.0,289.0,279.25,282.75,1397091.0,-0.022133819925915565,0.006944488218671108,-0.024831908618407894,280.49750061035155,291.27600036621095,283.5359103268515,291.73387170521835,52.22733765329691,0.037059503025037105,0.034482758620689655,0.019357213246377163,-2.974217368069958,-4.67940122354719,0.1949055251940799,0.00803037240883464,-0.029271207911024333,4459687.5,0.3132710531847803,4030126.0,0.9036790133837853,38.973843058350106,NEUTRAL,0.0,,0.10132,0.081,-0.085,32.906033,5.499224,29.595,0.09,6.430157620837208,0.0,0.0,80.0,45.40400067918731,189
2026-10-08,RECLTD,300.1000061035156,301.3500061035156,292.8999938964844,295.0,4537164.0,-0.013047821934165094,0.025195482189400487,-0.05991073462173668,303.94000244140625,322.6200012207031,303.60230424296077,318.2366978135009,38.32417386638497,0.024152534983637258,0.02864410917637712,0.0181412861977419,-7.657301498266293,-8.043815346804866,-0.5143642870703566,-0.02941370786864328,-0.08561155885003036,6626121.1,0.6847390700420493,5123164.6,0.7731770250924028,35.10060362173038,NEUTRAL,0.0,,0.6889,0.252,-0.061,4.9366465,0.9380951,607.463,2.1,10.285859482653139,0.0,0.0,80.0,45.386463104383516,190
2026-10-08,SOBHA,1197.800048828125,1209.5999755859375,1168.699951171875,1183.9000244140625,98897.0,-0.011687118886943737,-0.03086112633048499,-0.03708822739807849,1211.5999938964844,1266.6639916992187,1217.7312099571338,1262.181437076004,48.053786942887,0.02980464758625711,0.03454685663538591,0.010579526653685289,-19.629583353453654,-20.34159928867643,-0.7772310570331392,-0.0228623057295827,-0.06534011215881264,100418.65,0.9848469382928371,153762.0,1.5312095910470815,35.80482897384306,NEUTRAL,0.0,,0.04106,0.5,2.74,55.227272,2.6981277,24.62,0.5,9.565767604948066,0.0,0.0,80.0,45.37059657879112,191
2026-10-08,GAIL,170.11000061035156,170.60000610351562,166.3000030517578,167.6999969482422,7162925.0,-0.017632298326073936,-0.020558370794096947,-0.03891345252543921,171.60449905395507,173.36059967041015,171.4078385983341,172.19974653197272,35.74060101561321,0.019605607544640084,0.025641044305355215,0.011214834411512739,-1.054157906037375,-0.7583250780237641,-1.082529612495731,-0.022752912232710476,-0.03265218701902162,6424726.4,1.1148996165813378,6171583.4,0.9605986334297442,35.1307847082495,NEUTRAL,0.0,,0.06698,0.167,0.972,11.449102,1.2695041,27.809,3.28,10.236268189869586,0.0,0.0,80.0,45.367052898119084,192
2026-10-08,ESCORTS,2804.89990234375,2809.0,2727.800048828125,2773.60009765625,46617.0,-0.004272088437892618,0.03985305248085158,-0.06246613398719181,2792.814990234375,2949.9019970703125,2807.638418046655,2887.545742660267,47.62182143634329,0.02864764140713984,0.029276012515463443,0.018917067721489943,-51.28154299488824,-60.36020270013213,-0.14664608429803933,-0.006880116529492053,-0.05976534121782906,88673.15,0.5257171984980797,82809.0,0.9338678055307611,35.925553319919516,NEUTRAL,0.0,,0.11291,0.283,-0.724,21.292685,2.418792,1.309,1.24,9.323051968567254,0.0,0.0,80.0,45.24860528848677,193
2026-10-08,COALINDIA,414.5,414.5,403.8500061035156,409.3500061035156,5461247.0,-0.012424593236391779,-0.026284462305890544,-0.05243054142704717,420.57249908447267,415.06400024414063,418.72118667081617,419.98066711068856,49.57725797068814,0.019813639410896828,0.026016840693025973,0.014059226276380546,-0.48487770787124873,1.1377088055744127,-0.9691125020667403,-0.02668384881414465,-0.01376653753942536,5879589.2,0.9288483964151781,5034810.6,0.8563201320255502,34.26559356136821,NEUTRAL,0.0,,0.18138,0.451,0.012,8.130555,2.1298118,11.629,4.94,10.932890105579188,0.0,0.0,80.0,45.1984836669474,194
2026-10-08,WIPRO,159.5500030517578,162.2100067138672,158.3800048828125,158.3800048828125,19919990.0,-0.0076441176318742254,-0.006087236796671336,-0.047624762619399075,163.27699966430663,173.52679962158203,163.62819577272995,170.3282995225617,31.47743928095757,0.020614972149194305,0.02418235707145329,0.011918941299856739,-3.9108333164508338,-4.100141679104763,-0.6537362682705602,-0.02999194492526336,-0.08728792769647598,20218688.25,0.9852266256689526,15909993.6,0.7868954406574818,34.225352112676056,NEUTRAL,0.0,0.16128999,0.13919,0.106,0.009,12.854646,2.0663943,27.398,4.93,10.841425148260182,0.0,0.0,100.0,45.066777260936234,195
2026-10-08,HDFCBANK,704.0499877929688,705.7999877929688,690.5,692.25,26793233.0,-0.014941302027748127,-0.04014144719498525,-0.0022340556648023924,719.125,720.8159997558594,715.2212126289812,726.330131685263,33.11546840958606,0.020445760248590905,0.022101824186303718,0.01440939049597176,-4.951814563014182,-2.312681337933113,-1.019336330619519,-0.037371806014253384,-0.039630085577366025,30218068.35,0.8866626645246832,29872440.2,0.9885622023884263,34.04426559356136,NEUTRAL,0.0,0.13838,0.26787,0.166,0.181,15.55082,1.8065681,,1.84,10.776453534386684,0.0,0.0,90.0,44.820719127948045,196
2026-10-08,PPLPHARMA,203.5,203.5,196.0,196.42999267578125,1893369.0,-0.032412206340083016,-0.007778999522281338,-0.07558008566148533,205.4165008544922,209.0702001953125,204.60001315891247,203.14517550297518,38.622696531833014,0.03318884677814167,0.03818154192154948,0.020372855682196735,-2.791841357419173,-1.520111694211437,-0.7950586583694333,-0.04374774247116875,-0.06045915442623018,2682436.3,0.7058393148049779,1561843.8,0.5822482345619914,38.43058350100603,NEUTRAL,0.0,,-0.03407,0.174,,,3.2602758,69.977,0.0,6.30618146558443,0.0,0.0,55.00000000000001,44.736764966590464,197
2026-10-08,INDIGO,4975.0,4983.7001953125,4782.2001953125,4813.10009765625,748427.0,-0.03545088223321646,-0.023692124992633512,-0.026673387733821996,4921.444995117187,5082.517998046875,4951.686820194434,5007.9857461299625,44.008525353567364,0.021859982875801823,0.041864909499414085,0.018387790471928397,-32.67432472383916,-40.74129641301518,-0.6436681631180465,-0.022014854899004566,-0.05300874497525787,599892.1,1.2476026938844502,677191.8,1.1288560059384014,39.114688128772634,NEUTRAL,0.0,,-0.053969998,0.199,,,28.002485,1112.706,0.0,5.496936156279397,0.0,0.0,55.00000000000001,44.61162428505203,198
2026-10-08,HAL,4756.7001953125,4759.7998046875,4620.5,4647.39990234375,521294.0,-0.02083726406116937,0.010084742956694148,-0.06113133285984851,4743.60498046875,4831.55400390625,4739.406533032288,4744.01318728707,42.318905991292084,0.021821730165609444,0.029973707366402688,0.019003517044290413,-39.11574876278064,-35.94404043290296,-0.4844862954346209,-0.020281005379055306,-0.038114880101436044,629001.65,0.8287641216839415,487770.2,0.7754672821605476,35.46277665995976,NEUTRAL,0.0,,0.27591,0.144,0.149,34.55302,7.8477893,0.16,0.43,9.071706364871936,0.0,0.0,80.0,44.534483024831694,199
2026-10-08,STARHEALTH,556.9000244140625,568.9500122070312,542.6500244140625,545.5,407436.0,-0.015076240776401129,0.014506207208278,-0.05336225596529287,547.5275024414062,565.4859997558593,549.5308874831468,558.3085275886447,48.97147342355368,0.030168909700000822,0.04821262656822869,0.01721942045089052,-5.896472401242704,-7.182694869413793,-0.11374404672595075,-0.003703014793532078,-0.03534304963250723,1133950.55,0.3593066734700203,635821.2,0.560713339748369,35.61368209255533,NEUTRAL,0.0,0.07507,0.03619,14.078,1.096,38.446228,3.1943347,,0.0,8.75564734638656,0.0,0.0,90.0,44.36932943894189,200
2026-10-08,JAINREC,295.1499938964844,296.0,279.1499938964844,281.04998779296875,839269.0,-0.047772340827019644,-0.005132786573561976,-0.03568373298497185,284.89500122070314,293.0780010986328,287.29769512551997,298.492964640719,52.33689599307753,0.04250642686402014,0.05995376920609557,0.028478648486457255,-1.317537349365864,-2.3637358203336474,-0.23986151990122362,-0.013496247428910535,-0.04104031438926092,1673202.95,0.5015942626684946,656165.6,0.3921613932129393,36.67002012072435,NEUTRAL,0.0,,0.03126,0.759,0.141,27.45033,6.557062,81.887,0.0,7.53872981423619,0.0,0.0,80.0,44.208749934960544,201
2026-10-08,CENTRALBK,30.420000076293945,30.6200008392334,29.899999618530273,29.989999771118164,4705791.0,-0.014783204830629781,-0.0003333409627278572,-0.026930562359656407,30.666999912261964,30.859999961853028,30.545704766230113,30.925983449416357,29.383848341077993,0.017648735284657064,0.02400804355445582,0.014189308199138453,-0.2201264408832948,-0.15399360395503503,-0.5943163366728037,-0.022075851667287094,-0.028191840304935045,6503797.15,0.7235451677640345,3259941.8,0.5012366967810489,34.547283702213285,NEUTRAL,0.0,0.115600005,0.27839002,-0.032,0.028,5.9900794,0.66799426,,3.3,9.478737696453441,0.0,0.0,90.0,44.02602139866673,202
2026-10-08,CANBK,119.1500015258789,120.37000274658203,117.19999694824219,117.3499984741211,15102165.0,-0.015107033392415481,-0.008533306277645814,-0.0581861965392062,121.69400024414062,125.5844009399414,121.2346676902604,124.22548055962298,29.35131524982225,0.02081684202540834,0.027013258112985127,0.011702884507169175,-2.1633967226148343,-1.8243757284116118,-0.7511184186274963,-0.03569610466666118,-0.06556867257549182,11724640.15,1.2880706620236868,13088125.8,1.1162923239055658,33.66197183098591,NEUTRAL,0.0,,0.43126,-0.129,0.622,5.3823667,0.90795594,,3.54,10.033552703421185,0.0,0.0,70.0,43.6955245344071,203
2026-10-08,RELIANCE,1207.699951171875,1208.0,1173.0,1178.0,13949326.0,-0.02459216061328484,0.008820800941019336,-0.07535321821036112,1216.6849975585938,1271.032001953125,1217.2050384201643,1253.988291978662,39.46910608794687,0.017802576864919355,0.029711375212224108,0.014451312865166415,-24.91803989687537,-25.046083650973223,-0.6395326560664333,-0.03179540935921732,-0.07319406734855449,12028387.85,1.1597003832895196,11617618.2,0.9658499829634276,35.51307847082495,NEUTRAL,0.0,,0.066149995,0.297,-0.224,22.057224,1.8232305,46.278,0.51,8.165694295608564,0.0,0.0,80.0,43.67877276643351,204
2026-10-08,APOLLOTYRE,406.25,406.8500061035156,398.6499938964844,401.70001220703125,400578.0,-0.014474960275113413,-0.007535485591028457,-0.042545527601697386,405.6750015258789,424.3370007324219,407.74551170369085,416.8474955823763,44.12675876967482,0.026361183899230617,0.020413273482314618,0.015915230276335245,-5.855052085273144,-6.898899679264185,-0.3042970693052013,-0.009798457641945868,-0.05334672320895506,877803.7,0.4563412070375188,298736.4,0.34032255730979494,33.39034205231388,NEUTRAL,0.0,,0.05829,0.128,26.6,14.985164,1.5289304,21.987,2.72,10.101893533630403,0.0,0.0,80.0,43.492235585944286,205
2026-10-08,ATUL,6015.5,6022.0,5904.0,5923.0,25829.0,-0.012751062588549078,0.010578399590513543,-0.06812460667086218,6046.325,6373.06,6056.8749553009875,6246.502034923393,33.532934131736525,0.02041074744941029,0.019922336653722776,0.011804728702659934,-120.44702705190139,-126.44405573149092,-0.5038359481764416,-0.02039668724390431,-0.07061913743162629,29238.65,0.8833855188252535,30112.0,1.0298697101268355,32.585513078470825,NEUTRAL,0.0,,0.119729996,0.25,0.92,22.207418,2.8391454,2.907,0.51,10.861643832932401,0.0,0.0,80.0,43.447156911403226,206
2026-10-08,WOCKPHARMA,2150.39990234375,2159.800048828125,2019.0,2029.5999755859375,768691.0,-0.05617556372940258,-0.026056878594188593,-0.08601284052536295,2147.214984130859,2039.8679931640625,2122.1945478358443,2054.412295432064,46.408127884426605,0.04759910095581506,0.06937330041476601,0.03255456964783547,15.318301217358567,36.404497641471806,-0.688132645278032,-0.054775609062978625,-0.00503366767483715,948978.6,0.810019319719117,586929.4,0.6184853905030103,36.559356136820924,NEUTRAL,0.0,,0.11196,0.259,,86.39936,7.1489806,42.284,0.0,6.828497829684176,0.0,0.0,65.0,43.3878539665051,207
2026-10-08,HEGAM,248.2100067138672,248.22000122070312,236.10000610351562,237.1699981689453,955242.0,-0.03975872345365217,-0.008818123625526031,-0.049989970088738844,237.02750091552736,480.58399963378906,282.2957531624525,401.7184032631589,50.06672323095197,0.0515483090688295,0.05110256445064338,0.03931848764687161,-62.80206405831228,-79.18069807622274,0.008573223412097673,0.0006011844738165184,-0.5064962663141682,1450736.7,0.6584530466486441,1694975.8,1.1683552225569258,34.76861167002012,NEUTRAL,0.0,,0.13612,0.104,0.168,13.759411,,16.73,1.45,8.24297869640753,0.0,0.0,70.0,43.011590366427654,208
2026-10-08,EMAMILTD,373.8500061035156,376.6000061035156,366.1000061035156,367.25,510953.0,-0.021840489919892736,-0.031130426521511212,-0.005012208271264029,377.6875,386.53799926757813,378.943140478,385.87511922906447,44.29400128051806,0.03170279859279271,0.02859087814840027,0.01759690770293275,-2.169626999075547,-1.8214724981227064,-0.5743575438689289,-0.02763528048982289,-0.049899361263641695,2423063.75,0.21087063846339166,1704947.0,0.7036327459399283,34.19517102615694,NEUTRAL,0.0,,0.19117,0.149,-0.162,22.39067,5.7324557,5.541,2.65,8.70280479942252,0.0,0.0,80.0,42.897975825579465,209
2026-10-08,PREMIERENE,912.7999877929688,927.4000244140625,881.0,884.6500244140625,1266419.0,-0.027857116028502715,0.007516698038665615,-0.0860109493750627,905.3350036621093,973.6800036621094,912.0180398989896,955.1703841678982,44.834778020214465,0.031013079188385747,0.05245014766692061,0.02067468891577312,-24.682197297293555,-28.74983882278548,-0.34776353813576144,-0.022847873068395086,-0.09143658996096882,1263224.75,1.0025286474160675,807727.8,0.6394173325055578,33.350100603621726,NEUTRAL,0.0,,0.19667,0.353,0.53,23.36482,9.182991,86.005,0.17,9.476908440583317,0.0,0.0,80.0,42.82700904420504,210
2026-10-08,TATACOMM,1655.199951171875,1698.9000244140625,1632.300048828125,1677.4000244140625,514785.0,0.010725505597721341,0.012800431027175874,-0.05381318918460365,1710.7099914550781,1718.7959985351563,1695.4021383337076,1725.9101292457651,25.38796745777266,0.028700880196823694,0.03970428914784458,0.012713067913670372,-19.370122267437864,-16.782419402717387,-0.3285185963738636,-0.019471428358633247,-0.024084285835185515,230635.75,2.2320260410625847,297732.4,1.290920423221465,38.289738430583505,NEUTRAL,0.0,,0.0372,0.105,-0.294,50.89976,13.938107,335.854,1.04,4.493794669042713,0.0,0.0,80.0,42.78353309962622,211
2026-10-08,PIDILITIND,1485.0,1498.0,1460.0999755859375,1460.0999755859375,984891.0,-0.019079626747774636,-0.002663951102501727,-0.06940728133464791,1520.469989013672,1596.98599609375,1519.078314148745,1558.3107681964993,28.963181716046606,0.022948525219880816,0.025957143379071172,0.016720637038973255,-34.19504423112062,-32.91967945866598,-0.6784847223833695,-0.039704837230556844,-0.08571522908944573,618924.3,1.591294767389162,594806.0,0.9610319064867867,33.883299798792756,NEUTRAL,0.0,,0.17202,0.213,0.296,58.52579,14.286251,3.776,0.77,8.70928266632057,0.0,0.0,80.0,42.592582465113324,212
2026-10-08,CEATLTD,3301.60009765625,3306.39990234375,3209.300048828125,3226.199951171875,40681.0,-0.02292617989968193,-0.011701982696558866,-0.020344953538626864,3323.92998046875,3454.4919873046874,3328.0691117559454,3401.502199805049,31.170722142227987,0.0251202127790107,0.03009728317687028,0.014961153041009232,-44.58947374643958,-43.71822446305438,-0.7109279885637554,-0.029401951867557896,-0.06608555960522977,47057.5,0.8644955639377357,33534.0,0.7126175423683792,35.52313883299799,NEUTRAL,0.0,,0.03583,0.223,-0.962,22.785269,2.288526,64.742,1.07,7.067778358316424,0.0,0.0,80.0,42.59091719131441,213
2026-10-08,EIHOTEL,294.0,296.0,290.25,291.20001220703125,133690.0,-0.017875169622154297,-0.022326653551160924,0.02157524882452977,297.63500213623047,300.16699951171876,297.65216351921873,301.6780204646875,21.413284627172416,0.02248087987875132,0.019745878293136836,0.020352408102686535,-0.8371349628943676,-0.6456690032206386,-0.41057879444387074,-0.02162040715310043,-0.029873328244857333,360468.8,0.3708781453485017,93566.0,0.25956754093558165,31.83098591549296,NEUTRAL,0.0,,0.23142,0.145,2.463,26.423552,3.5735083,4.666,0.5,10.697246928482745,0.0,0.0,80.0,42.5282328439757,214
2026-10-08,360ONE,1067.199951171875,1068.300048828125,1038.300048828125,1041.0999755859375,410274.0,-0.020602092581432307,0.0010576688326322525,-0.0491369509804479,1061.4949951171875,1124.8980004882812,1068.896412240701,1097.7222188965952,41.26638485690069,0.02616051262396874,0.02881567640333083,0.01646162141097646,-20.700929152300205,-23.12839521606043,-0.4685522175286445,-0.019213486285913572,-0.0744938873266463,878036.4,0.46726308840954656,391209.6,0.44555054892940654,33.249496981891355,NEUTRAL,0.0,,0.26455998,0.299,0.128,34.597473,4.2880764,161.977,1.73,9.164554705725028,0.0,0.0,80.0,42.41405168761638,215
2026-10-08,NHPC,72.5,72.87999725341797,71.0999984741211,71.6500015258789,10721488.0,-0.01172411688442887,-0.001393706956391516,-0.06155857291647826,74.52749977111816,75.93279998779298,74.00634672326633,75.54116193721681,23.23230922055994,0.018472717701014843,0.02484296917501064,0.010701601142091467,-1.2017684917566243,-0.9377636254192687,-0.7457238092778874,-0.03860988566738932,-0.05640248301922979,8137581.35,1.3175275968208908,5033427.4,0.6185409624199948,33.04828973843059,NEUTRAL,0.0,,0.31094998,0.185,0.028,26.282051,1.7436633,113.111,2.24,9.250306134571801,0.0,0.0,80.0,42.29859587300239,216
2026-10-08,MGL,1040.0,1050.800048828125,1028.300048828125,1043.9000244140625,94398.0,0.0022081882508024897,-0.0014348574373151957,-0.051689700118233484,1063.960009765625,1091.0440014648439,1061.3813126526873,1081.2325568789736,33.622184258823395,0.021923291707680155,0.0215537881729902,0.010246045489129454,-13.97484408499895,-12.486607201572232,-0.5701539252312269,-0.018854078318208067,-0.04320996860574411,112189.9,0.8414126405318126,59504.6,0.530391773234489,33.480885311871226,NEUTRAL,0.0,,0.08382,0.139,-0.393,14.357913,1.5979714,3.461,3.45,8.71494800700106,0.0,0.0,80.0,42.19583331887229,217
2026-10-08,CCL,1050.5999755859375,1059.699951171875,1041.9000244140625,1050.5999755859375,55123.0,-0.0016155784123366157,-0.00567859184046704,-0.042122603196042774,1052.2300018310548,1090.6800012207032,1057.1947005801098,1084.9441527373792,44.733146970402245,0.02747410371262767,0.016942630088950056,0.013147187502326673,-13.311942591545858,-17.129746389841188,-0.04402095241038171,-0.001549115917889421,-0.036747740482916735,136395.85,0.4041398620265939,95621.0,0.7010550540943877,34.02414486921529,NEUTRAL,0.0,,0.0938,0.138,0.61,32.528522,5.992116,56.487,0.55,8.058561866966073,0.0,0.0,80.0,42.082706736181365,218
2026-10-08,BAJFINANCE,956.5,962.75,946.2999877929688,955.9500122070312,9366708.0,-0.008196258317176075,0.008067093232666522,-0.08390032371151768,992.9799987792969,1049.82400390625,990.2089735632749,1016.6287277679713,31.49001029976465,0.027758474760045723,0.01720802552118034,0.02001861022502756,-25.1869719120549,-23.44806007854422,-0.5777558500948505,-0.03729177487742741,-0.08941878957799276,6556253.4,1.4286677815107023,7568987.6,1.1544684346703256,32.55533199195171,NEUTRAL,0.0,,0.43495,0.261,0.272,29.570156,5.2530527,314.833,0.56,9.436362884995189,0.0,0.0,80.0,41.9916948769469,219
2026-10-08,IGL,145.0,146.69000244140625,140.10000610351562,142.02999877929688,1860090.0,-0.029518326915293325,-0.005322463355768914,-0.07448199813963297,146.0904998779297,149.39519989013672,145.58769018250774,148.96293900419124,36.96607982807835,0.024703005282078642,0.04639862278764746,0.014066580118698624,-2.139155048219834,-1.9903592346333923,-0.6028572990739498,-0.02779442264915022,-0.04930011885426122,1654555.25,1.1242235640060978,1545688.2,0.9342016230645667,33.0784708249497,NEUTRAL,0.0,,0.080819994,0.172,-0.438,15.570485,1.7191358,0.848,2.11,8.884530706602439,0.0,0.0,80.0,41.96300153155214,220
2026-10-08,IOB,31.030000686645508,31.190000534057617,30.399999618530273,30.479999542236328,1864687.0,-0.017724818957090327,0.0032916518838772557,-0.07242851563932984,31.680999851226808,32.72399990081787,31.575802984120678,32.42374720774552,30.839000600317974,0.021747287995326683,0.02591866559684932,0.012503911612068338,-0.5737522900332124,-0.5298548477299233,-0.7573318797543,-0.03790916683912593,-0.06857353518466003,2621687.95,0.7112543657226634,2395202.2,0.9136107140439808,28.490945674044266,NEUTRAL,0.0,0.16525999,0.36560002,0.481,0.459,10.281046,1.5577343,,0.0,13.329918592584031,0.0,0.0,90.0,41.8208642666283,221
2026-10-08,SUNPHARMA,1788.0999755859375,1796.0,1745.0,1759.800048828125,1604946.0,-0.011903397625982581,-0.02287615278838151,-0.05437933969472053,1830.0850036621093,1884.87400390625,1827.7114461338433,1861.7050126530605,36.41779652024495,0.018143295000948034,0.028980565169299546,0.011845522775511834,-29.60388281860014,-23.805406578234674,-1.0886698538908386,-0.03840529521488889,-0.06635666618507086,1486211.2,1.0798909334016593,1104957.6,0.7434727984824768,32.736418511066404,NEUTRAL,0.0,,0.20188999,0.105,0.274,35.795635,5.179656,5.517,0.9,8.978458237117495,0.0,0.0,80.0,41.7148767481839,222
2026-10-08,CANHLIFE,147.2899932861328,148.5,141.05999755859375,145.55999755859375,1139709.0,-0.0034232507761026154,-0.019863962408983804,-0.026289436016844747,149.8964988708496,150.99839996337892,148.70765586411875,149.46870166790637,27.46086860089939,0.04558257809624245,0.051112960746041165,0.012745299471566307,-2.0004505731544384,-1.222618840043562,-0.5602258377508392,-0.0289299706458932,-0.03601629160377939,898480.05,1.2684855940874813,1115718.2,1.2417840551941024,35.8148893360161,NEUTRAL,0.0,0.08276,0.01075,0.183,0.202,102.23572,8.323448,15.304,0.28,5.846521620975595,0.0,0.0,100.0,41.661410956991695,223
2026-10-08,HCLTECH,1185.0,1211.800048828125,1176.9000244140625,1176.9000244140625,2500280.0,-0.006835422435390259,-0.05325392363608694,-0.024937842241870345,1234.7599975585938,1287.1160034179688,1233.7823960181047,1253.0779176136207,32.90839248097333,0.026674191937829682,0.029654196354901092,0.015982329258958133,-22.098940552133172,-16.3491233863358,-0.9945745165056254,-0.04685928703467379,-0.0856301830691445,2514627.25,0.9942944824128507,2031226.4,0.807764411206472,30.080482897384304,NEUTRAL,0.0,0.24067,0.12966,0.03,0.084,18.736778,4.4152937,7.058,4.99,11.437996298273491,0.0,0.0,100.0,41.5184791956578,224
2026-10-08,IRCTC,453.95001220703125,457.25,448.0,449.8500061035156,815505.0,-0.008376474912586085,-0.009359171862753035,-0.03826829267019638,458.79249877929686,478.8999993896484,459.8861405137695,474.3292305586841,13.251380586654477,0.020340118909961492,0.02056240941313107,0.012330945431626014,-7.130297099076245,-7.45524555800018,-0.6274068818861822,-0.01949136635750237,-0.06065983153718235,731936.1,1.1141751308618335,775448.2,1.0594479490764288,32.313883299798796,NEUTRAL,0.0,,0.25677,0.181,0.0,26.03211,8.42973,1.874,1.98,9.198710425026764,0.0,0.0,80.0,41.512593724825564,225
2026-10-08,VMM,100.0999984741211,100.1500015258789,96.80000305175781,97.0,17753520.0,-0.03482587064676612,-0.025125628140703515,-0.06189556510090688,101.541499710083,105.0431999206543,101.66615429468659,104.98564477307872,39.43134901549997,0.03165685796948351,0.03453606674351643,0.019504033184307656,-1.784610690027094,-1.5463374715568208,-0.9961886782888985,-0.044725552833567606,-0.07657040081347322,10468424.3,1.6959113894533295,10008334.8,0.9560497848754563,34.225352112676056,NEUTRAL,0.0,,0.0661,0.187,0.25,52.368423,6.260618,26.817,,7.273337368393095,0.0,0.0,74.99999999999999,41.49868948106915,226
2026-10-08,ADANIGREEN,1342.699951171875,1344.800048828125,1208.0,1235.699951171875,7489055.0,-0.07879832363083372,-0.03165898063395256,-0.04880303718385259,1284.0499938964845,1307.74,1287.7973256434443,1314.3952155232057,35.85338007332605,0.03522585767667046,0.11070652604492764,0.02712136880491315,-7.467808231348499,-10.155583651943541,-0.8738249413647217,-0.03765433040335908,-0.055087440032517976,1986330.2,3.770297103673901,3498895.6,1.7614873901630252,35.40241448692153,NEUTRAL,0.0,,0.13095,0.166,0.185,125.76629,11.211681,346.548,0.0,6.004381914245368,0.0,0.0,80.0,41.4067964011669,227
2026-10-08,MARICO,788.2000122070312,794.1500244140625,774.2999877929688,777.25,565730.0,-0.012702445220704961,-0.005247297259928785,-0.032067247820672495,802.725,827.5200012207031,801.3077371696342,817.1165945316468,37.78082875686471,0.020631341172158594,0.02553880555946446,0.013328312840506614,-11.859470747679097,-10.236793118787734,-0.7232490146634284,-0.03173565044068649,-0.06074777787430885,1464062.3,0.3864111520390901,1290230.6,0.8812675526171256,33.27967806841046,NEUTRAL,0.0,,0.13159999,0.214,0.247,53.77495,24.092688,12.394,0.51,7.981957258248919,0.0,0.0,80.0,41.26163532665938,228
2026-10-08,MRF,123585.0,123585.0,122000.0,122465.0,2651.0,-0.004956327442616315,-0.022469667943805893,-0.045590928574211875,124829.25,129399.8,125095.88002299075,127758.75095475785,39.69873663751215,0.012391295472175724,0.012942473359735435,0.007646384207613476,-1803.0070017264807,-1861.575182170925,-0.6831788262190158,-0.018939871864967595,-0.05359204573731957,2896.55,0.915226735254009,2709.2,0.9353196043569072,33.59154929577465,NEUTRAL,0.0,,0.075840004,0.096,-0.01,21.658667,2.4977267,15.288,0.38,7.524833222471622,0.0,0.0,80.0,41.11638251824627,229
2026-10-08,IRB,17.40999984741211,17.889999389648438,17.299999237060547,17.530000686645508,17723267.0,0.0051605590499916865,0.03117651097914753,-0.11953787940766625,17.989999961853027,18.84059997558594,17.87484767340349,18.68320734955006,38.66349958825856,0.032352694628397564,0.03365659609114319,0.020243728670700387,-0.5028141919258537,-0.5192806708191361,-0.2603337828667041,-0.025569720743909174,-0.06956250282043741,12709994.9,1.394435413974871,10754442.2,0.8461405598203662,32.072434607645874,NEUTRAL,0.0,,0.15478,-0.089,0.471,22.582277,1.009164,95.6,1.19,8.869791105792824,0.0,0.0,80.0,40.9422257134387,230
2026-10-08,TATACONSUM,966.4000244140625,974.0,947.2999877929688,951.9000244140625,873391.0,-0.017139881864674744,-0.0053291280939785635,-0.047719039952871856,978.3874969482424,1024.7849975585937,979.1208247467489,1015.7483654670781,35.161513179242135,0.01836176856031393,0.02804917693269975,0.012771644895376333,-18.78650874380503,-19.812785363694918,-0.6957236359408259,-0.027072578724481766,-0.07112220935920155,1165387.15,0.7494427924660059,770030.2,0.6607505497207516,33.19919517102616,NEUTRAL,0.0,,0.078379996,0.119,0.279,59.079903,4.4328575,12.159,1.05,7.712581165725368,0.0,0.0,80.0,40.91177633675153,231
2026-10-08,JMFINANCIL,124.33000183105469,124.43000030517578,120.1500015258789,120.5999984741211,1966769.0,-0.03458213062877036,-0.022690462051336402,-0.05218484361150011,124.68400039672852,126.73880004882812,125.06885684363898,126.07079910946526,36.21856796962709,0.02484600204312692,0.035489210890954505,0.018780441004899576,-1.036348056804286,-0.678609804781507,-0.8554369659567663,-0.03275481946049741,-0.04843663954796762,1933316.2,1.0173033257570594,1165518.8,0.6028598943100979,32.67605633802817,NEUTRAL,0.0,,0.30868,-0.103,-0.357,11.407544,1.1127464,102.435,1.42,8.206730118834155,0.0,0.0,80.0,40.88278645686232,232
2026-10-08,DIXON,13060.0,13070.0,12632.0,12650.0,215808.0,-0.028716216216216228,-0.003937007874015741,-0.062962962962963,13132.8,13832.04,13197.296430421182,13440.912754309882,43.67201426024956,0.026544325239977413,0.03462450592885376,0.01699229855956499,-286.8229994514295,-268.91837338096633,-0.8837093695107248,-0.03676291423001943,-0.08545666438211574,280141.65,0.770353140991352,151923.0,0.5423077932181808,33.08853118712274,NEUTRAL,0.0,,0.03639,0.211,1.546,41.322315,14.146872,18.457,0.08,7.7232512238779,0.0,0.0,80.0,40.81178241100064,233
2026-10-08,NTPC,316.0,316.3999938964844,308.45001220703125,309.70001220703125,12259016.0,-0.022257262171961334,-0.01713739699106953,-0.07552235162080223,323.86000061035156,332.05299987792966,322.78590194445945,331.4966968992373,33.25329630674429,0.01740164208466625,0.025669943093636835,0.011475851876728373,-4.893248280408557,-4.149083729494118,-1.148672161629937,-0.043722560293442125,-0.06731752966880555,7044850.8,1.7401384852607524,7073130.8,1.0040142794791338,31.810865191146878,NEUTRAL,0.0,,0.14531,0.078,0.118,11.227734,1.5347779,128.345,3.84,8.67501879566802,0.0,0.0,80.0,40.4858839868149,234
2026-10-08,NATCOPHARM,812.9500122070312,819.0,792.0999755859375,795.4000244140625,312084.0,-0.018145848185271984,-0.031535326633214344,-0.028400414470934443,819.1648742675782,855.01294921875,823.4324441693366,852.9511840862456,41.51762961190349,0.025665464387328092,0.03381949156197048,0.011173309388575452,-10.985211144910977,-11.632874507501842,-1.2031442189500823,-0.029011070420669638,-0.06972166311534533,452806.6,0.6892214026915686,321696.6,0.7104503335419581,31.85110663983903,NEUTRAL,0.0,,0.32839,-0.447,-0.57,12.997476,1.5995628,7.742,0.72,8.61552939463934,0.0,0.0,80.0,40.46663603447837,235
2026-10-08,LENSKART,684.9000244140625,686.0,645.5,653.9500122070312,5023478.0,-0.04014380753849145,-0.05382335367573543,-0.05675750220507447,682.0075012207031,651.4010046386719,677.2820868147064,649.7074488693701,32.48931834931767,0.03233100559346366,0.06193133916048965,0.020344786535674935,5.862314752949487,10.459293342519496,-1.176100072189083,-0.04113956072836844,0.00391311580763265,7279016.65,0.6901314066921388,2542245.2,0.3492566815326628,32.30382293762575,NEUTRAL,0.0,,0.06803,0.433,2.581,183.02388,13.710879,34.983,,8.096618653339904,0.0,0.0,74.99999999999999,40.400441590965656,236
2026-10-08,TORNTPOWER,1231.4000244140625,1232.699951171875,1195.0,1214.5999755859375,386005.0,-0.017711301588404726,-0.022769368631613385,-0.06302558833971006,1255.1200012207032,1276.0059985351563,1248.8004240237408,1285.40995210296,35.61197590704232,0.021118076906251042,0.031038985616386246,0.01001705664118095,-15.752348338352476,-14.619167676629207,-0.780326748695543,-0.03228378608846705,-0.048123616205341,192336.15,2.006929014644413,191898.4,0.9977240367970348,33.732394366197184,NEUTRAL,0.0,,0.079629995,0.028,-0.127,27.065712,3.2967818,70.885,1.61,6.572022236020833,0.0,0.0,80.0,40.30441660221802,237
2026-10-08,CANFINHOME,727.2999877929688,731.4000244140625,714.1500244140625,723.75,193848.0,-0.004470426409903694,0.01793248945147674,-0.07472514867662872,748.682504272461,785.9690026855469,746.3358634677849,779.6437357152186,27.643927385830068,0.024194426293023687,0.02383419689119171,0.011591441442470162,-20.3150697266791,-20.228840614825316,-0.495761853665799,-0.033301839070874695,-0.07916215839677287,259268.15,0.7476737887010032,239017.4,0.9218926428101561,29.577464788732392,NEUTRAL,0.0,,0.66733,0.225,0.196,8.66042,1.635926,636.585,2.21,10.555291689754819,0.0,0.0,80.0,40.13275647848721,238
2026-10-08,SCHNEIDER,1256.199951171875,1259.0,1185.199951171875,1191.4000244140625,286019.0,-0.05158408635294276,-0.06586168918931201,-0.002929115347299671,1225.3499938964844,1249.8800024414063,1231.4274992559303,1244.0277765439528,46.43663980544344,0.03540254155016589,0.06194397122362012,0.023100192725185105,1.9131391251144123,-1.79640293149479,-0.5588605585872298,-0.0277063448414967,-0.04678847402399766,265996.1,1.0752751638087927,195536.6,0.7351107779399774,36.48893360160966,NEUTRAL,0.0,,0.06292,0.048,-0.698,165.6697,39.285824,70.795,0.0,3.590106186820905,0.0,0.0,80.0,40.07903978843056,239
2026-10-08,TECHNOE,991.0999755859375,994.9000244140625,940.0999755859375,942.7000122070312,191275.0,-0.046139811948970544,-0.06547706348745352,-0.04323553853010764,989.5949981689453,991.7590026855469,988.6014679951286,1000.0564025431379,42.140717126668996,0.039612665903285556,0.05813095164794596,0.021490455589286105,-3.5910494739888463,-0.07802185896392921,-1.068165134732454,-0.04738805880050334,-0.04946664496684239,144147.55,1.3269389594203995,134239.8,0.931266608416168,31.227364185110666,NEUTRAL,0.0,,0.12845,0.198,-0.315,26.880733,2.786098,1.744,0.72,8.805103388799392,0.0,0.0,80.0,40.032467573910054,240
2026-10-08,FIVESTAR,507.0,509.8999938964844,500.0,502.20001220703125,444955.0,-0.014037486621785278,-0.00799997588734569,-0.05361351342336296,524.904997253418,530.5819989013672,519.2555402752527,523.8873060530216,37.98475112137197,0.03503156842586196,0.01971324901601778,0.02594882279575803,-6.974428702010755,-5.17552704044096,-0.6624845746856945,-0.04325541796170973,-0.05349217793499261,698559.45,0.6369608198700912,432961.6,0.6197920592155757,31.31790744466801,NEUTRAL,0.0,,0.47797,0.08,0.018,13.756351,2.057186,111.929,0.39,8.644958972445757,0.0,0.0,80.0,39.962866417113766,241
2026-10-08,UNITDSPR,1344.9000244140625,1350.0,1308.0999755859375,1318.199951171875,881811.0,-0.019196464901878763,-0.012658246365891523,-0.0584286063058036,1379.3,1456.2339990234375,1381.9079178889247,1413.3264785928432,39.90825131542845,0.023229746909341868,0.03178578817031023,0.01591826500087618,-30.343839859805712,-26.970804384877813,-0.9211712017696954,-0.0442978676343978,-0.09478837051197075,995305.95,0.8859697864762087,815776.2,0.8196235539433879,32.857142857142854,NEUTRAL,0.0,,0.14917,-0.102,0.112,57.178947,10.77017,4.611,1.24,6.955557746917536,0.0,0.0,80.0,39.81270060406039,242
2026-10-08,NEULANDLAB,21655.0,21925.0,20925.0,21015.0,28950.0,-0.029554375432925384,-0.015690866510538637,-0.09398577279586118,22258.0,22376.18,22022.91761798564,21744.054499871992,23.47266881028939,0.032918663539648556,0.04758505829169641,0.015529179786256411,-303.0907154376364,-171.11721916469284,-0.7841597351667889,-0.05584508940605626,-0.06083165223018405,47512.55,0.6093126973820601,53089.6,1.117380565766308,29.517102615694167,NEUTRAL,0.0,,0.20987,1.192,9.628,56.460552,14.9929495,16.072,0.16,10.130643611133078,0.0,0.0,80.0,39.647746226827245,243
2026-10-08,DEVYANI,128.64999389648438,129.35000610351562,122.41000366210938,123.2300033569336,2021508.0,-0.04458049744978987,-0.03021953527278587,-0.0933637064667876,134.3174991607666,136.35099899291993,132.5232177388594,132.37822737685548,22.03281107094506,0.03645910045955291,0.05631747344276744,0.018388834448638893,-2.793871182631392,-1.530268887731653,-0.9421064313518799,-0.0825469195980355,-0.09622955264645805,1535351.9,1.3166414813437883,838381.4,0.5460516250378823,32.89738430583501,NEUTRAL,0.0,,-0.0047400002,0.165,3.0,,10.358256,203.327,0.0,6.474689108662462,0.0,0.0,70.0,39.37207341449747,244
2026-10-08,EIDPARRY,700.0,700.0,675.0,677.1500244140625,289572.0,-0.03202053287081963,0.0038544758255807388,-0.07738945002830344,697.4700012207031,752.4909985351562,704.8196011452181,733.1191821421776,40.14233515288919,0.024145323065835042,0.03691944044694155,0.014632746629726408,-18.547983678026526,-20.34638062716826,-0.7983561671888354,-0.029133836252565493,-0.10012209351043,285764.4,1.013324262924283,226222.0,0.7916381466690742,33.370221327967805,NEUTRAL,0.0,,0.01197,0.034,-0.424,26.850998,1.4145972,23.647,0.0,5.954574100269014,0.0,0.0,80.0,39.32479542823682,245
2026-10-08,BLS,220.83999633789062,221.25999450683594,213.3699951171875,215.0800018310547,674627.0,-0.026082207038361838,-0.006604742099959315,-0.08721301458181474,223.9909996032715,240.27059936523438,224.4731361178093,234.5015482066284,36.83725115205997,0.027441622863964902,0.03668402139891198,0.015568071773969652,-6.007847753183995,-6.193058028754015,-0.7766383433796321,-0.0397828385426191,-0.10484261328989142,695250.5,0.9703365909121964,523362.8,0.7527686783396775,28.8933601609658,NEUTRAL,0.0,,0.22207001,0.253,0.108,13.090006,3.7418137,15.468,1.16,10.108408882195913,0.0,0.0,80.0,39.001769043161715,246
2026-10-08,COLPAL,1760.199951171875,1782.0,1735.699951171875,1735.699951171875,234407.0,-0.01234782800769707,0.0004034300702449034,-0.04025438143661875,1816.6650146484376,1879.5420092773438,1806.6992612310653,1870.288850995911,25.27829574885139,0.022547512318101426,0.02667514554970464,0.018638133787453947,-34.704590166309345,-30.19583367735834,-0.7226901317278294,-0.0445679653781581,-0.0765303767595884,394545.75,0.594118679519422,230065.6,0.5831151393723035,30.835010060362173,NEUTRAL,0.0,,0.21722999,0.118,0.07,34.96574,29.7895,2.993,2.77,8.121556459732126,0.0,0.0,80.0,38.9565665200943,247
2026-10-08,GVT&D,4285.7998046875,4285.89990234375,4181.0,4200.0,517214.0,-0.026944329622608287,-0.012508274445000911,-0.07590759075907594,4304.155004882812,4324.428017578125,4288.707203281573,4346.921446578086,36.99381684514925,0.02657993031196854,0.024976167224702382,0.020232132795761824,-37.34588128678752,-32.35136961022556,-0.4786112262957112,-0.024198711422951602,-0.02877328910837329,533322.75,0.9697954943793415,449368.0,0.8425817199810058,29.94969818913481,NEUTRAL,0.0,,0.19442,0.38,0.247,83.33073,40.47506,0.892,0.24,8.945696867986433,0.0,0.0,80.0,38.89539505712124,248
2026-10-08,FIRSTCRY,172.0,172.1999969482422,166.10000610351562,168.55999755859375,2078065.0,-0.021138208212294618,-0.035422045444384875,-0.016454704422181776,174.7925003051758,187.66760009765625,176.60856643143944,185.96028203936427,45.999560634183055,0.05012627116272461,0.03618884037184518,0.019504396168799776,-3.2317847759161396,-3.425351945292304,-0.5896866034913764,-0.03565657986298332,-0.10181620337831099,8883832.05,0.23391538564712058,1291005.6,0.14532080218693463,32.33400402414487,NEUTRAL,0.0,,-0.01422,0.131,,,1.7698419,29.762,0.0,6.555571730273535,0.0,0.0,55.00000000000001,38.8895757544184,249
2026-10-08,BEML,2010.0,2012.0,1908.0,1911.199951171875,188950.0,-0.04735320621681205,-0.040754904761691746,-0.08895037339735434,2018.6349975585938,1955.3480004882813,2002.5930590670534,1962.51239399584,40.83317332014649,0.03428660848015687,0.05441607506123635,0.025921426818266268,-1.3744067697055016,14.2628036689653,-0.9426361245011198,-0.053221630714148094,-0.02257810338895272,277100.2,0.6818833043065288,175087.0,0.6318544699715121,31.036217303822937,NEUTRAL,0.0,,0.03934,0.293,,28.590227,5.7976527,10.529,0.9,7.806312488793418,0.0,0.0,65.0,38.842529792616354,250
2026-10-08,TMCV,427.1000061035156,430.6499938964844,409.0,413.20001220703125,4430315.0,-0.03435377868458034,-0.0055354700191786455,-0.059305606813816136,431.51999816894534,449.6149981689453,432.3411966041744,437.5263025796928,34.90854495341884,0.03240386609717684,0.05239591785306333,0.01817617143506047,-7.342913235225069,-6.351556397181468,-0.9032645791954905,-0.042454546810462235,-0.08099148407017975,5993029.7,0.7392446261362595,5115649.2,0.853599841162142,31.116700201207244,NEUTRAL,0.0,,0.04809,0.193,0.834,37.076923,12.54446,44.095,0.94,7.7196267623535455,0.0,0.0,80.0,38.83632696356079,251
2026-10-08,RAILTEL,254.64999389648438,255.35000610351562,247.6999969482422,248.10000610351562,544350.0,-0.025721531317339563,-0.035381048489961375,-0.055576724115298126,258.577498626709,271.65499725341795,259.7728951540097,270.6960556839961,36.71383617620358,0.0347210235321677,0.030834377134523718,0.019546226383248325,-5.130437880198997,-4.981197693501375,-1.027728354782312,-0.040519738101105984,-0.08670921348054073,803797.7,0.6772226394775701,373605.6,0.4648005337661454,26.52917505030181,NEUTRAL,0.0,0.16254,0.08096,0.276,0.252,23.900742,3.6562173,2.817,1.29,12.216480309750253,0.0,0.0,100.0,38.74565536005206,252
2026-10-08,CAPLIPOINT,2649.10009765625,2652.699951171875,2529.0,2548.800048828125,69987.0,-0.03786193240371094,-0.03157409346822926,-0.08821630612094822,2704.9300048828127,2642.4780078125,2683.3155015903253,2636.8029995972884,34.05679450749274,0.04131073830246762,0.04853262272525033,0.02699083179603165,-10.238294275588942,15.763927989510453,-0.7942315916275413,-0.057720516158587865,-0.03545079985809363,177936.85,0.39332493522280515,85410.4,0.4800040014196047,28.953722334004024,NEUTRAL,0.0,,0.29089,0.196,0.159,30.702337,5.7999153,0.127,0.31,9.768132391478419,0.0,0.0,80.0,38.721854725482444,253
2026-10-08,JINDALSAW,280.0,280.04998779296875,267.25,270.20001220703125,1074126.0,-0.04150401540536908,-0.0003698689990843107,-0.14897633950541334,284.8600021362305,285.685,282.83212576418634,281.7504531466193,36.37006276794481,0.03399596575512899,0.04737226948443366,0.026507121556540725,-4.556849790916942,-3.091878937746092,-0.6239724449482033,-0.051463841252757936,-0.05420301308423181,1279147.45,0.8397202371001091,826656.6,0.6462559105285322,31.911468812877263,NEUTRAL,0.0,,0.03578,0.09,-0.754,27.605083,1.4311125,38.19,0.73,6.380839365043807,0.0,0.0,80.0,38.29230817792107,254
2026-10-08,ELGIEQUIP,599.75,600.0,576.0,579.0,245773.0,-0.038285837156922464,-0.009663942834390538,-0.06853278194836088,601.6899993896484,606.8879968261718,600.7055196819496,602.279919327371,36.13254745810516,0.026856650901434895,0.04145077720207254,0.01778323852372516,-5.948671709280006,-4.061678549924746,-0.9813909383535574,-0.03771044792611644,-0.04595246070447434,282501.8,0.8699873770715798,214699.2,0.759992325712615,30.271629778672033,NEUTRAL,0.0,,0.10803001,0.226,0.211,42.319916,8.463983,23.885,0.46,8.010957701802006,0.0,0.0,80.0,38.282587480474035,255
2026-10-08,BRITANNIA,4802.0,4844.7001953125,4745.60009765625,4745.60009765625,193626.0,-0.007196632289487415,-0.006781059511040133,-0.052585326880365324,4893.444995117187,5174.167998046875,4902.659924657406,5078.060149450869,30.188375524596125,0.01691491338686124,0.020882521834318366,0.010657360725392815,-106.27469504245619,-107.95051461778931,-0.8388253045796551,-0.03021284547153613,-0.08282836980793806,235061.8,0.8237238036975808,173524.4,0.7382075692434926,31.277665995975852,NEUTRAL,0.0,,0.13376,0.082,0.136,45.17436,23.03614,26.875,1.9,6.856882577062447,0.0,0.0,80.0,38.1345485730383,256
2026-10-08,SHREECEM,21700.0,21830.0,21450.0,21600.0,32326.0,-0.008264462809917328,-0.013698630136986356,-0.05200789993416721,22165.75,23680.5,22330.228717084945,23330.62660043716,35.507246376811594,0.021279761904761905,0.017592592592592594,0.014595576424862764,-493.9415048204937,-540.6710985432886,-0.8877996367281814,-0.02552361187868668,-0.08785709761195926,44656.15,0.7238868554499213,27367.6,0.612851757260758,30.794768611670023,NEUTRAL,0.0,,0.07445,0.18,-0.177,49.161095,3.444085,8.013,0.64,7.323842425032682,0.0,0.0,80.0,38.1186110367027,257
2026-10-08,PFC,326.0,331.79998779296875,322.8500061035156,323.70001220703125,6664735.0,-0.0056826160506999734,0.01792456668877751,-0.08248292685036607,335.3875015258789,358.46300048828124,334.010304173526,355.42700805170887,28.407799083003695,0.021415328155064795,0.027649000160460045,0.011686691448760807,-10.566374161140061,-10.83119142384109,-0.48589264667741305,-0.03484771873034709,-0.09697789795291978,8305485.2,0.8024498075079346,8265971.8,0.9952424934788878,28.953722334004024,NEUTRAL,0.0,,0.54484004,0.008,0.021,4.087166,0.744842,536.837,4.84,9.145312764675486,0.0,0.0,80.0,38.09903509867951,258
2026-10-08,LTTS,3252.0,3356.199951171875,3168.800048828125,3176.60009765625,53377.0,-0.023215767575669677,-0.027908669382810114,-0.059593182304729764,3260.4500366210937,3425.272001953125,3272.8351979895206,3353.640606285492,36.20662612237692,0.030171516793278067,0.05899386028540919,0.01739152764523901,-57.43007051841323,-62.49331745083052,-0.6137631181788638,-0.025717289951708633,-0.07259916997980875,52890.9,1.0091906169114158,40488.6,0.7655116475613006,30.211267605633804,NEUTRAL,0.0,,0.11684,0.026,0.128,27.193563,5.3697495,8.911,1.77,7.87908543407578,0.0,0.0,80.0,38.09035303970958,259
2026-10-08,ONESOURCE,1528.0,1534.5,1462.5,1478.199951171875,232557.0,-0.032971362828095874,-0.028522624283921938,-0.03391936817343444,1564.3999938964844,1557.1279956054686,1547.3266537884415,1569.0811040812687,33.24553747938707,0.038241504856115605,0.04870788958078401,0.017711275849267134,-16.26404287721789,-6.503949638658894,-1.0606688444998893,-0.05510102471293743,-0.05068821873111562,281008.4,0.8275802431528737,248478.6,0.8842390476583618,30.764587525150905,NEUTRAL,0.0,,-0.0315,0.372,,,3.0268035,25.791,0.0,7.200629290388837,0.0,0.0,55.00000000000001,37.96521681553974,260
2026-10-08,ABBOTINDIA,26090.0,26270.0,25475.0,25580.0,5523.0,-0.019735581529028545,-0.0469448584202683,0.014073339940535279,26501.0,26677.2,26455.021511559607,26587.831861509065,25.648414985590776,0.021654752596894897,0.031078967943706022,0.01672771000288697,-90.47035576356575,16.201245925927903,-0.736695536223893,-0.03475340553186668,-0.04112875414211392,8561.2,0.6451198430126617,6556.2,0.7658038592720646,29.64788732394366,NEUTRAL,0.0,,0.23052,0.043,0.171,35.290405,11.95059,3.602,1.96,8.284537042707145,0.0,0.0,80.0,37.93242436665081,261
2026-10-08,VEDPOWER,32.790000915527344,32.790000915527344,31.229999542236328,31.889999389648438,9959714.0,-0.01634789664499592,-0.026853861941486534,-0.060954056261169676,32.27349987030029,34.33,32.750901957002526,34.315493388095305,53.302750415285956,0.04002597627235354,0.04891820016143981,0.030109382829342373,-0.5819785605072809,-0.710146273530636,-0.19584902436308135,-0.011882829014301266,-0.07107487941600821,12424138.05,0.8016422515524124,8143086.0,0.6554246231995144,31.861167002012074,NEUTRAL,0.0,0.00875,0.0060900003,0.31,,,2.844608,,0.0,6.065818287702405,0.0,0.0,65.0,37.92698528971448,262
2026-10-08,TATATECH,701.7999877929688,723.0,686.7000122070312,694.6500244140625,1754310.0,-0.004228714557217739,-0.0059386998445909445,-0.10833703189959543,719.1350006103515,775.6069995117188,721.0383082043589,744.8476760901992,35.772781822145944,0.027542136040480582,0.05225651265698551,0.01656799823316073,-22.529785979325766,-22.81857243032141,-0.4869785412031185,-0.03404781602273277,-0.10437886087750947,792921.2,2.212464492057975,595050.0,0.7504528823292907,29.88933601609658,NEUTRAL,0.0,,0.094,0.338,0.062,51.246353,7.275455,23.908,1.2,7.982855996466065,0.0,0.0,80.0,37.87219201256264,263
2026-10-08,CGPOWER,894.0,896.2999877929688,862.0,862.0499877929688,1549117.0,-0.036277263507022095,-0.019283290337919534,-0.05740528205210005,882.9724975585938,884.3589990234375,883.4340538609638,885.5195846488276,41.75157966929063,0.026092290708460256,0.03978886175821893,0.022296543083469067,-2.24762390916203,-2.273800495953016,-0.5321021914269738,-0.02369553958189574,-0.025226193497328242,2012979.55,0.7695642014843121,1446882.2,0.718776402870064,31.156941649899398,NEUTRAL,0.0,,0.0975,0.14,0.131,115.00631,18.02051,1.446,0.15,6.702509177716918,0.0,0.0,80.0,37.859450827616314,264
2026-10-08,ELECON,442.3999938964844,442.3999938964844,415.1000061035156,416.95001220703125,719004.0,-0.055070793865084955,-0.052386335893110814,-0.008442301529057672,438.6300018310547,434.10800048828133,440.4354439294448,442.9376906897283,48.73699851411588,0.04899525322097335,0.06547544548197132,0.035253873686848305,1.99044230140305,4.247930368597816,-0.46694288193906225,-0.049426599944191296,-0.03952469952627202,2323640.55,0.30942995894954584,319108.6,0.13733130969848156,31.327967806841045,NEUTRAL,0.0,,0.09852,0.061,-0.598,42.383667,4.343299,11.824,0.45,6.349137498184952,0.0,0.0,80.0,37.677105305026,265
2026-10-08,KFINTECH,863.9500122070312,863.9500122070312,838.2000122070312,838.2000122070312,350672.0,-0.023076908849613886,0.007451937748835569,-0.06763068720018772,877.3975006103516,916.7140014648437,874.83902610402,896.3791872294095,26.68867321820862,0.028884168987593804,0.030720591296817923,0.021304254339574547,-20.154487569227967,-18.218696571103365,-0.6711416703157858,-0.04467472083753721,-0.08564720199795428,529859.85,0.6618202907806658,447069.0,0.8437495311260138,28.440643863179073,NEUTRAL,0.0,,0.24400999,0.301,-0.025,43.869984,8.907358,3.314,1.38,9.116165262388082,0.0,0.0,80.0,37.556809125567156,266
2026-10-08,HDFCAMC,2304.0,2316.0,2234.800048828125,2245.0,970073.0,-0.030153813442098998,-0.027338544684576194,-0.07757418236515867,2357.995007324219,2470.0680078125,2358.7350402793827,2444.822301862406,32.171149995647255,0.02327074954512011,0.03616924328368597,0.01729765427831416,-53.41884383090655,-52.14030532041175,-0.8685944868820902,-0.04791995189694753,-0.09111814213237834,685005.9,1.4161527659834754,765415.2,1.117384828364252,28.279678068410465,NEUTRAL,0.0,,0.61625,0.134,0.118,34.321564,10.91991,2.364,2.3,9.193706265233176,0.0,0.0,80.0,37.473384333643644,267
2026-10-08,RHIM,370.0,370.04998779296875,362.8999938964844,367.1000061035156,602781.0,-0.0063608229147891215,-0.046121864930478096,-0.030631121546344398,376.7400039672852,381.19800170898435,377.1954481223844,380.34271142185554,48.73816662679485,0.03525703568399912,0.01947696479870993,0.016630885188724985,-1.1665114700789445,0.07369719677754152,-0.5100827734263574,-0.025587932691657267,-0.03698339325564326,1088171.4,0.5539393885926427,295186.0,0.2712679270931032,29.76861167002012,NEUTRAL,0.0,,-0.0868,0.056,1.216,,2.1656544,12.595,0.67,7.615923566727506,0.0,0.0,70.0,37.384535236747624,268
2026-10-08,ULTRACEMCO,10660.0,10670.0,10426.0,10426.0,227143.0,-0.02176768624507408,-0.026517273576097122,-0.050368886055196294,10877.75,11315.94,10892.907963649783,11164.399352439996,33.68479467258601,0.01773039927653394,0.023403030884327644,0.013783588208189021,-176.7277477824682,-153.94983157523777,-1.151222447981866,-0.04152972811472966,-0.07864481430619108,269825.9,0.8418131839827088,219953.2,0.8151671133126953,29.336016096579478,NEUTRAL,0.0,,0.092930004,0.159,0.168,37.053635,4.126518,29.432,2.21,8.041315555486605,0.0,0.0,80.0,37.37733165206608,269
2026-10-08,OFSS,10586.0,10812.0,10400.0,10400.0,174349.0,-0.016641452344931973,-0.0019193857965451588,-0.1130063965884861,10970.15,11468.7,10877.79983909307,11127.80911942784,21.49390243902438,0.03688873626373627,0.039615384615384615,0.02354906213533235,-327.95938005067,-291.15028595819405,-0.5241858543596765,-0.05197285360728887,-0.09318405747817982,211020.35,0.8262188931067549,139905.8,0.662996720458477,20.824949698189137,NEUTRAL,0.0,0.49897,0.38154,0.687,1.202,26.631227,13.09733,0.567,6.38,16.538056095529463,0.0,0.0,100.0,37.3630057937186,270
2026-10-08,JUBLINGREA,641.9500122070312,642.9500122070312,616.0,620.2999877929688,201226.0,-0.03462765609322371,-0.02774296584174174,-0.06945692992603447,638.8524993896484,682.9259973144531,645.6234417198788,666.5026049237196,48.46460839538366,0.0364109694041963,0.04344673986359336,0.02049694202433852,-11.904728883770417,-13.411952601510942,-0.7507089784788338,-0.029040367869585748,-0.091702482798657,301462.15,0.6675000493428445,186063.6,0.6172038512960913,28.24949698189135,NEUTRAL,0.0,,0.06637,0.253,0.406,33.14043,3.256584,25.328,0.79,9.088481845297297,0.0,0.0,80.0,37.33797882718865,271
2026-10-08,ONGC,222.5,223.0,218.52999877929688,219.8000030517578,9469764.0,-0.009374444678569627,-0.011557278957870731,-0.07362920262201378,230.3909996032715,234.4225997924805,228.71082545294618,234.58824907620925,28.66053242468537,0.018617562060680718,0.020336674971066962,0.01176248200105807,-3.8787336781617796,-2.7566599005525934,-0.8719701467877725,-0.045969662746162654,-0.06237707778032986,10951966.0,0.8646633855510508,12457649.2,1.1374806313313974,27.21327967806841,NEUTRAL,0.0,,0.06181,0.257,0.214,6.4797688,0.758714,42.548,6.45,9.97403935829034,0.0,0.0,80.0,37.18731903635875,272
2026-10-08,LINDEINDIA,6098.5,6146.5,5990.0,6026.0,12097.0,-0.011158516573679056,-0.035454181672669116,-0.032356483340024056,6185.2,6469.73,6212.006379813218,6416.627578559918,38.73497124934657,0.026901284908254705,0.02597079322933953,0.014023870555518162,-92.41494380804852,-93.17035199825759,-0.8775346208100102,-0.02573886050572327,-0.06858555148360124,19220.35,0.62938500079343,15911.4,0.827841324429576,29.557344064386317,NEUTRAL,0.0,,0.20587,0.216,-0.025,96.37918,12.397206,1.85,0.06,7.534919581545375,0.0,0.0,80.0,37.092263645931695,273
2026-10-08,CAMS,691.5999755859375,691.5999755859375,662.0,662.5,1020255.0,-0.046213614618772825,-0.021779254337393916,-0.0695224719101124,696.7824951171875,736.6359997558594,697.3850452326835,724.0621463628297,34.05671119504541,0.024846369082715633,0.04467920843160377,0.017801064541751326,-16.411824951163453,-16.506391479593432,-0.9441853923049647,-0.049201142906757145,-0.10064129336664251,1120151.0,0.9108191663445375,943544.0,0.8423364349984958,28.138832997987926,NEUTRAL,0.0,,0.31785,0.115,0.17,34.90443,13.027072,4.863,1.87,8.7727324516823,0.0,0.0,80.0,36.91156544967023,274
2026-10-08,CGCL,248.9499969482422,249.50999450683594,241.0,241.5399932861328,1133948.0,-0.036691441355504284,-0.023883627945024966,-0.11328928524895188,257.264998626709,248.26340026855468,253.15306004372417,248.905051981061,30.327092975854555,0.0342238445231168,0.035232237904200145,0.019174658384461626,-2.1953313024123986,0.3748067393926149,-0.8071043564679945,-0.06112376508470596,-0.027081748558784424,2802903.45,0.4045619195338319,2503096.2,0.8930368971503461,25.93561368209255,NEUTRAL,0.0,,0.34958,0.858,0.794,21.136986,3.304157,334.728,0.08,10.86619908524645,0.0,0.0,80.0,36.801812767339,275
2026-10-08,SBIN,953.9000244140625,953.9000244140625,937.5,940.0,7579760.0,-0.014675052410901501,-0.014778299912730164,-0.06903041632601248,973.9725006103515,1017.3969970703125,973.9884166136713,999.6781852972024,20.13815603848917,0.015588916906107532,0.017446834483045213,0.011591118645017226,-18.68793698247441,-17.47882224627773,-0.9237115433959872,-0.03488034886925684,-0.07607354581661263,8046649.15,0.9419771955634476,7294495.2,0.9065258176442302,26.398390342052313,NEUTRAL,0.0,0.15177,0.22376,0.103,0.099,10.275991,1.4229443,,1.81,10.393812766407795,0.0,0.0,90.0,36.79220310846011,276
2026-10-08,JIOFIN,215.8000030517578,216.0,210.3000030517578,211.0,10605175.0,-0.02513399732047661,-0.007058823529411784,-0.08360477741585237,222.6864990234375,236.74579925537108,221.9016989105482,230.50824352610607,23.175217040278326,0.021509814924215595,0.027014203546171504,0.014100301881051552,-6.28566318159551,-5.732360633436231,-0.7884180339658293,-0.05247960282588804,-0.10874870572719142,12155123.9,0.8724859645404355,10721222.2,0.8820331481771237,24.859154929577464,NEUTRAL,0.0,,0.55006003,2.082,1.702,67.67081,1.0305718,16.286,0.28,11.910967298673539,0.0,0.0,80.0,36.770122228251005,277
2026-10-08,IOC,130.3000030517578,130.30999755859375,125.2699966430664,126.25,12158642.0,-0.028846153846153855,-0.03875435114826631,-0.06439900907204765,133.66650009155273,136.73200073242188,133.04064847530088,135.83329998679602,27.020078466369966,0.02152193277189047,0.039920799330909654,0.015483179147324087,-2.0783645562545416,-1.4525187100676151,-1.2165263558122796,-0.05548510723683886,-0.0766609182654664,7985558.85,1.5225787234665487,7117826.4,0.8913372919416905,27.756539235412475,NEUTRAL,0.0,,0.0392,0.385,,5.3846154,0.82548213,58.446,2.49,8.885650101392354,0.0,0.0,65.0,36.64218933680483,278
2026-10-08,ABCAPITAL,373.20001220703125,374.75,367.79998779296875,368.6499938964844,4607544.0,-0.009271733809301463,-0.017064375696013157,-0.0783750152587891,386.0774978637695,398.6999993896485,384.4766764123896,390.84030854493903,18.25155922723181,0.02166205860749279,0.018852603613450186,0.020017157631902146,-7.301234841497376,-5.6948345474333255,-0.7566503867100719,-0.04513991119325622,-0.07536996623818981,2812614.35,1.6381712622635236,3097016.0,1.1011164754954763,27.635814889336018,NEUTRAL,0.0,,0.119449995,0.314,0.391,24.27508,2.8541312,495.936,,8.987779111997117,0.0,0.0,74.99999999999999,36.62359400133313,279
2026-10-08,CHOICEIN,723.75,726.0,708.0999755859375,710.6500244140625,152044.0,-0.01803231666829863,-0.021480172923838192,-0.05328714940257673,744.2225067138672,776.3550048828125,742.2895367203265,758.3973661649188,40.617504087156945,0.03294269550469473,0.025188241467832547,0.018048978517953153,-14.515898135946827,-12.269903961627525,-0.8697769947010879,-0.045110812958405244,-0.08463264879533805,410302.8,0.37056534832323834,471424.2,1.1489665681053116,28.661971830985912,NEUTRAL,0.0,,0.20173,0.344,0.154,63.340595,8.601763,49.768,0.0,7.933049824986584,0.0,0.0,80.0,36.595021655972495,280
2026-10-08,ABB,7005.0,7005.5,6750.0,6770.0,155112.0,-0.03354746609564596,-0.018840579710144967,-0.07627234274798744,7031.425,7334.46,7039.557540369927,7175.346492098466,32.78293773649811,0.02625026376872758,0.037740029542097486,0.02026466036443423,-121.9164707648606,-121.77389496098775,-0.7307446693434748,-0.037179519087524926,-0.07695999432814415,167280.2,0.9272585757310189,137519.8,0.8220925130409934,27.142857142857146,NEUTRAL,0.0,0.19131,0.21349001,0.121,0.03,97.02356,16.167253,1.547,0.43,9.394699860678857,0.0,0.0,100.0,36.537557003536,281
2026-10-08,MANAPPURAM,308.1000061035156,309.70001220703125,303.6499938964844,304.1499938964844,1839033.0,-0.01537714501085996,-0.01537714501085996,-0.0805622577990035,317.1375,336.93400024414063,317.64619434335407,327.2269715626816,38.151667907296066,0.02898007501185162,0.019891561505689073,0.019320889626830443,-7.657712859872845,-7.2628446123062975,-0.837184245086396,-0.04095228758351066,-0.09730097385215242,3890841.1,0.4726569275728068,2829051.4,0.7271053551891389,24.58752515090543,NEUTRAL,0.0,,0.30516002,0.801,2.885,19.089231,1.8153834,360.191,1.29,11.859380721597581,0.0,0.0,80.0,36.44690587250301,282
2026-10-08,TRIDENT,22.15999984741211,22.31999969482422,21.799999237060547,21.829999923706055,2994062.0,-0.021514995684741134,-0.014891693410575169,-0.07460789391681111,22.786499977111816,23.778599891662598,22.76326432885713,23.55053647325034,31.75852650465376,0.02153001688829218,0.02382045165281851,0.012839690304345671,-0.503094403199988,-0.4646922613815243,-0.9246148280476703,-0.041976611342967596,-0.08194763261228744,2810812.65,1.0651944376299858,3095386.0,1.101242375581311,29.044265593561367,NEUTRAL,0.0,,0.05829,0.047,0.148,28.923077,2.4107716,38.323,2.29,7.38850841742146,0.0,0.0,80.0,36.432774010982826,283
2026-10-08,EMCURE,1905.0999755859375,1919.5,1838.0,1851.5,65710.0,-0.034671532846715314,-0.04787615795268385,-0.05670473102676754,1950.6550048828126,1930.1320043945314,1931.6850848580325,1913.941747921768,18.597896462121923,0.025789909499657603,0.04401836348906292,0.017381322040500802,-4.361103790447487,7.032200541929187,-1.3444245434012896,-0.050831646105852224,-0.04073918478917593,194159.05,0.338433876762376,110491.2,0.5690757139571913,27.917505030181086,NEUTRAL,0.0,,0.104449995,0.228,0.419,36.03374,7.36202,30.567,0.19,8.404578196693869,0.0,0.0,80.0,36.32208322687495,284
2026-10-08,FORCEMOT,17000.0,17032.0,16611.0,16700.0,49068.0,-0.015097900448218904,-0.005952380952380931,-0.08115543328748276,17194.65,17670.7,17141.892473582768,17538.02789121222,35.14328808446456,0.022929854576561163,0.025209580838323354,0.014066383203828928,-235.74385542679738,-214.04003711871894,-0.7552453577296301,-0.028767669013326946,-0.05493274177027507,56085.15,0.8748839933565302,46279.0,0.8251560350645403,28.511066398390344,NEUTRAL,0.0,,0.13607,0.062,0.228,18.00901,5.4706187,,0.3,7.691916907440534,0.0,0.0,70.0,36.20298330583088,285
2026-10-08,KPRMILL,1096.9000244140625,1102.5999755859375,1050.0999755859375,1053.300048828125,199674.0,-0.043584852330730395,-0.045318587679849864,-0.07198233583425107,1106.8350158691405,1111.5680029296875,1102.7106538605467,1106.5110301396032,42.29220443985544,0.033588332587919316,0.049843347162482496,0.020226062327842333,-12.79809898348708,-7.875812090929064,-1.131586455145815,-0.04836761240244758,-0.05241960361218523,168262.95,1.1866783507599266,141378.4,0.8402229962092069,28.30985915492958,NEUTRAL,0.0,,0.13378,0.096,0.215,40.041245,6.4066186,10.463,0.47,7.880452593838258,0.0,0.0,80.0,36.19031174876784,286
2026-10-08,RPOWER,20.309999465942383,20.360000610351562,19.75,19.799999237060547,17851735.0,-0.025590574093174,0.02009270441598865,-0.09340663467374644,20.51249990463257,21.91279998779297,20.539404725732215,21.75570111431525,32.36075478341991,0.03326116830420215,0.030808112821024608,0.015597690292601576,-0.5961001618173185,-0.6494726150844536,-0.5279093882492059,-0.03473495043922514,-0.09641856594818587,19827334.2,0.9003598174080306,26250998.0,1.3239802050645821,29.55734406438632,NEUTRAL,0.0,,-0.041199997,0.038,0.472,,0.52833784,92.348,0.0,6.5963858417294325,0.0,0.0,70.0,36.15372990611576,287
2026-10-08,THANGAMAYL,4840.0,4903.5,4786.0,4810.5,65434.0,0.0015615240474702308,-0.04968391939944683,-0.06008206330597887,4994.225,5194.55,5010.253143920226,5205.2119941683595,49.986327590921526,0.04271162783791409,0.024425735370543603,0.028008641056190473,-134.01619381246473,-119.724842594255,-0.5675465269742206,-0.03678748955043076,-0.07393325697124875,83034.5,0.7880338895278468,61883.6,0.7452757588713125,27.59557344064386,NEUTRAL,0.0,,0.040700004,0.712,0.861,38.17965,10.54286,64.492,0.38,8.424378935623078,0.0,0.0,80.0,36.01995237626694,288
2026-10-08,CDSL,1270.5,1276.699951171875,1247.199951171875,1258.0,695203.0,-0.013333333333333308,0.01247484909456742,-0.0715867158671587,1305.6900024414062,1341.8760009765624,1298.1906295919823,1325.1351968588224,18.177419924427028,0.021564837994424966,0.02344992050874404,0.018136233590384285,-28.90228425224609,-24.575816959849096,-0.5054549478790461,-0.03652475116776144,-0.06250652140400526,978336.65,0.7105969095607325,705894.4,0.7215250496850957,27.173038229376257,NEUTRAL,0.0,,0.36798,0.154,0.147,56.02661,13.4735365,0.11,1.02,8.829615019349314,0.0,0.0,80.0,36.00265324872557,289
2026-10-08,AUBANK,997.9000244140625,997.9000244140625,974.0,975.0,973323.0,-0.018522270950129482,-0.012158054711246202,-0.07556646900696307,1021.6399993896484,1055.613995361328,1019.7000978143345,1036.727646040879,34.34456670276961,0.027274724380437272,0.024512845552884615,0.02169202712662287,-17.51216153611722,-15.40603657885953,-0.8868404534859472,-0.04565208822825284,-0.07636692551971569,1399684.25,0.6953875490132864,1453917.4,1.038746703051063,26.42857142857143,NEUTRAL,0.0,,0.25577998,0.298,0.351,26.18037,3.6933649,,0.1,9.542716409267491,0.0,0.0,70.0,35.97128783783892,290
2026-10-08,BPCL,295.1000061035156,295.1499938964844,282.95001220703125,286.25,7110504.0,-0.03408134265395513,-0.04773787695324927,-0.055280528052805256,303.7875030517578,311.34800109863284,302.74877263503754,307.54538143412947,22.97953924675332,0.024890829694323144,0.04262002336926856,0.01518753481821468,-4.642946305124838,-3.1936430034063643,-1.234726593947039,-0.05772950788159925,-0.0806107667628223,4594763.5,1.5475233926621033,5515689.4,1.2004294453893003,27.082494969818914,NEUTRAL,0.0,,0.034679998,0.344,,7.4956346,1.2821443,54.332,6.74,8.763586236952674,0.0,0.0,65.0,35.846081206771586,291
2026-10-08,JSL,734.5999755859375,734.5999755859375,702.2000122070312,705.5999755859375,721655.0,-0.03626312633038964,-0.05592727784681961,-0.09919572758574824,741.9800018310547,734.2670043945312,737.697098834961,734.1327881518449,44.655505328418215,0.02990867340098129,0.04591831703508916,0.020402872787903373,-1.0571969628304032,2.5997680627305995,-1.3008150793132502,-0.04903100643593994,-0.03904169550997627,973203.4,0.7415253584194219,580613.0,0.5965998474727894,29.205231388329977,NEUTRAL,0.0,,0.07379,0.105,0.076,18.60737,13.403628,37.523,0.55,6.635975645592495,0.0,0.0,80.0,35.84120703392247,292
2026-10-08,NUVOCO,324.1000061035156,328.70001220703125,320.6000061035156,321.8999938964844,142319.0,-0.008776000318754806,-0.04706925539094209,-0.038386874095640455,328.44750061035154,331.8720007324219,328.82504991649535,330.11026041986605,51.76398694797791,0.03490436721543909,0.02516311356663275,0.022113094005744766,-1.6506801374280826,-0.7652427563619082,-0.4220797516986989,-0.019934713163290874,-0.03004774977681124,276317.4,0.5150562360531765,335397.8,1.2138135347249213,28.8933601609658,NEUTRAL,0.0,,0.03329,0.089,0.198,30.203514,1.1400458,48.061,0.0,6.93805909966137,0.0,0.0,80.0,35.83141926062717,293
2026-10-08,CONCORDBIO,1360.0,1371.0,1309.5,1330.800048828125,181126.0,-0.02125461747559987,-0.0315114820807334,-0.08397576810271246,1441.929998779297,1457.937998046875,1415.874438046028,1420.6234831734248,31.910664629822236,0.04072201057014917,0.04621280263263863,0.02618845653269778,-31.674567239491807,-17.04016064846782,-0.7507465040397192,-0.07707028083558276,-0.08720394789700947,149314.9,1.2130470569246605,64406.6,0.43134744087830484,25.63380281690141,NEUTRAL,0.0,,0.24844,0.262,0.311,47.151222,7.0993643,0.115,0.56,10.094351423137164,0.0,0.0,80.0,35.72815424003858,294
2026-10-08,SCHAEFFLER,3796.89990234375,3808.0,3725.5,3736.699951171875,30762.0,-0.015880971511225916,-0.04115884695413419,-0.05010424912546485,3950.5050048828125,4001.57599609375,3922.5279025890504,3988.0760778065373,33.497730807875485,0.026264585292885077,0.02207830467472428,0.01717129878478273,-58.19711669495473,-32.5187460914531,-0.9343397461907221,-0.05412094237234866,-0.06619293128018588,48062.6,0.640040280800456,43033.4,0.895361466087977,25.0,NEUTRAL,0.0,0.21645,0.119320005,0.173,0.13,48.23838,9.837319,0.783,0.9,10.701754764292588,0.0,0.0,100.0,35.70175476429259,295
2026-10-08,PHOENIXLTD,1850.9000244140625,1850.9000244140625,1771.199951171875,1771.199951171875,842364.0,-0.040260118573896,-0.08227981804566065,-0.06285716869212965,1906.9549926757813,1912.4899975585934,1902.2679879174275,1913.5312451015814,36.862831857077026,0.030899161928365202,0.044997784236305856,0.017520853763178326,-15.72000412103489,-1.7210351621587447,-1.248880919460763,-0.0711894313317899,-0.07387753481957215,412580.65,2.0416953630762857,433791.0,1.0514089790686985,27.686116700201204,NEUTRAL,0.0,,0.28164,0.128,0.233,53.94075,6.2803645,37.211,0.13,8.00552334423014,0.0,0.0,80.0,35.691640044431345,296
2026-10-08,UBL,1188.5999755859375,1211.5,1160.0,1162.699951171875,93742.0,-0.019397824868988334,0.003972002143951547,-0.08210310571480284,1219.8800048828125,1301.1940014648437,1220.0694412974306,1274.9219466282925,41.26572389638093,0.0341508020548861,0.04429345674960561,0.018271711419132492,-34.346815891191454,-32.37256656751263,-0.8398446644306151,-0.046873506805639065,-0.10643612723164753,123977.9,0.756118630820493,87078.0,0.7023671154294435,30.382293762575454,NEUTRAL,0.0,,0.0419,0.071,-0.095,78.8785,6.907679,29.076,0.84,5.296154221805715,0.0,0.0,80.0,35.678447984381165,297
2026-10-08,HINDCOPPER,482.0,485.8500061035156,465.0,467.5,3670126.0,-0.025940226878587547,0.011576341391695388,-0.11340790665151268,488.1800018310547,516.2639996337891,488.49713938691775,503.4295383402235,36.131730604001646,0.028120700961492523,0.04459894353693182,0.020832177076373908,-12.455931566415131,-11.874121128356032,-0.6159184070382623,-0.042361427656783635,-0.09445554923136179,5442530.95,0.6743417784330652,2993006.2,0.5499291097278923,24.416498993963778,NEUTRAL,0.0,,0.32494,0.814,1.619,41.354343,14.060238,3.319,0.6,11.124775605526676,0.0,0.0,80.0,35.54127459949045,298
2026-10-08,CRAFTSMAN,10225.0,10225.0,9980.0,10038.0,56037.0,-0.015689350853108408,-0.022209234365867858,-0.15298287064382754,10716.6,10746.51,10568.44225708842,10510.147473273104,21.765913757700204,0.03175789144109527,0.024407252440725245,0.01710916691745573,-195.68250968060238,-103.0015773254795,-0.7322426476129819,-0.06332232237836632,-0.06592931100422372,49375.9,1.1349058953862106,34673.0,0.7022251746297282,27.34406438631791,NEUTRAL,0.0,,0.053340003,0.363,1.133,53.329212,7.562901,111.011,0.11,7.987717304575664,0.0,0.0,80.0,35.33178169089358,299
2026-10-08,BHARATCOAL,32.0,32.09000015258789,31.200000762939453,31.309999465942383,3080839.0,-0.024306658863714747,-0.0138582845372478,-0.06313581144847558,32.32049961090088,33.26579978942871,32.40160902194496,33.40870612864087,38.02083316086608,0.025482476668179266,0.02842540417851297,0.01524088906870152,-0.48255633553687005,-0.4623999022410137,-0.9845898290035691,-0.031264991479824866,-0.058793124947137065,4302019.3,0.7161378843651399,3148749.0,0.7319234946249544,29.336016096579478,NEUTRAL,0.0,,-0.00863,-0.036,,,2.5860262,38.792,0.0,5.921825004844373,0.0,0.0,55.00000000000001,35.25784110142385,300
2026-10-08,SHRIRAMFIN,950.0,951.0,917.25,917.25,6407051.0,-0.032436708860759444,-0.029365079365079372,-0.11632947976878616,982.7949951171875,1049.787998046875,982.7055274931735,1015.9560831335923,25.508314771895797,0.024490903630015513,0.03679476696647588,0.018842460038892384,-28.653905191331773,-25.569879784466984,-1.1144455637060153,-0.06669243885330522,-0.1262521559528792,4273259.15,1.4993359342599195,4406052.2,1.0310753561482457,21.398390342052313,NEUTRAL,0.0,0.18495001,0.50009996,0.428,0.295,17.04132,2.7546177,276.215,1.11,13.83919749573481,0.0,0.0,100.0,35.237587837787125,301
2026-10-08,AMBER,6839.5,6839.5,6550.0,6555.0,241532.0,-0.053429602888086625,-0.017609591607343544,-0.09084604715672673,6930.375,7194.11,6909.469312485739,7139.879754630417,37.20020855057351,0.031731502669717776,0.04416475972540046,0.023982315729551264,-166.4523644582423,-152.37393132866035,-0.7973858327443201,-0.054163735728586127,-0.08883795215808488,124969.2,1.9327322252202943,147349.8,1.1790889275117389,30.764587525150908,NEUTRAL,0.0,,0.0076099997,0.127,-0.793,253.28171,5.529367,46.566,0.0,4.2639742378707925,0.0,0.0,80.0,35.0285617630217,302
2026-10-08,APLAPOLLO,2125.0,2125.0,2040.0,2040.0,253098.0,-0.04449648711943799,-0.03578009780164959,-0.07053036512860378,2158.47001953125,2124.498010253906,2145.896400603663,2105.6860484739336,22.93574346086166,0.027538515406162464,0.041666666666666664,0.022353296943133896,-7.649535579384974,9.614623672720816,-1.181201607244148,-0.05488610842831054,-0.03977316516470053,539511.0,0.4691248185857193,373057.0,0.6914724630267038,28.843058350100605,NEUTRAL,0.0,,0.052259997,0.085,0.11,47.769245,11.092876,9.396,0.4,6.098827394041752,0.0,0.0,80.0,34.941885744142354,303
2026-10-08,LTFOODS,418.3999938964844,420.3500061035156,404.1499938964844,405.45001220703125,250559.0,-0.03048780398812634,0.012612433535282408,-0.10605220346272759,418.95249938964844,426.5349981689453,417.08287243966186,418.47461664801835,40.825441824096885,0.030909220253456285,0.03995563378786923,0.01840600214194378,-6.260699243938916,-4.818023009657947,-0.5231897798868145,-0.03222916011311139,-0.04943319083411435,367009.25,0.6827048637057512,441456.6,1.202848702042251,27.072434607645878,NEUTRAL,0.0,,0.05485,0.264,0.089,22.133947,7.95211,35.617,0.99,7.798557663767824,0.0,0.0,80.0,34.870992271413705,304
2026-10-08,WAAREEENER,2401.0,2404.5,2312.0,2317.0,610816.0,-0.03498542274052474,-0.009829059829059794,-0.09065934065934067,2458.7199951171874,2573.2719970703124,2443.1821315958327,2563.50073160599,21.403422324464785,0.024085935031348264,0.039922313336210616,0.01913747456819364,-69.4237053868901,-64.41458582934183,-0.7585836998259476,-0.05763974563945118,-0.099589937387917,572030.1,1.0678039494774838,355198.8,0.6209442475142479,24.93963782696177,NEUTRAL,0.0,,0.12703,0.792,0.142,17.676386,4.659517,21.402,0.17,9.672106811334178,0.0,0.0,80.0,34.611744638295946,305
2026-10-08,SARDAEN,499.3500061035156,500.5,488.04998779296875,491.8999938964844,271366.0,-0.014919419477261164,-0.005760497430046696,-0.0988366476183149,502.97750396728514,506.98700134277345,501.4300640258528,506.29974590245547,35.440404741891015,0.02140389404939833,0.025310047492399918,0.014077373044556658,-3.5864927034844527,-3.021560305476096,-0.5240792331234261,-0.022023867833900757,-0.029758174087956113,304896.9,0.8900254479465025,171455.4,0.5623389414585717,26.338028169014084,NEUTRAL,0.0,,0.19941,-0.015,0.054,15.622466,2.3958657,35.204,0.4,8.148538719928585,0.0,0.0,80.0,34.48656688894267,306
2026-10-08,J&KBANK,139.88999938964844,140.25,135.02000427246094,135.5,1888360.0,-0.027977001917090738,-0.03200454253662821,-0.07045348131612261,143.3215003967285,148.30140014648438,142.68709398351325,147.6098868873278,26.644164442497413,0.026989998664111923,0.03859775444678275,0.013728907092849027,-3.165513426851277,-2.7953051118982355,-1.0042129236673454,-0.05457311272263965,-0.08632015701699258,1924029.65,0.9814609665708635,1844783.0,0.9588121472036567,25.211267605633804,NEUTRAL,0.0,0.14609,0.34216,-0.043,-0.116,6.671449,0.9043643,,0.0,9.151174405728348,0.0,0.0,90.0,34.36244201136215,307
2026-10-08,ATHERENERG,1454.5,1469.0,1386.0,1406.0,2832249.0,-0.033676975945017174,-7.110133537679975e-05,-0.15214378664851302,1504.3100036621095,1512.8300024414064,1477.8447090360623,1454.6375131926013,18.189237502066035,0.04213067318118459,0.05903271692745377,0.024802536797798452,-31.70811924369559,-19.239221217410364,-0.5606251659445912,-0.065352223559494,-0.07061599933171869,3381104.6,0.8376697366890098,2880212.2,0.851855396606186,27.414486921529175,NEUTRAL,0.0,,-0.0919,0.888,,,21.508896,25.819,0.0,6.745132319818935,0.0,0.0,55.00000000000001,34.15961924134811,308
2026-10-08,ASIANPAINT,2364.39990234375,2367.0,2311.60009765625,2311.60009765625,651578.0,-0.02550482589658709,-0.03963435909586621,-0.07465673620323565,2418.785021972656,2555.7820166015626,2426.2635196883593,2510.075031608711,32.40109958719346,0.01977295007326542,0.023966040838949786,0.014814129723829547,-50.34299426479902,-49.38867491923282,-1.3637751620432381,-0.04431353896386814,-0.09554098016152512,556822.15,1.1701725586886225,506013.6,0.9087526421138239,25.814889336016094,NEUTRAL,0.0,,0.12813,0.179,0.399,48.796295,10.880268,17.847,1.16,8.336590491283058,0.0,0.0,80.0,34.151479827299156,309
2026-10-08,EMMVEE,306.54998779296875,314.20001220703125,299.0,302.0,2237356.0,-0.012426383076056258,-0.012749244767242818,-0.11863415911446029,320.35249786376954,322.75,314.9293805292264,320.27332664260507,34.06862268444067,0.04129611532306941,0.05033116624844785,0.023296160498427154,-7.299801371253352,-4.759005355408053,-0.5883987208764415,-0.05728844939918021,-0.064291247095275,2413400.25,0.9270555101666207,1976020.4,0.8187702806444973,22.525150905432593,NEUTRAL,0.0,,0.22844,0.513,0.737,16.363134,5.553162,9.745,0.34,11.354028314170233,0.0,0.0,80.0,33.879179219602825,310
2026-10-08,TATASTEEL,176.3000030517578,176.39999389648438,170.5399932861328,171.9600067138672,30680693.0,-0.020951905537288096,-0.03393254655130795,-0.0793446416226895,182.9845001220703,185.22620056152343,181.74481537942913,184.98808160183188,29.548220513320146,0.02562473001729296,0.034077694705503876,0.015611349650818994,-2.6857489752871118,-1.3584645703959501,-1.1374784454938944,-0.06024823633066512,-0.07162158381178818,22956628.4,1.3364633719470758,17439436.8,0.7596689067807536,26.177062374245473,NEUTRAL,0.0,,0.04602,0.143,0.114,20.19096,2.1833532,89.017,2.25,7.631031901391928,0.0,0.0,80.0,33.8080942756374,311
2026-10-08,OIL,452.0,454.25,443.6000061035156,447.0,617152.0,-0.014876033057851235,0.006756756756756799,-0.1065360565529837,466.7300003051758,471.0629992675781,462.03145031478874,465.74836083462225,31.483863092237854,0.0215324433553177,0.023825489701307326,0.012752854769039137,-8.236178298080745,-5.540598898010882,-0.5988551791960417,-0.04227283502726442,-0.05108233782953009,1795537.8,0.3437142899470008,1274380.8,0.7097488006100456,21.46881287726358,NEUTRAL,0.0,,0.21685,0.577,0.914,8.643177,1.2450297,58.741,2.93,12.182803897387517,0.0,0.0,80.0,33.651616774651096,312
2026-10-08,TIMKEN,3144.60009765625,3144.699951171875,3005.199951171875,3015.60009765625,19814.0,-0.037164719777697974,-0.03839282600247129,-0.049725786079137135,3180.279992675781,3189.1580029296874,3151.6356927539314,3194.7098023416816,38.10859620624427,0.03108123255921594,0.04625944935749955,0.022475421107301535,-26.567122321396255,-13.86093556268788,-1.0331871767079366,-0.05178157124491889,-0.05442123128236365,41844.8,0.4735116430237449,28486.2,0.6807584215959928,25.845070422535215,NEUTRAL,0.0,,0.118389994,0.166,0.148,56.272728,8.147259,0.5,0.08,7.75710779768883,0.0,0.0,80.0,33.60217822022405,313
2026-10-08,DOMS,2055.0,2080.0,2046.5,2057.39990234375,15909.0,-0.0007285444029078159,-0.023540625370787827,-0.06114812721159846,2099.9,2176.6000048828123,2103.7915868889395,2158.100744968774,39.370828590645694,0.020115534439276505,0.016282687659233117,0.012864194533749458,-33.090850817369756,-33.28990954237884,-0.5710365059727383,-0.020239105508000454,-0.05476435829810633,29831.95,0.5332872976791662,14869.4,0.4984387544226911,27.21327967806841,NEUTRAL,0.0,,0.08929,0.192,-0.225,58.05657,10.313863,10.849,0.18,6.373015943035,0.0,0.0,80.0,33.58629562110341,314
2026-10-08,HUDCO,161.5,161.89999389648438,156.39999389648438,156.99000549316406,3281875.0,-0.029668014043858437,-0.028166324019275102,-0.09817323160690528,168.31499862670898,180.27460021972655,167.97250987251186,177.94809216064678,23.310517072674358,0.032304156213071186,0.03503407737787162,0.01749260533357819,-5.782826159712869,-5.216817810055021,-0.9656139896635256,-0.06728451549740755,-0.12916181590852072,2266255.9,1.4481484637282136,3430237.4,1.513614327490554,23.25955734406439,NEUTRAL,0.0,,0.90679,0.098,0.349,7.60452,1.4709713,645.775,3.71,10.312761027182693,0.0,0.0,80.0,33.572318371247086,315
2026-10-08,PRESTIGE,1429.300048828125,1436.5999755859375,1389.800048828125,1411.0,1068758.0,-0.012803503955050699,-0.050534941672633504,-0.08590306924279634,1460.2,1541.3180004882813,1473.8136902287506,1515.1824858692607,46.25892930570751,0.029401642645951454,0.03316791407357371,0.02268029858982454,-28.841247657115446,-28.759410544786412,-0.8357155625487361,-0.033694014518559134,-0.08454971683130752,568388.9,1.8803287678559522,602979.4,1.0608570997779865,28.10865191146881,NEUTRAL,0.0,0.07752,0.08725,0.159,-0.193,56.185253,3.9335835,105.493,0.13,5.404270645461824,0.0,0.0,100.0,33.51292255693063,316
2026-10-08,LT,3698.0,3702.0,3607.0,3625.10009765625,1690474.0,-0.020640254584290196,-0.018492393592190903,-0.08341337606668775,3809.2799682617188,3940.6679931640624,3798.1251167477776,3884.3635385310363,29.602898877282854,0.017692129999104283,0.026206172916830826,0.013260901067811087,-72.14632539596869,-59.77545449940875,-1.0136184320624217,-0.04835031085665131,-0.08007979765238604,1511057.45,1.118735756870131,1523631.2,1.0083211594635266,26.931589537223335,NEUTRAL,0.0,,0.05588,0.081,0.14,31.27333,4.745302,97.64,1.01,6.484796855116704,0.0,0.0,80.0,33.41638639234004,317
2026-10-08,SIEMENS,3796.10009765625,3799.5,3630.0,3639.0,240182.0,-0.04060110730292643,-0.043375394321766514,-0.07975923278695574,3813.470007324219,3911.4280029296874,3811.9722222865944,3834.332967790713,34.644172589031854,0.025578069756151123,0.04657873042044518,0.02263643401959992,-46.87920864921398,-36.57383757534916,-1.0062844145771703,-0.04575098453354254,-0.06964924388883975,220200.1,1.0907442821324786,178307.2,0.8097507675972899,24.245472837022128,NEUTRAL,0.0,,0.19017,0.148,4.061,94.48394,9.916683,2.213,0.49,9.162977999663081,0.0,0.0,80.0,33.408450836685205,318
2026-10-08,LTM,3929.699951171875,4003.300048828125,3915.0,3915.0,398387.0,-0.003816793893129722,-0.022959820314449764,-0.1049382716049383,4111.339990234375,4389.36400390625,4105.90654292662,4227.841265833873,24.304249449315805,0.031191385760182905,0.02255429088840996,0.015977688314761724,-121.992787423344,-111.02427238694187,-0.7030547365043812,-0.047755717284568955,-0.1080712384491459,380261.15,1.0476668468498556,209341.2,0.5505195574146873,21.378269617706238,NEUTRAL,0.0,0.21966,0.118669994,0.18,0.169,22.525953,4.7986226,9.874,1.87,12.001032728498352,0.0,0.0,100.0,33.37930234620459,319
2026-10-08,HINDPETRO,342.5,342.75,326.04998779296875,326.6000061035156,12066249.0,-0.04822960246929586,-0.053333315641983736,-0.07386924214896018,349.18750152587893,363.60200134277346,348.7691564980934,360.54905423130384,27.777780103458397,0.026867722266230357,0.051132920682610744,0.018382136992932188,-6.517458808090566,-5.663244491413215,-1.4622365848009158,-0.06468586453885239,-0.10176510333444355,3906939.15,3.0884148784349508,4684766.0,1.1990885499202106,25.80482897384306,NEUTRAL,0.0,,0.00356,0.269,,43.893127,1.1199808,85.369,7.03,7.5496962022714005,0.0,0.0,65.0,33.35452517611446,320
2026-10-08,SIGNATURE,714.4000244140625,738.4000244140625,695.0,711.25,963944.0,-0.0017543859649122862,-0.035527848360352166,-0.09602184667655111,751.7224975585938,779.877001953125,748.9168617043913,770.1461970950501,32.636762203444775,0.041144866905049586,0.06101936648725835,0.015021076644479289,-16.7627920044456,-12.126357852604649,-0.8920505083143975,-0.053839678458524665,-0.08799721210044087,377334.8,2.554611978540013,357008.4,0.9461316581454985,25.985915492957744,NEUTRAL,0.0,,0.45731997,-0.362,,9.694744,5.465189,161.04,0.0,7.353219438088644,0.0,0.0,65.0,33.33913493104639,321
2026-10-08,JKTYRE,333.3999938964844,335.8500061035156,328.20001220703125,330.25,503165.0,-0.009448092244004114,-0.029675351615665257,-0.07661119632065427,343.91500091552734,367.0430010986329,345.31228354795167,361.5878865825735,34.646307890751075,0.025673193945502597,0.023164251011307722,0.01566436896117866,-8.972894675531904,-9.001094358939273,-0.9847425834441879,-0.039733657674571043,-0.1002416637519421,477794.4,1.0530994084484875,437182.8,0.9150019338862071,26.86116700201207,NEUTRAL,0.0,,0.04003,0.02,-0.743,14.646094,1.6141539,80.551,1.18,6.371857410399654,0.0,0.0,80.0,33.23302441241172,322
2026-10-08,LODHA,1109.0999755859375,1111.0999755859375,1065.5999755859375,1065.5999755859375,1705553.0,-0.03948084357692194,-0.03617945087128016,-0.08406399069604731,1120.7149963378906,1184.017001953125,1130.9088906451436,1145.0109463302256,34.723837750700284,0.030076933002966252,0.042698949927228634,0.024809599753205475,-20.731652629388236,-18.65508000359431,-0.9651803032163759,-0.0491784449499203,-0.10001294421604556,1904722.7,0.8954337552652678,1339395.2,0.7031969535512964,22.54527162977867,NEUTRAL,0.0,,0.22692,0.431,1.033,27.563107,4.871415,42.238,0.38,10.632583383757783,0.0,0.0,80.0,33.17785501353646,323
2026-10-08,MARUTI,11433.0,11463.0,11225.0,11228.0,431914.0,-0.019388646288209577,-0.013876690672755987,-0.10818109610802229,11936.25,12898.8,11938.8853773037,12574.684557316845,27.413526071244192,0.018550562369586236,0.02119700748129676,0.014914158660129614,-414.9043582390168,-392.95215658910087,-0.9592118827478089,-0.059336056131532144,-0.12953142928024308,386266.85,1.1181751682806849,416239.6,1.07759596765811,23.722334004024145,NEUTRAL,0.0,,0.07269,0.359,-0.091,25.498453,3.4108243,0.096,1.21,9.391358961766615,0.0,0.0,80.0,33.11369296579076,324
2026-10-08,IFCI,64.0,69.80000305175781,63.29999923706055,66.43000030517578,216179427.0,0.03748245465615896,0.019803514393835542,-0.2198473386405485,72.491499710083,79.09560028076172,72.04606575883439,76.0237529026109,32.4145140560795,0.04762264894394798,0.09784741509614037,0.031660657069945815,-4.795892844332897,-3.9672197113978918,-0.5059779684880938,-0.08361669201422406,-0.16013027185617768,64252937.85,3.3645064993709077,60080920.8,0.9350688514859868,27.082494969818914,NEUTRAL,0.0,,0.12699,-0.063,-0.2,102.35938,1.9365044,22.723,0.0,6.003420390838908,0.0,0.0,80.0,33.08591536065782,325
2026-10-08,TORNTPHARM,4713.0,4738.0,4592.2998046875,4617.10009765625,253630.0,-0.021012699536111068,-0.03150624319527051,-0.06346854002915825,4854.519995117187,4914.133994140625,4828.397515729728,4855.478934392969,35.37978376764919,0.02243213843771849,0.031556646429749466,0.013406154949132595,-58.14996492590126,-32.48938128287938,-1.1676390521474855,-0.048906976941024194,-0.060444810181924935,338864.0,0.7484713631427358,225900.8,0.6666414844893527,25.835010060362176,NEUTRAL,0.0,,0.13874,0.548,-0.082,76.230034,19.253426,85.446,0.8,7.24091239848703,0.0,0.0,80.0,33.075922458849206,326
2026-10-08,POLYMED,1609.800048828125,1624.9000244140625,1584.300048828125,1605.199951171875,81827.0,-0.006068141689241524,-0.02008425914437506,-0.08153573495521949,1680.1049865722657,1720.9999926757812,1668.3572079735939,1686.0627576522686,29.55316704684452,0.027130585145544766,0.025292783965198552,0.015176772033915353,-29.451982635582453,-21.178878310174493,-0.8162634110853314,-0.044583544480283455,-0.06728648576218887,92829.45,0.8814767296369849,83481.6,0.899300814558311,24.768611670020125,NEUTRAL,0.0,,0.15774,0.303,-0.075,52.601418,5.3315845,11.227,0.22,8.287445829509359,0.0,0.0,80.0,33.05605749952949,327
2026-10-08,VTL,535.0499877929688,540.2999877929688,525.5,527.3499755859375,133897.0,-0.016871827770721715,-0.0035900319585497886,-0.08382557687026215,549.0575012207031,576.2930004882812,549.1278657489245,571.2123950728736,29.86496149548296,0.03336762856337972,0.02806483071611886,0.023093602058536705,-13.976720361000503,-13.795562916241257,-0.6715915882857912,-0.03953597862974989,-0.08492732839176476,341184.9,0.3924470279898084,149206.8,0.43731947105513747,23.430583501006037,NEUTRAL,0.0,,0.08324,0.133,0.492,18.45482,1.4872285,17.52,0.94,9.580539462000283,0.0,0.0,80.0,33.01112296300632,328
2026-10-08,HONAUT,33630.0,33635.0,32180.0,32465.0,3344.0,-0.026390763232868486,-0.02973699940227137,-0.07401597261836856,33918.75,35778.3,34045.611022501886,35102.776876756296,38.654147104851326,0.032507535587775846,0.044817495764669646,0.017664896835991928,-691.3730037902642,-674.8531802768537,-1.223347727449124,-0.042859775198083705,-0.09260641226665334,4541.45,0.7363287055896245,3528.6,0.7769765163108698,25.573440643863183,NEUTRAL,0.0,,0.117180005,0.018,0.209,53.651173,6.6172237,2.476,0.33,7.378513914848163,0.0,0.0,80.0,32.95195455871135,329
2026-10-08,GRAVITA,1496.0,1523.5999755859375,1475.0999755859375,1482.300048828125,173459.0,-0.009157721371574223,0.04934169223192608,-0.12739148087598584,1531.125,1665.452001953125,1528.936410425004,1615.7934284531225,30.23494269097432,0.030469065933731096,0.03271942144125481,0.016947332651020348,-63.68476426764073,-67.69077867288011,-0.2885747532543812,-0.031888285523308024,-0.10997131884330036,228137.4,0.7603268907246248,303268.6,1.3293243457670685,24.466800804828974,NEUTRAL,0.0,,0.083380006,0.418,0.14,27.892584,4.457161,29.934,0.0,8.45178739057147,0.0,0.0,80.0,32.918588195400446,330
2026-10-08,AAVAS,1229.4000244140625,1229.4000244140625,1182.0,1190.5,43293.0,-0.033449665344775115,-0.017658242415176995,-0.07734638847666886,1260.0049987792968,1310.7080053710938,1253.0228019202696,1300.7773214126669,34.01702744637609,0.03827923441531169,0.039815224203328434,0.01739160320738738,-29.36213633002717,-25.06821548365056,-0.9104825448853955,-0.05516247859860379,-0.09171226915415076,90033.55,0.4808540816173526,126429.8,1.4042520815851425,23.440643863179073,NEUTRAL,0.0,,0.42543998,0.169,0.233,14.102831,1.9051665,310.553,0.0,9.441070962915504,0.0,0.0,80.0,32.88171482609458,331
2026-10-08,KSB,802.0,803.1500244140625,775.0,776.7000122070312,89997.0,-0.03094196855017939,-0.09274613438058188,-0.037188545365114956,805.1674987792969,807.4219970703125,806.9350441798114,817.4126432814899,49.79385749790448,0.041130974725558746,0.036243110559600514,0.025722955993087895,-2.774632802574729,-0.9429952345684796,-0.7245053903071423,-0.03535598073124513,-0.0380494771937776,423953.95,0.2122801308962919,174613.0,0.4118678455525653,25.291750503018108,NEUTRAL,0.0,0.15192,0.09007,0.036,-0.186,56.84397,8.209062,0.371,0.54,7.420996194451472,0.0,0.0,100.0,32.71274669746958,332
2026-10-08,BOSCHLTD,44410.0,44450.0,43000.0,43155.0,21501.0,-0.02825940103580271,-0.05112137203166223,-0.12107942973523422,46731.75,46527.9,46165.62717932783,45755.323933217645,31.34400776322174,0.02620123475180827,0.03359981462171243,0.017208904499951834,-722.9285464085551,-222.44980482422147,-1.1559370098471389,-0.07653789982185555,-0.07249198867776108,22563.05,0.9529296792765163,21231.8,0.9409986681765098,25.070422535211268,NEUTRAL,0.0,,0.11328,0.22,-0.367,56.160843,8.940357,0.8,0.6,7.481383674178436,0.0,0.0,80.0,32.5518062093897,333
2026-10-08,DMART,3635.199951171875,3638.0,3560.10009765625,3585.0,365826.0,-0.014026402640264002,-0.05979543666404408,-0.028455284552845517,3731.089978027344,3834.4799853515624,3726.7921423683592,3819.3492573559947,38.84152631359833,0.024688181978793085,0.021729400932705718,0.01780856184782429,-51.98174690423639,-36.67899890284017,-0.8443175717740106,-0.039154772167832474,-0.06506227345158222,582607.8,0.6279112638038831,830196.2,1.424965817484764,26.53923541247485,NEUTRAL,0.0,,0.042919997,0.149,0.114,76.35685,9.527698,9.913,0.0,5.948682707211197,0.0,0.0,80.0,32.48791811968604,334
2026-10-08,TATAINVEST,614.0499877929688,617.8499755859375,606.4000244140625,609.2999877929688,525735.0,-0.009751341002819602,-0.00934883361372496,-0.05556852710910676,653.0649963378906,653.6440002441407,638.1225822835261,649.8055622367187,9.45536457516097,0.027807080247129204,0.01879197669665066,0.03257536416803918,-12.026114111164361,-6.860718369761082,-0.6159202875942758,-0.067014782280994,-0.06784122922356683,2064092.5,0.254705154928861,268166.4,0.12991975892553265,23.350100603621733,NEUTRAL,0.0,,1.05248,0.041,-0.018,72.43816,1.0648484,0.007,0.55,9.049070245617411,0.0,0.0,80.0,32.39917084923914,335
2026-10-08,HAVELLS,1060.5,1061.699951171875,1023.2000122070312,1023.7000122070312,637565.0,-0.03470060140779707,-0.015673065185546897,-0.08270608225176412,1075.5250030517577,1176.7859997558594,1080.579812223175,1137.5200983168713,25.94067511540348,0.023137378194475013,0.03760861434575971,0.0187242859740937,-36.84504773385811,-38.23709919074946,-0.8053219240761118,-0.04818576109125794,-0.1300882127936498,696660.05,0.9151737637316794,583081.6,0.8369671836356913,24.929577464788736,NEUTRAL,0.0,,0.06923,0.195,-0.166,39.98462,6.8991594,2.801,1.15,7.4520794739518665,0.0,0.0,80.0,32.381656938740605,336
2026-10-08,IDEA,13.170000076293945,13.289999961853027,12.800000190734863,12.800000190734863,296285707.0,-0.028831570989546362,0.012658215432457043,-0.14093956252077755,13.749500179290772,13.931000061035157,13.560994188210579,13.809613462915198,36.27451415797006,0.03577008790120351,0.038281231548171764,0.023978367227635678,-0.39646304606501914,-0.2845816225804025,-0.6238616117302223,-0.06905705488742253,-0.08118583485357145,341717207.8,0.8670494205062388,294223317.4,0.8610140510459829,24.134808853118713,NEUTRAL,0.0,,0.82278,0.061,,3.6217766,-3.8303032,,,8.186642216166195,0.0,0.0,50.0,32.321451069284905,337
2026-10-08,MUTHOOTFIN,2650.0,2651.5,2559.60009765625,2559.60009765625,699609.0,-0.03571421344756487,-0.05098068110986531,-0.09920813033389053,2756.810021972656,2872.6520068359373,2753.1770734903466,2858.22893911443,16.190191899655275,0.02101611370031749,0.035904007984645735,0.014964618749665605,-70.4623651830102,-56.27780403892811,-1.2904156308973902,-0.07153555114229126,-0.10897662105772987,559592.95,1.2502105324950932,439683.0,0.785719334026635,17.183098591549292,NEUTRAL,0.0,0.31735,0.55502,0.353,0.388,9.414321,2.6559348,393.56,1.1,15.067196087916914,0.0,0.0,100.0,32.25029467946621,338
2026-10-08,CROMPTON,210.3000030517578,212.5,203.1300048828125,204.33999633789062,2157585.0,-0.030185100628709938,0.008090771654363671,-0.11156523331351897,217.77049865722657,233.73539947509767,216.72747969486898,230.26514126591164,24.461870796988237,0.025772870513046192,0.04585492456255872,0.017257414142379947,-7.755745781053264,-7.550730142745711,-0.7356724242104494,-0.06167273529770312,-0.12576359080918276,2095227.2,1.0297618320342539,1682435.0,0.8029845164285764,25.23138832997988,NEUTRAL,0.0,,-0.02688,0.118,0.147,,4.601558,5.797,1.42,6.885842426811147,0.0,0.0,70.0,32.117230756791024,339
2026-10-08,YESBANK,20.760000228881836,20.790000915527344,20.350000381469727,20.450000762939453,62693783.0,-0.01635402297332056,-0.014457794557134807,-0.08295957566879941,22.066499996185303,22.396999969482422,21.629671806428778,22.234069615605048,24.94483215966153,0.024240314992985516,0.021515917733118565,0.022670896689600827,-0.5754493867961088,-0.4117481571868724,-0.683141254982261,-0.0732558055661432,-0.08693125013153102,81423009.75,0.7699762412675982,49315513.2,0.6056704775642368,23.289738430583498,NEUTRAL,0.0,0.074650005,0.23185,0.09,0.308,17.436974,1.247445,,,8.807187275841196,0.0,0.0,85.0,32.09692570642469,340
2026-10-08,JSWSTEEL,1225.0999755859375,1229.5999755859375,1171.0999755859375,1175.199951171875,3829095.0,-0.04455288522611789,-0.04687757406984994,-0.0987730435798505,1253.8349975585938,1282.6940014648437,1253.1194956576128,1267.8350264562976,29.03092903358052,0.02282287134541748,0.04977876313019373,0.018245536498627823,-17.994181833243147,-11.473185330939605,-1.5009718584654266,-0.06271562569224276,-0.08380334683892643,1471154.2,2.602782903382936,1606619.2,1.0920807621661959,22.837022132796783,NEUTRAL,0.0,,0.13065,0.098,1.13,12.4049635,3.0728395,95.374,0.57,9.224156366758878,0.0,0.0,80.0,32.06117849955566,341
2026-10-08,INOXINDIA,2081.800048828125,2081.800048828125,2016.0999755859375,2039.300048828125,150616.0,-0.02050910238802839,-0.05949361116775287,-0.11172575770739646,2099.5100280761717,2056.0439990234377,2096.1583538603118,2049.987521034395,45.64102252248063,0.0413867570607153,0.03221697232829557,0.03795593327557588,0.445495666838724,10.779023816028523,-0.40237677271053945,-0.028678109865099555,-0.008143770368370329,284906.75,0.5286501636061623,205239.8,0.72037535088235,25.764587525150905,NEUTRAL,0.0,,0.15748,0.092,-0.049,77.168274,16.90841,7.251,0.1,6.2404681778124775,0.0,0.0,80.0,32.00505570296338,342
2026-10-08,KAYNES,3371.0,3378.5,3215.60009765625,3233.0,1099393.0,-0.03922734026745911,-0.04883789349808765,-0.07602172049156897,3470.540002441406,3641.0840087890624,3470.186411536589,3530.7100025156265,35.588714833041635,0.040614644709206955,0.05038660759163316,0.025838063395162852,-71.18111002443266,-50.30129069563992,-1.1238811522124563,-0.06844468073392174,-0.11207761419511475,991930.2,1.1083370583938266,681427.2,0.6869709179133774,24.34607645875252,NEUTRAL,0.0,,0.08866999,0.405,-0.004,66.464966,4.9110456,19.168,0.0,7.501307906896477,0.0,0.0,80.0,31.847384365649,343
2026-10-08,GRANULES,850.0,850.0,810.2999877929688,815.0499877929688,670980.0,-0.03578611195651504,-0.008153346160062358,-0.09363359711652075,855.8,853.2480004882813,846.4166606450136,846.7049467012881,33.07196406052854,0.03058095283097659,0.04870868388641148,0.022439901034184136,-8.987359047896575,-4.459371005568356,-0.7552521289806782,-0.047616279746472534,-0.04476777287899092,1173274.25,0.571886751967837,597753.6,0.5094747455677988,22.686116700201207,NEUTRAL,0.0,,0.1176,0.22,0.534,31.069838,4.075865,29.735,0.21,9.158573568637951,0.0,0.0,80.0,31.84469026883916,344
2026-10-08,TVSMOTOR,3921.39990234375,3964.0,3839.39990234375,3839.39990234375,1017931.0,-0.022058099250191088,-0.045162919088846065,-0.06844597783725581,4069.789990234375,4221.5980078125,4059.006069673267,4075.9232044412324,17.732807359831384,0.02409603115546872,0.03245301370669626,0.011689121363242098,-64.57559149697136,-41.914337387847795,-1.3715969931893914,-0.056609822237377205,-0.09053398849474859,651324.2,1.5628637781307682,637866.2,0.9793374789390599,24.446680080482896,NEUTRAL,0.0,,0.05691,0.343,0.671,55.176716,56.61826,306.09,0.3,7.194182164390144,0.0,0.0,80.0,31.64086224487304,345
2026-10-08,OBEROIRLTY,1730.0,1730.0,1663.300048828125,1663.300048828125,351751.0,-0.041877852057531695,-0.052034610753555643,-0.07181916918073383,1768.2999938964845,1814.9699951171874,1772.7228495508652,1794.9363210402323,29.750424097857746,0.02783193292852428,0.04010097349475119,0.02064705250258964,-26.71578543980536,-16.86355518034588,-0.9231285392251867,-0.059379033778646284,-0.08356609018171102,426290.35,0.8251441769676466,259366.4,0.6084266275321504,20.73440643863179,NEUTRAL,0.0,,0.41592997,0.317,0.289,24.238153,3.5598135,15.765,0.46,10.877640804983898,0.0,0.0,80.0,31.612047243615688,346
2026-10-08,GLAXO,2634.0,2647.10009765625,2526.5,2534.39990234375,64510.0,-0.0378132489203683,-0.0854174107650233,-0.10788834895137867,2793.839978027344,2817.9679736328126,2774.1354306438366,2761.851584537916,24.203366741991672,0.03164174530718594,0.047585267638592485,0.01854963229833601,-49.925339284457095,-19.05854123589203,-1.5162377212130391,-0.09286146584056598,-0.10062856424996836,72968.1,0.8840849631551321,50677.2,0.6945117112820532,22.706237424547282,NEUTRAL,0.0,,0.27008,0.166,0.157,43.68471,20.620867,1.467,2.06,8.827284782527617,0.0,0.0,80.0,31.5335222070749,347
2026-10-08,ADANIPOWER,196.0,196.49000549316406,184.0500030517578,188.0,46441244.0,-0.045394548240985655,-0.04184295618438982,-0.11943793911007028,201.72700119018555,205.3582000732422,200.69017145451565,205.18678588919852,32.79688591980077,0.03496199031006602,0.0661702257521609,0.022767115193465682,-3.29722065269803,-2.463740729182079,-1.2391633669867983,-0.06804741610789089,-0.08452645215555687,18151830.8,2.5584881498564873,21701439.6,1.1955510074498932,21.871227364185113,NEUTRAL,0.0,,0.24148001,0.34,0.444,27.388363,6.0107503,82.332,0.0,9.578026654751078,0.0,0.0,80.0,31.44925401893619,348
2026-10-08,BEL,378.0,378.1000061035156,366.20001220703125,367.29998779296875,13369703.0,-0.029077452696138928,-0.04124254257066662,-0.09308644989390435,389.48499755859376,399.3720001220703,388.67913073878816,397.193405120158,25.791411879702636,0.017920326981896075,0.032398568723045786,0.017014818790154315,-6.765523214731445,-5.167923134222264,-1.2433098392148272,-0.056959857002675696,-0.0803061113931336,9216082.4,1.450692650057035,9590713.2,1.0406496799551184,22.474849094567404,NEUTRAL,0.0,,0.21403,0.249,0.083,46.11905,11.804856,0.273,0.65,8.894350383610432,0.0,0.0,80.0,31.369199478177833,349
2026-10-08,TATACAP,318.0,320.20001220703125,311.5,314.8999938964844,1747222.0,-0.017625937019637328,-0.013780125476663962,-0.13286520944773472,336.45249938964844,355.11999938964846,334.1502553176363,345.6006375281249,25.90877075216487,0.027945382796112684,0.027627857655313785,0.018325073973502345,-11.364530892913706,-9.705875322137361,-0.7155331112853193,-0.06405809299161702,-0.11325750608890228,1527155.65,1.144102109041734,982699.4,0.643483458938845,20.975855130784705,NEUTRAL,0.0,,0.39678,0.403,0.472,25.282576,2.9615123,502.931,0.18,10.388478544686176,0.0,0.0,80.0,31.36433367547088,350
2026-10-08,LICI,386.29998779296875,388.0,378.20001220703125,379.25,3328450.0,-0.01825003369336653,-0.032155176489105486,-0.06496549730522116,397.1900009155273,405.6390002441406,396.34801786770345,404.62079878154606,27.258179249213782,0.02372163333779666,0.025840442433668426,0.014261411674982401,-6.498538963661815,-4.948106769093647,-1.0743061742867241,-0.045167302485398464,-0.06505538231841113,6447207.9,0.5162622412098732,3432289.4,0.5323683450629845,21.549295774647888,NEUTRAL,0.0,,0.06515,0.068,0.4,8.25121,2.8067677,0.431,2.55,9.618917479693708,0.0,0.0,80.0,31.168213254341595,351
2026-10-08,CIPLA,1323.199951171875,1334.199951171875,1292.0,1306.800048828125,551564.0,-0.015370632228955072,-0.027678535098121237,-0.04842350370317561,1363.5199951171876,1403.6219970703125,1360.6850206840838,1385.9012651480416,16.398423278898917,0.020803268691512146,0.03229258463046269,0.009445503824055144,-20.335946805613503,-15.456412474926529,-1.0929066030866068,-0.0415981771387135,-0.06898007329913436,911587.0,0.6050590892586226,611874.0,0.6712184355415336,23.591549295774644,NEUTRAL,0.0,,0.12009,0.035,-0.392,32.139088,3.1441422,1.778,0.97,7.535767974042756,0.0,0.0,80.0,31.1273172698174,352
2026-10-08,IRFC,76.23999786376953,76.29000091552734,74.12000274658203,74.30000305175781,9184599.0,-0.02429413574591177,-0.035816176930674515,-0.08362109800421891,78.91899948120117,83.07300003051758,78.80686613030944,82.45225673261272,24.2856971584834,0.02289941917734271,0.029205896094427874,0.01483294304454594,-2.009534979539552,-1.7589002542631944,-1.1816849476188689,-0.05852831966709893,-0.10560587646451824,8924939.9,1.0290936524961922,5974615.4,0.6694292025428653,21.83098591549296,NEUTRAL,0.0,,0.97271,0.103,0.097,14.018182,1.7739226,773.347,2.75,9.263067423991469,0.0,0.0,80.0,31.09405333948443,353
2026-10-08,IDFCFIRSTB,79.48999786376953,79.48999786376953,78.01000213623047,78.45999908447266,17424055.0,-0.013578096789333305,-0.02400796516767112,-0.09649928151553311,83.25600090026856,84.6106005859375,82.44096463525067,83.01607447177065,31.552928241085738,0.02906851164974608,0.01886306072914492,0.019319792873079812,-1.4500856036380867,-0.9531404475134408,-0.8402964381461203,-0.057605479051786035,-0.07269303679292283,22045264.35,0.7903763240652634,17033726.0,0.7726705259490344,21.378269617706238,NEUTRAL,0.0,0.052649997,0.09093001,0.298,1.164,31.03861,1.4223787,,0.31,9.56947933142428,0.0,0.0,90.0,30.947748949130517,354
2026-10-08,TATACHEM,612.0,613.9000244140625,591.0,592.9500122070312,743726.0,-0.027631971012203715,-0.02443233939484013,-0.02882642852808548,650.8875030517578,648.1340014648438,632.8128019106962,651.2703888304048,9.02781136759046,0.03425368952302702,0.03862049741566891,0.05677841356324521,-14.47278041783295,-8.376956206179724,-0.554877985373237,-0.08901306381376228,-0.08514287035256829,3750997.35,0.19827420032701434,567945.0,0.1514117305361466,23.83299798792757,NEUTRAL,0.0,,-0.14319,0.144,,,0.7406869,36.081,1.78,7.093294903479698,0.0,0.0,55.00000000000001,30.926292891407268,355
2026-10-08,IREDA,107.5,107.94000244140625,103.41000366210938,103.80000305175781,5963049.0,-0.032889208227661726,-0.06486483737155124,-0.08400985411846262,110.41700019836426,114.16939971923829,110.46287505631096,113.84626700678872,26.929827291219723,0.029782547142065203,0.04364160545388501,0.020145516941615496,-1.867159506648079,-1.4301314870975175,-1.3466809988063773,-0.059927340307371235,-0.09082465785911598,4713266.15,1.2651628001104922,3529186.8,0.7487773207969594,20.29175050301811,NEUTRAL,0.0,,0.69254994,0.237,0.33,15.789474,2.2619824,565.671,1.35,10.628032587613411,0.0,0.0,80.0,30.919783090631523,356
2026-10-08,IEX,105.70999908447266,106.33000183105469,103.5,103.75,3578268.0,-0.019839381241318677,-0.02104173699092171,-0.11043468710225401,109.99300003051758,118.02639999389649,109.73754316298763,115.30430241710285,20.051146224112244,0.022499144877501074,0.02727712608245482,0.015266995493046956,-3.8275853513684552,-3.512037190590253,-0.7954763069795825,-0.056758157598987724,-0.12095937853424965,3272718.3,1.093362664302638,3359376.4,1.0264789364853064,20.432595573440647,NEUTRAL,0.0,,0.66222,0.101,0.118,18.396492,6.8774185,0.818,3.84,9.904266923856378,0.0,0.0,80.0,30.336862497297027,357
2026-10-08,GLENMARK,2280.0,2284.0,2181.199951171875,2192.199951171875,816419.0,-0.039477761787944154,-0.05954528049254615,-0.09225674899715319,2376.234973144531,2365.9139794921875,2351.115908865882,2351.8854881214165,27.77004855163848,0.02988518434650857,0.04689355493013838,0.020673266065429356,-33.82713092472477,-10.693277042233856,-1.2493203805053772,-0.07744815813779471,-0.07342364508011312,575756.85,1.4179926821539337,460173.4,0.7992495443171889,20.533199195171026,NEUTRAL,0.0,,0.10137,0.231,9.307,36.627907,6.258138,5.646,0.32,9.787555904737935,0.0,0.0,80.0,30.32075509990896,358
2026-10-08,EXIDEIND,402.79998779296875,406.95001220703125,392.8500061035156,394.8999938964844,1481210.0,-0.019977709558700485,-0.03553551807733224,-0.06166095243122882,415.195002746582,437.73100158691415,414.6112988587507,422.7858139076839,12.32747874717846,0.02606446628996565,0.035705257841081854,0.014922245947043214,-8.53042138942891,-7.217745641940127,-0.9246971901716196,-0.04888066743540476,-0.09784778216565371,1756313.25,0.8433632212249154,1100085.2,0.6263604741352375,21.800804828973842,NEUTRAL,0.0,,0.04948,0.177,0.283,37.31996,2.502659,11.308,0.49,8.326653535029816,0.0,0.0,80.0,30.127458364003658,359
2026-10-08,SAIL,175.64999389648438,175.64999389648438,165.75999450683594,166.25,13691154.0,-0.046239445077637664,-0.04727793696275073,-0.09523809523809523,177.73800048828124,179.76599975585938,178.1198328454215,178.72825573218216,37.15809672028225,0.03789474208680184,0.059488718133223685,0.02390094112158539,-2.174746595990115,-0.9018768090412117,-1.1749574862732912,-0.06463446453049682,-0.07518663025386052,13650057.75,1.0030107015481309,10678292.8,0.7822892031354227,21.45875251509054,NEUTRAL,0.0,,0.03844,0.013,1.211,17.53769,1.1951972,52.899,1.35,8.591236050516402,0.0,0.0,80.0,30.049988565606945,360
2026-10-08,HEROMOTOCO,4991.5,4991.5,4840.5,4856.5,490497.0,-0.02947641886490804,-0.06027476780185759,-0.08020833333333333,5224.825,5437.23,5202.7011188149845,5280.444549278413,28.377016129032256,0.025062140577429365,0.031092350458148874,0.015122513335167365,-102.72534438077219,-66.1909413208389,-1.288077365985518,-0.0704951840492265,-0.10680622302164877,466614.2,1.0511831830235772,469832.0,1.0068960610285755,20.482897384305833,NEUTRAL,0.0,,0.10724,0.349,-0.172,18.979763,4.784853,3.57,3.58,9.421308567216801,0.0,0.0,80.0,29.904205951522634,361
2026-10-08,LUPIN,2012.9000244140625,2020.9000244140625,1936.9000244140625,1936.9000244140625,611129.0,-0.03775647030563423,-0.045956028470968024,-0.07766665504092263,2063.885009765625,2168.8860009765626,2062.2455358607654,2148.241718124695,23.469390625182072,0.020721620529902895,0.043368268336622634,0.013737674924979546,-48.138619951736246,-42.62752411508456,-1.3589118644363811,-0.06152716103402622,-0.10696088981073515,670825.7,0.9110101178294153,772432.8,1.1514657235105932,19.909456740442657,NEUTRAL,0.0,,0.18450001,0.32,0.16,16.835474,4.13672,29.388,0.89,9.981693365646967,0.0,0.0,80.0,29.891150106089626,362
2026-10-08,ZYDUSWELL,503.6499938964844,507.54998779296875,492.5,495.79998779296875,91265.0,-0.023150429085997515,0.005169767446464801,-0.12449232124259524,520.8125,525.2379992675782,514.3674572890377,524.9132386669407,40.06759017753595,0.032508796820051755,0.030354957974007,0.021353537972570363,-10.673968277045105,-8.11186446317447,-0.5772199549874382,-0.04802594447527897,-0.056046994915941895,172920.7,0.5277852796108273,100418.8,0.580721683407481,22.505030181086518,NEUTRAL,0.0,,0.041479997,0.669,-0.07,84.86486,2.743631,54.974,0.25,7.165429839731505,0.0,0.0,80.0,29.670460020818023,363
2026-10-08,POWERGRID,253.9499969482422,254.0,244.64999389648438,244.64999389648438,14406764.0,-0.033195056526260314,-0.038892198140184076,-0.09972403349959746,262.04250106811526,266.58899993896483,260.0918792520563,266.96703361121644,21.905826748492515,0.020656318352369002,0.038217888153603524,0.015177168561020124,-4.545995391661108,-3.055704364278819,-1.2692100312005141,-0.06637284830032164,-0.0822952411671275,8808123.4,1.635622407379079,6176660.4,0.7012458976221881,21.12676056338028,NEUTRAL,0.0,,0.33797002,0.027,-0.008,15.040936,2.3803575,150.813,3.5,8.478873773378726,0.0,0.0,80.0,29.605634336759007,364
2026-10-08,GODREJIND,1019.0999755859375,1042.9000244140625,974.5,1002.4000244140625,144752.0,-0.025850316410046204,-0.016869313047983003,-0.1068341969148614,1078.3700012207032,1160.5420068359374,1072.9933585668243,1127.9552596044682,21.026521296261365,0.03282834617746641,0.06823625573437579,0.014842392045940775,-39.187891322748555,-36.28113533564094,-0.890150432565359,-0.07044889668726273,-0.13626562544946375,84276.5,1.7175843799873036,51793.0,0.6145604053324474,24.14486921529175,NEUTRAL,0.0,,0.04761,-0.047,-0.186,29.305996,3.0795057,222.411,,5.374649360509878,0.0,0.0,74.99999999999999,29.519518575801627,365
2026-10-08,BAJAJFINSV,1727.300048828125,1738.5999755859375,1700.0,1708.0,1193442.0,-0.020248980576725306,-0.01419830078066242,-0.11981448080391655,1796.4950073242187,1924.8540014648438,1794.960051607183,1857.8811250423903,21.20365559129928,0.019274847209952116,0.022599517321977458,0.014141827071650055,-55.426710019315124,-53.49312918673812,-0.6842303485137723,-0.04925981255913825,-0.11265997384727078,799475.0,1.4927821382782451,762336.2,0.9535460145720629,22.364185110663982,NEUTRAL,0.0,,0.06471,0.193,0.127,27.523167,3.5957584,256.404,0.07,7.049612206339846,0.0,0.0,80.0,29.413797317003826,366
2026-10-08,RAMCOCEM,844.5499877929688,844.5999755859375,811.5999755859375,817.9000244140625,68677.0,-0.032070977024778125,-0.03270056623272788,-0.06144929375506947,858.2749969482422,888.7029992675781,856.5094412560112,878.8216365714751,34.66566529730774,0.02760554802549735,0.04034722950844873,0.012072003620902988,-15.002967811509507,-12.71719119283043,-1.105006303162846,-0.04704200014883397,-0.07967000776622524,214809.45,0.31971126037518366,115334.2,0.536913995171069,23.14889336016097,NEUTRAL,0.0,,0.06988,0.096,-0.633,31.094208,2.4764905,47.897,0.3,6.228018085029451,0.0,0.0,80.0,29.37691144519042,367
2026-10-08,FRACTAL,721.0,721.2999877929688,698.0,700.6500244140625,260764.0,-0.028628814263661595,-0.036708533811891764,-0.08608882527649131,744.6700012207032,789.4610021972657,747.2695029240701,784.6580115560064,24.18967765166279,0.02811675273143375,0.03325481621506257,0.014937087280384998,-21.449295000136544,-20.00148144512582,-1.2693855733149817,-0.059113401553011036,-0.11249571231007005,274439.65,0.9501688258238195,211602.6,0.7710350891352615,20.231388329979882,NEUTRAL,0.0,,0.095290005,0.2,0.771,38.40788,3.773516,13.131,0.0,8.916589148270784,0.0,0.0,80.0,29.147977478250667,368
2026-10-08,BALKRISIND,2014.800048828125,2027.800048828125,1976.5999755859375,1996.9000244140625,189693.0,-0.004834023367832674,-0.041564663108201394,-0.08942087350019945,2136.1150146484374,2280.616015625,2131.707665387763,2198.687009586661,10.059476644763024,0.02282107359224265,0.025639777963952306,0.016721073480347706,-61.82447650406402,-49.426552210163294,-1.0094222523257006,-0.06517204798417042,-0.12440322670153015,161854.3,1.1719985196562588,140675.4,0.8691483636826455,19.295774647887324,NEUTRAL,0.0,,0.12203,0.252,0.564,28.538029,3.6615493,37.524,0.77,9.691200358835328,0.0,0.0,80.0,28.986975006722652,369
2026-10-08,CUMMINSIND,4872.2001953125,4877.0,4720.0,4740.89990234375,224754.0,-0.026948870675526204,-0.02450619293338474,-0.08032979585960232,4926.519995117187,5129.377998046875,4924.659822307106,5086.766869482116,28.319233015114264,0.02121507426829722,0.03311607568900246,0.01609080985405486,-89.51379483296478,-89.49352797379612,-0.867816001454346,-0.0376777305191921,-0.07573590713163403,390327.8,0.5758083334059219,489332.4,1.2536447570477942,20.915492957746476,NEUTRAL,0.0,,0.18694,0.179,0.009,57.606277,16.088728,0.431,1.37,8.011045624657765,0.0,0.0,80.0,28.92653858240424,370
2026-10-08,GODFRYPHLP,1862.0,1866.0,1770.0,1771.0,283953.0,-0.04907647294668516,-0.04254741485072466,-0.10192697768762682,1917.775,2049.2040014648437,1917.2323188258517,2005.4647477189258,23.901109673371764,0.0285552907126598,0.05420666290231508,0.020664274952250726,-56.619953762947716,-49.94343628875507,-1.201972693553905,-0.07653400424971646,-0.13576198429535258,167942.85,1.6907715928364917,145052.6,0.8637021462955999,20.8953722334004,NEUTRAL,0.0,,0.22389999,-0.189,-0.443,21.096031,4.6440682,3.757,2.7,7.9685038865093825,0.0,0.0,80.0,28.863876119909783,371
2026-10-08,INDIACEM,302.29998779296875,302.29998779296875,291.0,294.6000061035156,1138124.0,-0.027883128295077886,-0.001863417937801648,-0.15332663955123593,322.0024978637695,352.9419976806641,318.67107922280246,343.688982045514,16.081079464919412,0.036077963871728444,0.03835705213460924,0.02098793441240663,-17.26628151344994,-15.8816334808087,-0.6332526542495277,-0.08510024593612664,-0.16530192485036965,259032.5,4.393749819038152,334705.6,1.2921374730970052,22.71629778672032,NEUTRAL,0.0,,0.020650001,-0.005,,99.07718,0.90373987,12.888,0.0,6.017064519954703,0.0,0.0,65.0,28.733362306675026,372
2026-10-08,AFCONS,244.0,244.5399932861328,238.0,242.11000061035156,353405.0,-0.009288829802378773,-0.0011551581335943473,-0.0718420741984851,252.00349884033204,267.99140014648435,252.71705397898992,266.91312062960725,23.152599785337955,0.026971206322890236,0.027012487173787528,0.01763279812597478,-8.660217838059793,-8.336566735634177,-0.6062340168125209,-0.039259368522692406,-0.09657548534014893,2614274.5,0.13518282031974838,246690.0,0.0943626998618546,23.772635814889338,NEUTRAL,0.0,,0.01286,-0.208,-0.781,62.57106,1.6341721,66.542,0.83,4.867448666077754,0.0,0.0,80.0,28.64008448096709,373
2026-10-08,EICHERMOT,6936.0,6950.0,6767.5,6767.5,361214.0,-0.02765804597701149,-0.022037572254335225,-0.120761335585293,7265.625,7670.18,7231.059765680572,7463.056664647121,17.15664765247915,0.018444245078895985,0.026967122275581824,0.012438020813677206,-218.65033377713917,-183.60719721360653,-0.992316964127183,-0.06855913978494621,-0.11768693824656007,327797.35,1.1019430144874571,249739.2,0.7618707106692596,18.41046277665996,NEUTRAL,0.0,,0.23211999,0.315,0.213,33.552227,7.7058845,2.048,1.17,10.205392678524479,0.0,0.0,80.0,28.615855455184438,374
2026-10-08,M&MFIN,321.70001220703125,321.75,309.20001220703125,310.5,2187297.0,-0.034965034965035,-0.02892885066458173,-0.13569937369519836,336.88499908447267,365.5300006103516,335.96125421892657,348.32622965804796,15.259770821051163,0.031769030500560735,0.04041864023500403,0.0158678635400907,-12.677763410497448,-11.293794973628149,-0.9251515673759271,-0.07832049261966911,-0.15054852000783536,1649225.95,1.3262567206149043,1998030.2,1.2114957322858035,17.173038229376257,NEUTRAL,0.0,,0.30887,0.367,0.64,13.646055,1.6687003,429.851,2.35,11.437775128022933,0.0,0.0,80.0,28.610813357399188,375
2026-10-08,TATAPOWER,347.0,347.75,334.0,335.6499938964844,6292977.0,-0.027524265299130213,-0.04141082465443846,-0.0854223599550834,359.7374969482422,367.04599853515634,356.7521453665511,365.7090312100391,13.917036018637859,0.020865688974132813,0.04096529197089915,0.013303221109781427,-6.303993739649343,-4.035142029322595,-1.252993238072467,-0.06695855521345184,-0.08553697564874774,3581310.3,1.7571716698215176,4005030.2,1.1183142103045358,22.082494969818914,NEUTRAL,0.0,,0.060890004,0.056,0.109,29.134218,2.8463774,168.051,0.71,6.507043755115246,0.0,0.0,80.0,28.589538724934158,376
2026-10-08,MINDACORP,639.0,639.2000122070312,629.0,635.1500244140625,193162.0,-0.006724509673754708,-0.04825047179121156,-0.0966433701199435,675.1324951171875,699.9129968261718,671.9599916601572,682.5386030456541,29.733620361228034,0.027333255303663224,0.01605921721634341,0.018547771404141926,-14.268275745567166,-10.25217005976466,-1.05427067598808,-0.059221665365381315,-0.09253003259802828,186386.0,1.0363546618308241,200732.0,1.0769693002693335,19.386317907444667,NEUTRAL,0.0,,0.07539,0.332,2.158,31.484484,5.88314,55.351,0.25,9.192778340853684,0.0,0.0,80.0,28.57909624829835,377
2026-10-08,CEMPRO,1160.0,1202.9000244140625,1132.0999755859375,1140.800048828125,553267.0,0.002636667139441551,-0.043113491401527426,-0.10109520859345777,1226.3950073242188,1260.3700048828125,1215.3591969900879,1248.3231271266932,28.762572755615977,0.0408548021571665,0.06206175122525075,0.019627055661979947,-34.5534161244841,-23.58665984715549,-0.8235425863002166,-0.06979395544250233,-0.09486893181483236,216768.3,2.5523427549138873,268657.4,1.2393758681504632,22.645875251509054,NEUTRAL,0.0,,0.058920003,0.07,0.026,32.496502,8.303027,37.711,0.26,5.891644902993365,0.0,0.0,80.0,28.537520154502417,378
2026-10-08,CHAMBLFERT,396.3999938964844,397.04998779296875,376.1000061035156,378.6499938964844,715903.0,-0.044657529795542605,-0.05171548842418472,-0.09359666332379568,410.04249877929686,423.7829980468751,407.57837184350063,420.8977008927225,20.31121437490684,0.022004860360907035,0.05532809197715304,0.013983187316707751,-8.47151525283897,-6.2004144954907,-1.4426161687867658,-0.07655914929859342,-0.10650027103116233,413756.95,1.7302500900589102,331850.2,0.8020413916914266,20.150905432595575,NEUTRAL,0.0,,0.09581,-0.118,-0.046,8.410554,1.5562826,10.274,3.02,8.316500826930568,0.0,0.0,80.0,28.467406259526143,379
2026-10-08,DALBHARAT,1636.0999755859375,1658.4000244140625,1585.0999755859375,1592.9000244140625,75425.0,-0.02877870366104507,-0.053928805245028744,-0.08116056365559188,1699.4849914550782,1773.5159912109375,1695.575538357006,1743.2839154721248,35.96980925571552,0.033142620847368714,0.04601672905058051,0.0180602679392749,-37.68797488300311,-31.643533586677584,-1.1393635241749798,-0.06271603902177392,-0.10184061925122667,80857.0,0.9328196692927019,49822.8,0.6161841275337943,21.68008048289738,NEUTRAL,0.0,,0.062030002,0.07,-0.521,33.78703,1.761006,40.987,0.59,6.326382969674331,0.0,0.0,80.0,28.00646345257171,380
2026-10-08,JUBLFOOD,456.5,456.70001220703125,426.20001220703125,427.6000061035156,4369276.0,-0.07164567859902193,-0.035633712247315485,-0.09750946154443696,467.57250061035154,480.24099975585943,463.11039955582925,467.959763120402,21.315384553999777,0.033667983334498844,0.07132834322882681,0.02423680627493063,-10.018618157942058,-6.072732382361669,-1.0634913939459123,-0.08548940422000295,-0.10961370161878092,1311682.3,3.331047464771004,1900880.0,1.4491923844668788,23.10865191146881,NEUTRAL,0.0,,0.04415,0.137,0.06,78.477875,12.722368,205.318,0.27,4.881066822371852,0.0,0.0,80.0,27.989718733840665,381
2026-10-08,MSUMI,33.45000076293945,33.47999954223633,32.75,32.970001220703125,7113359.0,-0.01787305569185338,-0.016701389173313097,-0.09273524814899536,34.63099994659424,37.14899993896484,34.5699391233593,36.36826578441942,23.42519655475374,0.022357986292148115,0.022141325908654606,0.013099767452635431,-1.106852182554114,-1.073166516307384,-0.762120654291427,-0.04796277117185754,-0.11249289954313002,10656086.15,0.6675395543794472,5693565.0,0.5343017051340186,20.181086519114686,NEUTRAL,0.0,,0.05088,0.364,0.0,35.06316,10.217792,10.788,1.76,7.807033885507704,0.0,0.0,80.0,27.98812040462239,382
2026-10-08,DELHIVERY,397.5,406.1000061035156,393.0,397.0,2102790.0,-0.0028883433733855046,-0.007499999999999951,-0.11324550106017406,418.07749938964844,443.7910009765625,417.4537346627592,436.9810713607628,32.44620368879116,0.0267272487995907,0.032997496482407115,0.01803013870859958,-13.58253685739652,-12.398400803615615,-0.7278470683937257,-0.050415292428842684,-0.10543476743241487,2709333.6,0.7761281224283344,1570199.6,0.5795519606740196,21.971830985915492,NEUTRAL,0.0,,0.00839,0.278,-0.65,336.77686,3.1397114,15.098,0.0,5.998568365753661,0.0,0.0,80.0,27.97039935166915,383
2026-10-08,NAM-INDIA,1055.0,1059.5,1032.5999755859375,1039.4000244140625,490488.0,-0.007448364325345791,-0.006309728093630507,-0.12286917770965189,1112.3949951171876,1159.7680053710938,1101.1299603030884,1134.385278195032,25.446057010045124,0.028381758040298233,0.025880338447391092,0.019851817479361617,-34.185405561360085,-27.42338400706887,-0.7017534346176635,-0.06561965041512552,-0.10378625759598947,777936.55,0.6304987212646069,543774.2,0.6989955671834674,17.816901408450704,NEUTRAL,0.0,,0.52507997,0.245,0.264,41.491474,14.326019,1.617,2.06,10.110855717368075,0.0,0.0,80.0,27.92775712581878,384
2026-10-08,VOLTAS,1053.0,1058.199951171875,1024.0999755859375,1032.0,491040.0,-0.02346711552069436,-0.02012908484118925,-0.10919292188174368,1103.4150024414062,1183.7760034179687,1099.5222227124452,1164.4871791773123,35.565304508116355,0.02875137751548657,0.03304261200187742,0.018768928069740915,-38.44104558863205,-36.07474477928091,-0.8878311438587788,-0.06472179758603425,-0.12821344830418857,709052.85,0.6925294778802454,789854.0,1.113956456137226,20.40241448692153,NEUTRAL,0.0,,0.02999,0.187,0.52,77.49815,5.4654336,15.51,0.38,7.481953514293214,0.0,0.0,80.0,27.884368001214742,385
2026-10-08,ACUTAAS,3174.60009765625,3182.199951171875,3036.0,3056.699951171875,358849.0,-0.037017201753979156,-0.04373535079872515,-0.11435937948072761,3264.759973144531,3241.17798828125,3222.0105344611093,3243.29232091593,26.23296991596365,0.036409477036508,0.04782934324836986,0.024068240088133457,-39.043876464878394,-16.60890930497255,-1.0293355177686547,-0.06372904093536103,-0.05691697209359392,318418.85,1.1269715973159253,232944.8,0.7315672423287755,17.515090543259557,NEUTRAL,0.0,,0.26421,0.591,0.671,67.163826,15.633032,2.081,0.08,9.997235936490737,0.0,0.0,80.0,27.512326479750293,386
2026-10-08,RITES,200.0,200.08999633789062,195.0,195.85000610351562,450689.0,-0.024359864779494367,-0.06506582920572201,-0.07092028810156847,203.95549926757812,213.23200073242188,204.79758508800398,209.68567490920785,37.98565300109385,0.03490645309133741,0.025989257999820183,0.023345577142509583,-3.158854107898833,-3.207169440254707,-0.8073445304679656,-0.0397414788675472,-0.08151682003264782,3951833.15,0.11404555377040652,557546.2,0.1410854605539204,18.24949698189135,NEUTRAL,0.0,,0.16983,0.087,0.084,23.472895,3.6536803,0.236,5.35,9.254201454521764,0.0,0.0,80.0,27.503698436413117,387
2026-10-08,APTUS,219.89999389648438,223.0,216.0,216.9199981689453,2083056.0,-0.011573901700611677,-0.0418727737769885,-0.13988897385489352,235.8034996032715,248.1870004272461,234.31802908927835,246.57185578978732,31.70603410556855,0.03213166231617392,0.03226996154844212,0.018026674930680386,-8.802194580117288,-7.175395604553764,-0.9289146309582379,-0.08008151476164183,-0.12598162758112075,1708251.8,1.2194080521384494,1014352.0,0.593795364360219,17.303822937625757,NEUTRAL,0.0,,0.61761004,0.168,0.19,11.394402,2.2157128,156.2,2.24,10.128582038059406,0.0,0.0,80.0,27.432404975685163,388
2026-10-08,BANDHANBNK,163.2899932861328,163.2899932861328,154.1300048828125,155.5399932861328,14673745.0,-0.045708399018022705,-0.11625003814697266,-0.10609199260843216,175.88299942016602,173.0677996826172,172.7558016767524,176.18505395470083,36.18682437255176,0.04430645739934071,0.05889153143056598,0.027401180446897256,-2.7166339938960107,0.002137561935937504,-1.161614296156103,-0.11566215155016712,-0.10127710890545782,13746572.15,1.0674475672831645,10998574.6,0.8000957969729202,17.676056338028168,NEUTRAL,0.0,,0.13617,0.216,0.346,19.564957,1.0326236,,0.89,9.656864906448359,0.0,0.0,70.0,27.332921244476527,389
2026-10-08,CHOLAHLDNG,1408.4000244140625,1408.4000244140625,1353.0,1370.4000244140625,47048.0,-0.02302696790630654,-0.011398014221869923,-0.1046648070868732,1448.9699951171874,1510.8679931640625,1436.4943167232732,1490.2652081667272,29.239200883691964,0.034286120474137434,0.04042617004312278,0.013872725313005001,-37.89881069737589,-34.95061953629582,-0.6573929146319717,-0.0542247051132142,-0.09297170195248605,180153.7,0.26115478061233266,98041.6,0.5442108599490324,18.490945674044266,NEUTRAL,0.0,,0.11882,0.139,0.393,10.024629,1.7309779,623.156,0.09,8.768443184484143,0.0,0.0,80.0,27.25938885852841,390
2026-10-08,OLAELEC,36.02000045776367,36.08000183105469,32.70000076293945,34.630001068115234,163838037.0,-0.04653079958450046,-0.06607337222102194,-0.11545339161164181,37.656500053405765,38.34839996337891,37.353484899253246,38.13336453496339,44.15671557294768,0.05855782007486222,0.09760326202320829,0.03669624261313429,-0.7002103630014105,-0.375605776805535,-0.8320704590078324,-0.08037122358685067,-0.09696359949344924,97208205.5,1.685434230138113,63591127.0,0.6541744770712797,21.770623742454728,NEUTRAL,0.0,,-0.92606,-0.45,,,4.7484484,82.453,0.0,5.345119249839192,0.0,0.0,55.00000000000001,27.11574299229392,391
2026-10-08,TITAN,4380.0,4467.0,4359.5,4359.5,1490326.0,-0.003998172264107813,-0.03459047070366694,-0.1317466640111532,4740.12001953125,4922.676015625,4689.207359807854,4779.65660939388,26.413056937836203,0.023243165134537874,0.024658791145773597,0.01525904533555733,-139.82928187783546,-96.65394683787912,-0.9415644862253595,-0.08029754899937946,-0.11440444462268706,790057.7,1.8863508323505993,1194741.2,1.5122201834119204,19.969818913480886,NEUTRAL,0.0,,0.062319998,0.293,0.628,69.13843,25.723944,195.001,0.33,7.0988806574590635,0.0,0.0,80.0,27.06869957093995,392
2026-10-08,TRITURBINE,527.0499877929688,529.9500122070312,512.2000122070312,516.4500122070312,371188.0,-0.028224667711846063,-0.042547295454725464,-0.0860100462540746,548.0600006103516,573.8490014648437,546.5486605672097,569.3187953956117,31.783306733211063,0.030745609800228495,0.0343692508092816,0.018009035991837806,-13.605395982516939,-11.87366533646537,-1.0552548085894842,-0.05767614561930745,-0.10002455194884385,480714.75,0.7721585410058668,375338.6,0.7807927674364058,19.41649899396378,NEUTRAL,0.0,,0.14930001,0.192,-0.212,50.719017,11.769225,2.476,0.76,7.558355592223206,0.0,0.0,80.0,26.974854586186986,393
2026-10-08,TENNIND,481.0,481.0,465.45001220703125,468.79998779296875,723256.0,-0.024146557558065163,-0.05369399764077065,-0.0971593879769499,505.0849975585937,527.4230004882812,502.99117746845445,522.8202417814886,29.810856418925695,0.031387133697219384,0.03316977004665778,0.017797211701128454,-12.793819375415183,-9.983130663653638,-1.2321656638498097,-0.07183941305129671,-0.11114989797760066,571910.35,1.264631773144165,427019.8,0.7466551357218837,20.140845070422536,NEUTRAL,0.0,,0.10609,0.201,-0.459,33.186703,16.644772,4.289,0.0,6.777619288153012,0.0,0.0,80.0,26.918464358575548,394
2026-10-08,MMTC,56.81999969482422,56.81999969482422,54.02000045776367,54.27000045776367,998016.0,-0.03434164197464751,-0.03588560001615604,-0.12791256858470812,58.37649993896484,61.52859985351562,58.100499797639166,60.611096162225856,22.273547135167263,0.030785221218850425,0.0515938679462456,0.01551367249454319,-1.8145221607196902,-1.6091996923769931,-0.9289806219520789,-0.07034507867882955,-0.11797114533782471,880433.7,1.1335504308842337,649031.4,0.7371723731156589,16.32796780684105,NEUTRAL,0.0,,163.86812,-0.5,1.3,19.130873,4.033536,0.114,0.0,10.36686857642791,0.0,0.0,80.0,26.694836383268957,395
2026-10-08,PFOCUS,282.45001220703125,285.70001220703125,270.0,271.95001220703125,4320836.0,-0.04242953448228437,-0.09815943221413614,-0.13267414194066307,315.40000305175784,301.48919921875,304.8374528957066,299.9039579243187,19.13896735087951,0.06441572478960243,0.05773124288400134,0.03082580493950678,-5.437755752640896,1.5329929664236934,-0.9663520918092302,-0.13776154224575687,-0.09797759617347401,3820602.1,1.1309306457220447,4132374.4,1.0816029232669897,21.14688128772636,NEUTRAL,0.0,,0.02349,0.238,,164.43822,10.888328,224.567,0.0,5.347542200304976,0.0,0.0,65.0,26.494423488031334,396
2026-10-08,FACT,743.0999755859375,743.0999755859375,715.0999755859375,717.75,65737.0,-0.039092324425771485,-0.023402968802436197,-0.09139820379939301,762.3675018310547,794.567001953125,761.4174702182361,789.0495566414256,36.933896974065135,0.03236304654845872,0.039010797631487286,0.021210460693320658,-17.420044682016282,-14.831699111277404,-0.9672103586002954,-0.05852492626442285,-0.09667781541934306,173607.8,0.3786523416574601,63513.2,0.3658430093578745,20.8953722334004,NEUTRAL,0.0,,-0.01783,0.202,,,35.52373,295.147,0.0,5.588385945983549,0.0,0.0,55.00000000000001,26.48375817938395,397
2026-10-08,M&M,2800.0,2806.10009765625,2744.300048828125,2751.199951171875,3277353.0,-0.017428588867187456,-0.038041975114729065,-0.11927783207380016,2973.5550048828127,3199.196005859375,2962.474148762171,3091.5352612130955,13.880890608738994,0.019695298336809077,0.022462943415581714,0.01207738455052036,-106.1553151564649,-91.15660293381761,-1.036310407054606,-0.0747775149091956,-0.14003395036346278,2288438.5,1.432135056284012,2511392.6,1.097426301821089,17.223340040241446,NEUTRAL,0.0,,0.08609,0.275,0.334,17.379923,3.427268,125.278,1.15,9.207225496613185,0.0,0.0,80.0,26.43056553685463,398
2026-10-08,JPPOWER,14.960000038146973,14.989999771118164,14.199999809265137,14.3100004196167,43308547.0,-0.03701206256848122,-0.033108092216438956,-0.11829939474878581,15.435500144958496,16.512400093078615,15.402248083535662,16.169552919591684,35.82887605082729,0.037486278138853926,0.055206145261188465,0.021784494736995196,-0.4985486653527005,-0.4354105802292474,-0.9922114589246106,-0.07291631076233085,-0.1333785313489999,64583374.55,0.6705835255863074,29925292.8,0.46335907667432347,17.082494969818914,NEUTRAL,0.0,,0.111420006,0.122,0.677,21.12676,1.1516315,26.634,0.0,9.296860921793092,0.0,0.0,80.0,26.379355891612008,399
2026-10-08,ADANIENSOL,1328.9000244140625,1328.9000244140625,1241.199951171875,1251.5,2431059.0,-0.05103127565693322,-0.05646865427882486,-0.1008693310952169,1346.9400024414062,1463.3519995117188,1352.1205696449056,1424.4691016525514,20.754120743638794,0.03551738889894626,0.07007596743283061,0.021809830373900933,-42.886663468078495,-44.30537090078526,-1.1467326911189293,-0.07085690696572655,-0.14477172927799198,1705100.9,1.4257566810269118,1512287.2,0.8869194779030379,17.67605633802817,NEUTRAL,0.0,,0.095769994,0.424,1.241,55.559673,6.3783245,194.5,0.0,8.463549326762202,0.0,0.0,80.0,26.139605664790373,400
2026-10-08,CESC,131.17999267578125,132.3699951171875,128.30999755859375,128.72999572753906,1689837.0,-0.018676605313567074,-0.021957145546733448,-0.12772737409974133,138.03549728393554,149.21979919433593,137.61618056839689,146.55558478376588,21.403018350781863,0.02393158204696922,0.031538861907421,0.012593826563680176,-5.183057609888749,-4.921348630595465,-0.8880928640969048,-0.06741383006180868,-0.13731290068358848,1601421.95,1.0552103397858386,1272086.0,0.7943477982177027,18.269617706237423,NEUTRAL,0.0,,0.08243,0.054,0.038,11.489743,1.4229311,164.311,4.49,7.781435221054611,0.0,0.0,80.0,26.051052927292034,401
2026-10-08,GMRAIRPORT,90.30999755859375,91.0,87.68000030517578,87.7699966430664,55863709.0,-0.03750417487418489,-0.057857522618746215,-0.09942543127881132,95.10000038146973,98.50980010986328,94.52474582722695,97.82899003578694,17.337095150428794,0.02477252913202813,0.037826134462846536,0.021901083328228457,-2.143867062845942,-1.6030449137433294,-1.1689934543003726,-0.07707680030495112,-0.10902269068477732,14059541.6,3.9733663151578145,20895799.2,1.4862361657651768,19.134808853118713,NEUTRAL,0.0,,0.030720001,0.237,,232.90001,-39.175777,,,6.89816536348895,0.0,0.0,50.0,26.032974216607663,402
2026-10-08,BDL,1083.699951171875,1087.5999755859375,1047.699951171875,1050.5,851484.0,-0.03179723502304144,-0.03437818142729243,-0.12092050209205019,1130.9,1233.9479956054688,1133.4333621698565,1200.2210109402388,17.373836611167107,0.027272725612697186,0.037981936615004756,0.019368434966699308,-45.71400375890744,-43.64997449602741,-0.9533990589161977,-0.07109381908214707,-0.14866752590773102,895492.9,0.9508551100740162,606303.0,0.6770606444785883,14.989939637826962,NEUTRAL,0.0,,0.18827,1.308,5.48,76.343864,9.396026,0.007,0.45,10.943182142547776,0.0,0.0,80.0,25.93312178037474,403
2026-10-08,ARE&M,733.0499877929688,740.5999755859375,715.0,720.2999877929688,437567.0,-0.017661114499872177,-0.03625907912210635,-0.12072756706584142,776.3275024414063,855.5840026855469,777.0147496606946,822.750826636963,17.81463068292402,0.0237301849242641,0.03554071361902555,0.010814078345593992,-33.89668583103878,-31.56403861573549,-0.9517951586812641,-0.07216994692606071,-0.15811891581416015,392310.45,1.1153590224272638,286734.8,0.7308874897418612,16.056338028169012,NEUTRAL,0.0,,0.06303,0.239,0.159,14.748859,1.6788511,5.015,1.43,9.844013935160737,0.0,0.0,80.0,25.900351963329747,404
2026-10-08,BATAINDIA,617.0999755859375,617.0999755859375,601.0,603.3499755859375,91893.0,-0.019102585703742014,-0.02488892834595957,-0.08728539939872448,629.1700012207032,672.5499987792969,630.9289689459295,657.3661032901564,26.4497370393008,0.022742083537087343,0.026684306351885012,0.00894913957670174,-16.896756233047995,-16.83227143925152,-0.9565240390690257,-0.0410382338392965,-0.10289201296403239,146729.5,0.6262748799661964,82670.4,0.5634204437417152,19.527162977867203,NEUTRAL,0.0,,0.041149996,0.039,0.23,54.51627,4.992952,86.9,5.56,6.3241624331791835,0.0,0.0,80.0,25.851325411046385,405
2026-10-08,TMPV,283.45001220703125,284.3500061035156,273.0,273.0,7210414.0,-0.035335689045936425,-0.022906206285944086,-0.09151414309484196,292.40999908447264,312.2279992675781,291.0809185297981,307.2676170328094,22.151903624032173,0.02605963227388311,0.041575113932291664,0.019573497387402754,-9.17393993547762,-8.76982697752329,-0.8683189115880294,-0.06637939586623165,-0.12563895409636183,10904733.55,0.6612187236798647,7513650.2,0.6890264824489911,18.75251509054326,NEUTRAL,0.0,,0.22814,-0.082,-0.803,,0.9390936,70.364,1.04,6.88905188879168,0.0,0.0,70.0,25.64156697933494,406
2026-10-08,CONCOR,441.79998779296875,444.79998779296875,433.25,434.0,1456358.0,-0.013075611142694732,-0.030167597765363152,-0.14901960784313728,467.9199981689453,495.7489990234375,463.1783041709108,481.3203268159914,24.70807309283596,0.02944370694188712,0.026612875099006335,0.01740390551183084,-17.24307387613186,-14.625678680324182,-0.6963331721527898,-0.07249102047717626,-0.12455698174898011,1158072.4,1.2575707701867345,1036370.8,0.8949101973244507,17.28370221327968,NEUTRAL,0.0,,0.13670999,0.003,0.006,27.09994,2.6010404,7.39,1.95,8.187948217268367,0.0,0.0,80.0,25.471650430548046,407
2026-10-08,RVNL,195.0,195.60000610351562,186.89999389648438,187.1999969482422,5376846.0,-0.04426404444314258,-0.049746208384557455,-0.08949420529690721,202.15649795532227,213.4939990234375,201.71969012859054,211.66510170170122,19.623235520574852,0.029281132282280183,0.04647442494049113,0.023310684582679854,-5.326276233831237,-4.524497053596109,-1.127218971213732,-0.07398476506248908,-0.12316038012997621,4620243.05,1.1637582572631109,2851528.0,0.6171813839966709,18.722334004024145,NEUTRAL,0.0,,0.0432,0.106,0.169,46.68247,4.1819687,49.078,1.74,6.714966434365019,0.0,0.0,80.0,25.437300438389165,408
2026-10-08,ITI,245.25,245.38999938964844,236.14999389648438,237.17999267578125,121792.0,-0.035226178779334094,-0.018050843469166744,-0.09988617580348669,250.40699844360353,266.33180084228513,250.4587814429663,262.5727572802262,31.21807720048855,0.031979918791102,0.03895777796820706,0.015986847242381634,-7.333441278615055,-7.200095701170931,-0.8927091491479119,-0.05282202913670264,-0.10945673056807381,198543.85,0.6134262028262271,192239.6,0.9682475684842416,19.7887323943662,NEUTRAL,0.0,,0.15359001,-0.147,,134.69565,12.514011,40.144,0.0,5.511924273148095,0.0,0.0,65.0,25.300656667514296,409
2026-10-08,JINDALSTEL,1061.0,1064.800048828125,1001.0999755859375,1010.0,2144264.0,-0.04806786050895384,-0.08223534756928674,-0.11169744942832016,1115.8050109863282,1125.7080078125,1107.8800355032815,1117.638929872062,27.643949672568638,0.03252478873375619,0.06306937944771039,0.01848096348453309,-18.424248630485636,-5.831825817463345,-1.4190508049150474,-0.09482392527776928,-0.10278687457980007,951252.6,2.2541478467443876,1587046.8,1.6683757815747364,18.219315895372237,NEUTRAL,0.0,,0.04818,0.259,-0.437,40.639973,2.1703155,43.613,0.18,6.886290738212093,0.0,0.0,80.0,25.10560663358433,410
2026-10-08,ZENTEC,1581.0,1619.0,1479.199951171875,1514.199951171875,587770.0,-0.04176686624439807,-0.03927417382964571,-0.13469345102792907,1640.2799987792969,1740.01,1640.3282117900985,1702.3046022407377,23.188873549282903,0.03238863718074761,0.0923260159399229,0.018404947063012905,-53.74201120121734,-46.8702812355796,-1.1623184667458952,-0.07686495458168796,-0.1297751442969437,236985.35,2.4801955057559466,227063.4,0.9581326440642849,18.46076458752515,NEUTRAL,0.0,,0.26845,-0.105,-0.279,80.553894,8.077922,0.95,0.06,6.579319372762326,0.0,0.0,80.0,25.040083960287475,411
2026-10-08,AFFLE,1438.0,1450.0,1388.0999755859375,1401.4000244140625,151286.0,-0.02409469051945512,-0.03325051875252161,-0.12082809007900719,1524.479998779297,1597.4220043945313,1510.2047854265052,1548.9830988219214,8.329839012925376,0.02757957401271944,0.04417013225038542,0.016428289583264664,-45.85123616954456,-32.641006097221634,-0.954327597014922,-0.08073570952966835,-0.12271145598421052,130793.5,1.1566782752965552,104020.2,0.7953009897280828,16.08651911468813,NEUTRAL,0.0,,0.16849001,0.204,0.203,42.829296,5.576491,0.405,0.0,8.936397908994719,0.0,0.0,80.0,25.02291702368285,412
2026-10-08,TATAELXSI,3090.0,3141.39990234375,2996.0,2996.0,243942.0,-0.028061638280616363,-0.031298515034880126,-0.12114989733059545,3213.5449951171877,3481.119990234375,3208.7089702918215,3413.28884297582,16.103190825253904,0.02469720136521314,0.04853134257134513,0.014434587518322967,-124.09791854348941,-118.62149499634643,-0.8538683350661033,-0.0676962654786959,-0.13935744576322784,239701.7,1.0176899037428604,171288.8,0.7145915110322537,15.895372233400403,NEUTRAL,0.0,,0.1674,0.145,0.181,29.410421,6.3350697,5.336,2.42,9.047344490623097,0.0,0.0,80.0,24.942716724023498,413
2026-10-08,TITAGARH,799.6500244140625,799.6500244140625,772.0999755859375,778.0,314121.0,-0.027195998749609207,-0.03366038555176287,-0.09450653055561808,819.6050018310547,834.9280017089844,817.3045388960919,829.1347832182727,19.581810825111276,0.02535806768657616,0.035411373815070694,0.014020922789896344,-12.376352401463578,-8.495682884347698,-1.214058967373816,-0.05076225954954672,-0.06818312667973825,388361.55,0.808836508145567,225569.2,0.5808226895788217,17.40442655935614,NEUTRAL,0.0,,0.06072,0.126,0.67,57.57153,4.45461,25.363,0.12,7.4673252602196465,0.0,0.0,80.0,24.871751819575785,414
2026-10-08,NIACL,161.35000610351562,167.25999450683594,155.5500030517578,158.13999938964844,6832774.0,-0.007219498681368175,-0.012920586963807823,-0.19868257157945268,176.7650009155273,183.73879974365235,173.10136313076674,179.21489010132512,16.022108374591866,0.041382845649073394,0.07404825787450105,0.029981149115421747,-8.73588632795537,-6.312111350905036,-0.6389209480621904,-0.10536588934129221,-0.13932169138863815,4508009.4,1.5156964845725476,2152851.6,0.477561470923286,17.877263581488933,NEUTRAL,0.0,,0.0148599995,0.015,,35.69488,0.6853011,,0.94,6.748569027561996,0.0,0.0,55.00000000000001,24.625832609050928,415
2026-10-08,JWL,222.5,223.0,216.0,216.42999267578125,703863.0,-0.031893026304689265,-0.0334926103930121,-0.1040321457890262,227.8054992675781,241.42480041503902,228.14242034955112,238.43494652417377,37.0510266656744,0.034052574210305935,0.03234302193266815,0.021523709704127068,-5.642886709117448,-5.531271540261437,-0.9601366531840724,-0.04993517113665158,-0.10353040655429191,1895154.8,0.3714013229948287,712488.0,0.37595240241061045,17.45472837022133,NEUTRAL,0.0,,0.05329,0.46,-0.143,59.744682,3.2450705,33.365,0.0,7.104346169530402,0.0,0.0,80.0,24.55907453975173,416
2026-10-08,ASHOKLEY,149.5,149.8000030517578,144.52000427246094,145.02000427246094,15963442.0,-0.028016037273990713,-0.036283835792792374,-0.12701656311657006,156.4184997558594,166.49339996337892,156.13459318244517,161.05187655018014,23.3708550753787,0.024755202743521595,0.03640876171384542,0.019134758852219252,-4.771730296083405,-3.984325626108275,-1.0666200541703161,-0.07287178627329516,-0.1289744560183237,11273259.9,1.4160448833438142,9560276.8,0.8480490013363393,17.977867203219315,NEUTRAL,0.0,,0.06021,0.116,0.01,25.46193,6.206384,344.737,2.33,6.427889419730356,0.0,0.0,80.0,24.40575662294967,417
2026-10-08,ACC,1164.0999755859375,1165.0,1125.0999755859375,1130.0999755859375,139834.0,-0.030373251320516936,-0.04455535260959853,-0.09901942789384877,1214.9099975585937,1274.752001953125,1209.8136171699182,1259.1269097866993,10.19660947813496,0.020326905621747937,0.03530663240070864,0.011675234105437263,-32.534158546591925,-26.8684270110651,-1.2086812929934212,-0.06980765829821556,-0.11347464145618702,133504.15,1.0474131328501775,76727.8,0.5747222090099822,16.599597585513077,NEUTRAL,0.0,,0.07563,-0.038,-0.606,11.65039,1.0791774,2.085,0.63,7.7899662621497505,0.0,0.0,80.0,24.389563847662828,418
2026-10-08,GALLANTT,512.0,522.5,500.45001220703125,503.1499938964844,79564.0,-0.02215526997752293,-0.06390698809956397,-0.09684075400059122,537.1900039672852,565.8270013427734,537.6013065182802,565.505997581567,31.690493679930412,0.037329114492522096,0.043823885641356496,0.015182627655472606,-13.899870046039041,-12.033973004674634,-1.286067685085134,-0.06336679725871042,-0.11077061946062883,81797.05,0.9727001157132195,65951.0,0.806276020956746,17.6056338028169,NEUTRAL,0.0,,0.097849995,0.016,-0.288,29.447222,3.8570971,16.515,0.38,6.603784772392061,0.0,0.0,80.0,24.20941857520896,419
2026-10-08,CHOLAFIN,1550.0,1571.5999755859375,1543.0999755859375,1544.0,1539753.0,-0.013229342249529652,-0.02278481012658229,-0.16944593867670787,1691.0799926757813,1798.9039965820311,1669.5880353554771,1736.5472037211655,13.197244959774366,0.027405632239284557,0.018458549222797927,0.016859563032237936,-68.65274374196292,-57.020766821098285,-0.7413653306948408,-0.0869740008236145,-0.14169961102224238,1494975.0,1.0299523403401394,1145661.2,0.7663413769461027,14.25553319919517,NEUTRAL,0.0,,0.40549,0.346,0.437,23.827835,4.5065837,695.283,0.12,9.936779408649818,0.0,0.0,80.0,24.19231260784499,420
2026-10-08,SUNDARMFIN,4290.0,4350.0,4101.0,4110.60009765625,65226.0,-0.04431323560897449,-0.06490134239303025,-0.125962131053317,4516.574975585938,4565.10400390625,4444.661493228963,4519.4410701758,20.357615424050266,0.03278110173666145,0.06057509708666939,0.016070599180067684,-99.05894370558417,-56.46671530517276,-1.058269493170927,-0.08988556154257588,-0.099560471319184,46992.25,1.3880161090392564,35223.2,0.7495533838026482,13.963782696177065,NEUTRAL,0.0,,0.4609,0.268,0.338,21.814754,3.2802296,409.161,0.91,10.215981344497736,0.0,0.0,80.0,24.1797640406748,421
2026-10-08,RUBICON,1575.5999755859375,1580.9000244140625,1521.0,1535.4000244140625,105019.0,-0.025514059275689838,-0.05855662429970865,-0.14223462323236735,1680.6400085449218,1699.742001953125,1653.3617013317235,1643.4205463023443,14.29992031692207,0.03568173737951168,0.039012650424387924,0.01740659737414944,-42.70984802270209,-26.183492207106504,-0.7994065251288824,-0.08641944937191304,-0.09668642496933177,245054.15,0.4285542603542931,96869.2,0.39529712106487486,15.311871227364186,NEUTRAL,0.0,,0.14889,0.516,0.821,90.76036,20.182663,24.131,0.09,8.845787510573807,0.0,0.0,80.0,24.157658737937993,422
2026-10-08,HINDZINC,554.0,554.0,530.75,531.75,2062881.0,-0.03493647912885667,-0.04197817909269019,-0.10419470709190293,570.8600036621094,580.4570043945313,567.6741125116524,572.8632062863937,16.16642946861208,0.024058026138214453,0.04372355430183357,0.01802743183295494,-9.616198203132285,-5.071553448168526,-1.1379715258797873,-0.06851067409034761,-0.08391147669126164,3247957.3,0.6351318103843299,1720812.0,0.5298136154684053,12.454728370221327,NEUTRAL,0.0,,0.38068,0.717,1.446,13.806636,10.412466,39.034,1.96,11.562235632476925,0.0,0.0,80.0,24.016964002698252,423
2026-10-08,NH,1726.0,1729.199951171875,1680.199951171875,1695.300048828125,176337.0,-0.016190751586765306,-0.026472938405665336,-0.11226889449946564,1823.4750061035156,1856.177998046875,1800.368734412252,1851.5575836763323,12.508046435389886,0.027812195090389395,0.02890343808688687,0.015820775143446156,-47.39797151055018,-32.25192742190469,-0.8502454265648834,-0.07029158987447859,-0.08667161737076434,195715.15,0.9009879919873347,109045.0,0.5571617731177173,16.398390342052313,NEUTRAL,0.0,,0.08996,0.78,0.054,42.636658,7.7162046,129.033,0.26,7.514780089214041,0.0,0.0,80.0,23.91317043126635,424
2026-10-08,NATIONALUM,321.3999938964844,322.0,311.1000061035156,313.1000061035156,5003758.0,-0.02552126361964513,-0.0650940226642912,-0.16137672161519934,346.90250091552736,368.6119995117188,345.40566096080653,358.60327905772806,24.966551201072363,0.030261909099280067,0.034813138562765376,0.018787553247006088,-11.985394157874566,-9.028875204828523,-1.2532744107968021,-0.0974409083901151,-0.1505973584195225,4516154.55,1.1079687252952848,5270032.6,1.1669291964332797,11.016096579476862,NEUTRAL,0.0,,0.34908,0.393,0.911,9.115405,2.846603,0.277,1.19,12.892097778399993,0.0,0.0,80.0,23.908194357876855,425
2026-10-08,NBCC,76.73999786376953,76.86000061035156,73.9000015258789,74.0,4954772.0,-0.03570495100395532,-0.043927667427010375,-0.11841794320109533,80.10900039672852,85.82880004882813,79.87067560588211,84.9381048928355,26.404504254670755,0.02769303045677863,0.03999998762800887,0.016748262244011467,-2.9239990962047386,-2.6250093099269174,-1.0460811341008047,-0.07625860223538627,-0.13781854158625906,4829451.6,1.025949198869702,4264157.6,0.8829486147039967,16.378269617706238,NEUTRAL,0.0,,0.05691,-0.059,0.163,28.12044,6.925843,0.008,1.23,7.482944452221361,0.0,0.0,80.0,23.8612140699276,426
2026-10-08,GICRE,316.54998779296875,317.6499938964844,308.0,309.1000061035156,438515.0,-0.023534929637481383,-0.04569307833237779,-0.10066920242840716,333.0674987792969,346.01800048828125,330.1778757105681,342.8349454966042,21.765472572605802,0.02618199266029482,0.031219649647152233,0.018698818924246303,-9.634150328738372,-7.4895951750235,-0.9359736560278644,-0.07195986628423034,-0.1066938550383767,499286.6,0.8782831343761279,547354.4,1.0962729622625562,15.452716297786719,NEUTRAL,0.0,0.091079995,0.16819,-0.008,-0.311,6.4034395,0.57546407,,4.09,8.282415581157448,0.0,0.0,90.0,23.735131878944166,427
2026-10-08,KIRLOSBROS,1723.0,1723.0,1662.300048828125,1667.199951171875,38940.0,-0.026623129586812566,-0.0568001956329407,-0.08309965000200736,1763.4100158691406,1845.5980029296875,1769.3899502851652,1811.1899322528352,33.11475034912958,0.035011662807026916,0.03640832110702079,0.02365219335412124,-34.38089173930871,-28.489700386388723,-1.2269385710621894,-0.05455910073746861,-0.09666138101288846,71529.15,0.5443934395977025,27667.4,0.38679894840075696,16.569416498993963,NEUTRAL,0.0,,0.08009,0.129,-0.001,36.42705,5.519891,10.101,0.4,7.085588141096783,0.0,0.0,80.0,23.655004640090745,428
2026-10-08,POLICYBZR,1041.0,1047.5,995.2999877929688,996.0,3259328.0,-0.04230769230769227,0.01632653061224487,-0.44666666666666666,1391.3250091552734,1609.4060021972657,1293.8487399107619,1499.6211872318227,17.83500030643725,0.11287293075762872,0.05240965081027234,0.08662179282547751,-207.37717559764246,-168.88349127465932,-0.5202820901641062,-0.28413563082237003,-0.3811381350385198,8281774.55,0.39355430171665323,5613827.0,0.6778531540682908,14.215291750503019,NEUTRAL,0.0,,0.102019995,0.401,0.923,65.77181,6.1941032,4.922,,9.38762353362636,0.0,0.0,74.99999999999999,23.60291528412938,429
2026-10-08,OLECTRA,1085.0,1096.199951171875,1037.0999755859375,1041.5,500946.0,-0.03929524632902326,-0.04989961102753093,-0.13690226059215682,1162.2749938964844,1249.6859985351562,1151.7131190003843,1220.8762129951722,28.183072284587368,0.03938000336750309,0.05674505577142343,0.02238104436687261,-50.15340291874054,-40.7774742046462,-0.9626944277122561,-0.10391258052587937,-0.16659064659377276,381904.15,1.3117060916986631,273962.6,0.71735957831304,16.016096579476862,NEUTRAL,0.0,,0.06984,0.657,-0.003,51.036556,7.3789854,30.841,0.06,7.346826147486219,0.0,0.0,80.0,23.36292272696308,430
2026-10-08,NMDC,72.75,72.75,70.0999984741211,70.69000244140625,26517722.0,-0.028983523652484466,-0.052920645505659,-0.16442075985343985,78.00750045776367,82.35920028686523,77.40951709111111,80.93439655448158,22.603620702349247,0.025685593961981154,0.03748764230239556,0.014845768905564062,-2.952805576189405,-2.3019290266443684,-1.0449753091520153,-0.0938050568652613,-0.14168663373143509,11914962.35,2.2255816863743596,12891411.2,1.0819514843032634,14.275653923541247,NEUTRAL,0.0,,0.23216999,0.008,0.004,8.8018875,1.9230175,18.802,2.68,9.086562613842988,0.0,0.0,80.0,23.362216537384235,431
2026-10-08,SYNGENE,363.70001220703125,363.70001220703125,345.20001220703125,346.0,333709.0,-0.03968911539676667,-0.04234704763327013,-0.09895833333333337,371.75249938964845,389.0089990234376,370.64189757808003,386.9174642751323,34.745219791050616,0.02966557446833389,0.05346820809248555,0.017320367069937028,-10.200250486561458,-8.684773839467,-1.1844825128039358,-0.0692732380600789,-0.11056042181904979,579235.3,0.5761199291548702,279050.2,0.48175620512078593,16.82092555331992,NEUTRAL,0.0,,0.061389998,-0.158,,66.156654,3.0164862,9.473,0.35,6.320510145383232,0.0,0.0,65.0,23.14143569870315,432
2026-10-08,AVANTIFEED,723.0499877929688,724.7999877929688,695.0,698.6500244140625,154177.0,-0.032742577569702225,-0.018129384583250974,-0.14307612550648963,747.5549957275391,810.2899987792969,746.3223676774004,812.3187026672067,23.88009350028331,0.030277769575497947,0.04265367029502523,0.01606001775471217,-31.498184358940534,-31.147674738260857,-0.807658334664704,-0.06541989765700262,-0.13777780119885497,227738.05,0.6769927115824519,143891.0,0.6318267852034388,14.496981891348087,NEUTRAL,0.0,,0.083500005,0.183,-0.421,18.066534,2.994784,0.357,1.4,8.642634486651257,0.0,0.0,80.0,23.139616377999346,433
2026-10-08,ATGL,585.0,585.0,560.0,562.2000122070312,736295.0,-0.033854633752366525,-0.03576018527135438,-0.06719760939060337,598.8275085449219,624.1660021972656,597.2081749394604,620.7843413638419,9.060698245962953,0.027887904317771155,0.04446815983133366,0.03330775355280935,-13.699508807097914,-11.526340472272466,-0.7792393945894606,-0.06116535365399467,-0.09927806027898678,2673367.5,0.2754185498252672,436397.8,0.1632389860354029,17.002012072434606,NEUTRAL,0.0,,0.100839995,0.272,-0.14,101.03986,13.180204,58.65,0.04,6.022389107358326,0.0,0.0,80.0,23.02440117979293,434
2026-10-08,NLCINDIA,250.85000610351562,250.85000610351562,240.5,241.4499969482422,1112982.0,-0.035550265381633084,-0.04640600371887793,-0.10706360059802722,259.1274978637695,271.1369958496094,258.52967275292474,270.4601768650124,19.644871848283387,0.027334859504166403,0.04286604362945706,0.017700275040610555,-6.4878675790556315,-5.485642253170228,-1.2605095222073632,-0.06821931698202433,-0.10949077166080856,1272812.15,0.8744275421946593,809774.6,0.6362090431019221,14.064386317907443,NEUTRAL,0.0,,0.17458001,0.233,-0.423,10.646316,1.6287473,110.358,1.52,8.943617610953847,0.0,0.0,80.0,23.008003928861292,435
2026-10-08,AIAENG,3851.0,3851.0,3726.89990234375,3742.89990234375,34411.0,-0.029834136250971977,-0.03259242637794002,-0.12117870337080305,3925.1649658203123,4233.179990234375,3944.9858194616822,4142.936920122548,29.299376977415847,0.029238217456104994,0.03315613585566109,0.01949254473833219,-114.94419567152545,-120.87153969642198,-0.8457054695440073,-0.046435007207008216,-0.11581838925386201,57151.95,0.6020966913639867,36442.8,0.6376475343360989,13.98390342052314,NEUTRAL,0.0,,0.27836,0.124,-0.013,28.086891,4.4344306,0.128,0.42,9.01912932690345,0.0,0.0,80.0,23.003032747426587,436
2026-10-08,BHARATFORG,1836.699951171875,1842.0,1778.0,1790.5999755859375,484521.0,-0.027798931417535977,-0.04501334635416665,-0.0840452436320217,1922.1,2013.797998046875,1916.89327595358,1978.7634925801447,27.284768211920564,0.026595243589645566,0.03574220980264299,0.01778030017391102,-47.70828285757625,-36.52393337247068,-1.0445046190908223,-0.06841476739715024,-0.11083436505419653,723737.85,0.6694703061336367,602885.0,0.833015711420924,17.21327967806841,NEUTRAL,0.0,,0.040260002,0.187,,126.603645,9.357314,76.475,0.45,5.755142749753583,0.0,0.0,65.0,22.96842242782199,437
2026-10-08,LTF,258.0,261.25,255.0500030517578,257.3999938964844,5990605.0,-0.010951032098042712,-0.026290947783484175,-0.17314486350809233,285.2849975585938,303.20799743652344,280.5956697942912,294.37388727145566,10.930889516457754,0.03256466426488229,0.024087012802088758,0.02593113211906163,-13.475351832781485,-10.822642634020115,-0.690462507600093,-0.09774437457540042,-0.15107782092597666,6226219.45,0.962157702295572,4049162.4,0.6503404565992289,12.625754527162979,NEUTRAL,0.0,,0.33076,0.293,0.282,20.880728,2.358457,393.442,1.04,10.31658800462054,0.0,0.0,80.0,22.942342531783517,438
2026-10-08,UNOMINDA,1100.0,1105.800048828125,1085.0,1085.0,479049.0,-0.017921839204412704,-0.023402340234023433,-0.11414111957448414,1174.7349975585937,1221.9860009765625,1163.3637084575012,1188.088030734603,11.07200235353001,0.03016459481978275,0.01917055191532258,0.026045082729839533,-34.661167250826566,-23.73996060093929,-0.8232983813294056,-0.0763874386521951,-0.11210112134434336,533845.5,0.8973551336482184,549523.4,1.029367860176774,16.529175050301813,NEUTRAL,0.0,,0.05801,0.238,0.012,53.464867,10.270016,37.74,0.24,6.394493879473671,0.0,0.0,80.0,22.923668929775484,439
2026-10-08,HINDALCO,910.0,910.8499755859375,886.5,890.1500244140625,3806457.0,-0.02272597214328187,-0.054891917515538236,-0.12214001537074703,959.7450012207031,1002.0590026855468,956.3482450405074,981.667326909637,20.308151594514086,0.02259652474045181,0.027354912001452528,0.015995271123476963,-23.766310307499566,-17.588663335567233,-1.2514487705008464,-0.07251402895365178,-0.111679030847051,3692680.15,1.0308114554681915,2998297.2,0.8119569196915146,12.847082494969818,NEUTRAL,0.0,,0.05549,0.321,0.751,12.759463,1.5285624,72.598,0.53,10.01210836114738,0.0,0.0,80.0,22.8591908561172,440
2026-10-08,NSLNISP,40.5099983215332,40.560001373291016,39.0,39.099998474121094,3493572.0,-0.03575834254552168,-0.045177100228350864,-0.10852717897835695,41.78149967193603,42.95860000610352,41.68000781112978,42.611407302458225,26.15807581568916,0.030617455536893223,0.03989773488926158,0.018924855569631416,-0.8839380817331985,-0.6342992043562777,-1.1175687856341705,-0.06417915151131015,-0.08982139854264792,3945714.75,0.8854091644612677,2660131.2,0.6741823392073641,15.764587525150903,NEUTRAL,0.0,,0.006,0.088,1.111,141.03448,0.90806156,35.019,0.0,7.075558470679393,0.0,0.0,80.0,22.840145995830298,441
2026-10-08,TIINDIA,2388.0,2400.0,2241.0,2241.0,772568.0,-0.061557788944723635,-0.04230769230769227,-0.15497737556561086,2482.1750244140626,2666.636005859375,2472.1778591257917,2625.3455017207793,23.35214163053729,0.03364568143606171,0.07095046854082998,0.024499340155811494,-102.53115192910855,-92.57119799350276,-1.0491851168721145,-0.0971627794341351,-0.15961533742292866,302140.6,2.5569817495563325,559352.2,1.851297707093982,16.780684104627767,NEUTRAL,0.0,,0.02626,0.168,-0.153,75.75267,5.8429885,5.363,0.15,6.018167194332412,0.0,0.0,80.0,22.79885129896018,442
2026-10-08,SUZLON,38.43000030517578,38.43000030517578,36.310001373291016,36.43000030517578,85647153.0,-0.0498174188787317,-0.06373681706404,-0.17616464722936698,40.92800006866455,44.54639984130859,40.70047164398698,44.13789604109169,6.597653343018948,0.02952824875972601,0.05819376651456046,0.016741072013588022,-2.092289930286803,-1.9007619347488995,-1.0138270490796706,-0.10990030678123819,-0.18220102107120995,54508850.95,1.5712522188105305,50559476.0,0.9275461712883529,10.442655935613683,NEUTRAL,0.0,0.39366,0.18090001,0.225,-0.083,16.991266,5.470266,2.807,,12.279856920097494,0.0,0.0,95.0,22.722512855711177,443
2026-10-08,AMBUJACEM,356.8999938964844,357.25,341.0,341.0,2486550.0,-0.04455027786045862,-0.05866114561766733,-0.13801821350131271,376.0449981689453,399.83499938964843,374.08999162874414,393.30140843284187,23.397089536970498,0.027178479479504882,0.047653958944281524,0.017568521984583262,-13.107883885193246,-10.836215106922516,-1.2250863590562293,-0.09319362932518171,-0.14714819733005002,1660457.5,1.4975089696664925,2031609.4,1.223523878208265,14.678068410462776,NEUTRAL,0.0,,0.11128,-0.077,-0.275,20.47282,1.5058622,1.205,0.55,8.009424179981796,0.0,0.0,80.0,22.68749259044457,444
2026-10-08,GRSE,2102.0,2105.0,2008.5999755859375,2014.0,516317.0,-0.04186489058039966,-0.04599502305174963,-0.1729971832550392,2265.7350219726563,2451.2120068359377,2245.5077864092345,2396.6765539043245,10.73827670376643,0.028734583536062296,0.047864957504499754,0.017757017505435048,-113.99926528332844,-95.91386634702903,-0.9532284629554426,-0.11110523495968383,-0.178365643451746,329126.65,1.568748686865679,289834.4,0.8806166258490463,12.625754527162979,NEUTRAL,0.0,,0.10665,0.385,0.439,30.576538,9.322359,1.424,0.93,10.024322667193909,0.0,0.0,80.0,22.65007719435689,445
2026-10-08,GODREJPROP,1579.0,1580.4000244140625,1530.0,1534.0,866643.0,-0.029236775471112475,-0.03872668688881653,-0.18055555555555558,1655.6800048828125,1872.2759912109375,1674.960169652147,1797.0380850258684,21.570753306127074,0.02393836001706847,0.032855296228202414,0.021068963870684784,-86.08406487095499,-85.14654551044617,-1.0675862330684085,-0.07349246504394724,-0.18067634942653388,590475.1,1.4677045653576248,388679.4,0.6582485866042447,14.476861167002012,NEUTRAL,0.0,,0.30754998,0.165,-0.417,30.058392,2.5092852,82.119,0.63,8.106396760424737,0.0,0.0,80.0,22.58325792742675,446
2026-10-08,ANURAS,1165.199951171875,1170.9000244140625,1082.300048828125,1097.699951171875,588879.0,-0.05784913383091139,-0.05671565074273344,-0.10835840066569025,1178.445001220703,1209.7060083007811,1177.7010173827875,1206.528020373969,26.4957264957265,0.02980909694971791,0.08071420199240288,0.02082269399316455,-20.850092670993718,-16.096275980635795,-1.551042868180369,-0.06851830163069772,-0.09258948567696701,604208.2,0.9746292751405891,260380.0,0.4309441679209253,15.442655935613683,NEUTRAL,0.0,,0.06894,0.348,-0.094,76.036385,3.9922216,41.317,0.13,7.055472414886255,0.0,0.0,80.0,22.49812835049994,447
2026-10-08,COROMANDEL,1740.0,1748.800048828125,1662.199951171875,1673.699951171875,239879.0,-0.041134373433471816,-0.0480605177719855,-0.14724614418390647,1879.8450073242188,1959.37400390625,1851.9771100438265,1920.310173007002,26.93207957109368,0.03924156031701462,0.05174171009302784,0.02162791720360493,-62.343428833519965,-42.06835019621328,-1.0855108251482308,-0.10966066635768645,-0.1457986337293692,181158.9,1.3241358829182557,220948.0,1.219636462795921,15.311871227364186,NEUTRAL,0.0,,0.05619,0.159,-0.245,27.8085,4.1273766,11.469,0.62,7.103455993869938,0.0,0.0,80.0,22.415327221234122,448
2026-10-08,INDUSINDBK,876.0,877.9500122070312,857.0,864.0,1682222.0,-0.012458594250654431,-0.025765322450215566,-0.130172142738331,924.0149993896484,975.755,918.8414951040438,951.7386758518687,23.995937609476172,0.02564070464442016,0.024247699313693576,0.01787355558726731,-29.645154254517024,-25.944753873657614,-0.7944228919659451,-0.0649502436965752,-0.11453182407469087,2280433.15,0.7376765243041656,1795178.6,0.7872094825494008,14.808853118712273,NEUTRAL,0.0,,0.076469995,0.01,0.717,52.22909,1.0505311,,0.17,7.525282441340278,0.0,0.0,70.0,22.33413556005255,449
2026-10-08,MAZDOCK,2055.0,2060.89990234375,1990.0,1990.0,683049.0,-0.036039481623343694,-0.035852713178294526,-0.16498823398285545,2169.025,2372.89599609375,2169.7304333508696,2296.7336072135663,16.34167461956436,0.02371500183675072,0.03562809163002512,0.01821138637557392,-97.61768520010219,-90.22314637398716,-0.9228408308538116,-0.08253708463480136,-0.1613623170691305,559024.15,1.2218595565146873,377740.2,0.675713562643045,13.490945674044266,NEUTRAL,0.0,,0.20120001,0.121,0.215,29.6542,8.687958,4.481,0.87,8.774438718349355,0.0,0.0,80.0,22.26538439239362,450
2026-10-08,ASTERDM,677.0999755859375,682.6500244140625,674.9000244140625,677.1500244140625,1342683.0,-0.004630256409566269,-0.04478769770990321,-0.11656878745719179,732.4850067138672,772.0100048828125,725.5229340627842,753.5881256635744,22.31700191174066,0.031228584001165474,0.011445026538551882,0.016983007719106383,-24.552457505454527,-18.52673727841737,-0.8665491453760679,-0.07554418423941933,-0.1228740299591704,1173875.75,1.1438033369374911,1035229.2,0.8818899274476025,16.3682092555332,NEUTRAL,0.0,,0.065359995,0.216,-0.814,108.16746,7.71102,45.921,0.58,5.621189115886428,0.0,0.0,80.0,21.989398371419625,451
2026-10-08,SWIGGY,246.0,247.1999969482422,234.0,234.9499969482422,8378244.0,-0.044918711592511484,-0.012815138872931953,-0.15788531559769825,260.93750152587893,272.61719970703126,256.1652771200273,265.34095257455454,25.195299733110062,0.04044934181702162,0.056182154159167975,0.02270381138555186,-9.984434143746086,-7.388886681766518,-0.7833312777460357,-0.09959283133190955,-0.13816884187523104,12982593.75,0.6453443865945508,9093776.4,0.7004591359103415,14.466800804828974,NEUTRAL,0.0,,-0.1505,0.373,,,3.3866951,13.929,,7.477691909506429,0.0,0.0,50.0,21.944492714335404,452
2026-10-08,TTML,34.0099983215332,34.13999938964844,32.70000076293945,32.95000076293945,2087174.0,-0.031167233487413015,-0.05370473717042368,-0.08242826780980816,35.0894998550415,36.95219985961914,35.09022951686845,36.76033524159561,32.31553076703558,0.03509646271805402,0.04370253697622442,0.0218184423283403,-0.9218885498762361,-0.830693117943646,-1.2167956222316691,-0.06097263001583242,-0.10830746510042666,6335673.5,0.32943206432591576,1401916.2,0.22127342894169025,15.865191146881287,NEUTRAL,0.0,,0.03187,0.061,,179.89474,-0.33437356,,0.0,5.9356501230484175,0.0,0.0,55.00000000000001,21.800841269929705,453
2026-10-08,PIRAMALFIN,1981.5999755859375,2009.5,1950.0,1956.4000244140625,388352.0,-0.012667159013846852,-0.042810313104763575,-0.15325686024061347,2149.480010986328,2151.4700024414065,2107.695287655538,2134.1243100386464,23.012695979942364,0.054469584362927585,0.030413003096245676,0.019760061222948627,-57.0048535892638,-29.899946994909797,-0.8701881369305201,-0.0898263699059324,-0.09066823046846384,393426.6,0.9871015330432665,285224.2,0.7249743662477321,12.585513078470827,NEUTRAL,0.0,0.06038,0.32198003,0.021,0.671,27.177866,1.5874776,286.781,0.55,9.195896761893255,0.0,0.0,100.0,21.781409840364084,454
2026-10-08,IRCON,106.6500015258789,107.11000061035156,103.0,103.29000091552734,2131463.0,-0.03159574939878995,-0.06312924339657733,-0.10346322596709245,108.53899955749512,117.75720001220704,109.56470489576797,116.0266893829538,41.86508079174662,0.043490582135470454,0.039790885602884296,0.039261790774570364,-3.112190241670561,-3.3335414517939896,-0.7399819216407076,-0.04836048483372357,-0.1228561743585953,6626901.05,0.32163796983206805,2207940.2,0.333178386600476,14.668008048289739,NEUTRAL,0.0,,0.05667,0.095,-0.434,15.908554,1.5259681,85.833,1.78,6.9760575998021475,0.0,0.0,80.0,21.644065648091885,455
2026-10-08,GMDCLTD,477.8999938964844,485.8999938964844,462.1000061035156,463.3500061035156,1008400.0,-0.028819953519381603,-0.04983079687708769,-0.20167128426418257,527.482502746582,555.0670013427734,517.4143795844528,546.9081006026634,9.836060825565056,0.030538470377842603,0.051365031789061134,0.01667868288808706,-24.12994999652625,-17.81197006107707,-0.9100505677560587,-0.12158222558877463,-0.16523589948129402,705927.05,1.4284762143623764,757594.6,1.0731910613143383,10.91549295774648,NEUTRAL,0.0,,0.33823,0.238,-0.002,16.346857,2.2113304,4.475,1.95,10.706172000077451,0.0,0.0,80.0,21.62166495782393,456
2026-10-08,VISL,29.559999465942383,29.600000381469727,28.31999969482422,28.459999084472656,17946521.0,-0.03328809211301631,-0.08694260459377912,-0.14713814817418658,31.608499813079835,34.45959995269775,31.72622935202644,32.655495045535076,40.511222928856,0.05122477310669361,0.044975429649393654,0.03184211543665195,-1.2189428508686682,-0.9820141231956601,-1.1937891393464197,-0.09960930595334061,-0.17410535457349097,19555155.65,0.9177385913571084,16329440.8,0.835045299166412,13.672032193158953,NEUTRAL,0.0,,0.64225,0.123,,,-3.9730096,,0.0,7.88083993544601,0.0,0.0,45.0,21.552872128604964,457
2026-10-08,JSWENERGY,484.04998779296875,484.5,465.0,466.8500061035156,1637574.0,-0.03831497710537335,-0.03742266782780279,-0.11989820838894227,503.6500015258789,530.0540008544922,501.67210834093106,521.2495600213178,20.2015052473339,0.025191627966508267,0.041769304369841276,0.017795502983608043,-13.982019779158918,-11.900487862589781,-1.1225228525255373,-0.07306660440955526,-0.1192406710431132,1579179.8,1.0369775499914575,1788098.2,1.132295511885347,15.724346076458753,NEUTRAL,0.0,,0.10373,0.012,-0.395,38.768986,2.7697825,229.16,0.41,5.756755957941498,0.0,0.0,80.0,21.48110203440025,458
2026-10-08,ADANIENT,2740.0,2743.0,2547.0,2596.0,4400076.0,-0.05359095880422893,-0.07838683790139256,-0.15637591278026053,2904.3699951171875,2967.82,2873.1899346145433,2933.447065252804,25.881670333870133,0.03403311176707297,0.07550077041602465,0.025461248077141587,-68.15956268160426,-41.537476212037625,-1.3841657873989828,-0.10617448728489054,-0.12528387840232902,1445493.9,3.0439948587814865,1832084.0,1.2674449888719697,14.175050301810865,NEUTRAL,0.0,,0.06546,0.499,,45.92909,4.5523305,119.56,0.05,7.178806701123273,0.0,0.0,65.0,21.353857002934138,459
2026-10-08,SUMICHEM,421.8999938964844,426.3999938964844,409.5,411.3999938964844,148576.0,-0.025003005108032772,-0.014846772309419887,-0.14452069220645525,442.3425018310547,491.45699951171883,442.4269425902254,470.0935801156669,21.72671767233257,0.03363949465102556,0.04107922738748683,0.018056483728027435,-21.606310684119194,-20.728760689356708,-0.7436397415632399,-0.06995146929468754,-0.16289727421681677,298309.5,0.4980599008747626,230266.8,0.7719056885550074,13.108651911468813,NEUTRAL,0.0,,0.17858,0.006,0.204,36.00775,6.1560326,1.865,0.31,8.082382771535265,0.0,0.0,80.0,21.191034683004077,460
2026-10-08,INTELLECT,591.3499755859375,603.0,564.0499877929688,567.3499755859375,467894.0,-0.04058510356108436,-0.07136432727710484,-0.17181229735690728,633.6774963378906,673.1890002441406,627.1892750484528,663.2214085700343,22.792109382288615,0.037372990636260386,0.06865253174075694,0.017883680411776074,-25.74706761181858,-21.03723075832106,-1.0469887930749935,-0.1046707846424545,-0.15722037142588374,283456.85,1.6506709927807355,252450.0,0.8906117456678151,12.022132796780685,NEUTRAL,0.0,,0.11095,0.204,0.081,24.191473,2.631936,4.961,0.67,9.140473621534609,0.0,0.0,80.0,21.162606418315292,461
2026-10-08,PIIND,2212.699951171875,2212.699951171875,2100.0,2100.0,246233.0,-0.04977375565610864,-0.06082289803220031,-0.11205073995771675,2290.6950073242188,2439.0380126953123,2292.41766443522,2411.5781854162237,26.743364978835615,0.0299557723480017,0.05366664341517857,0.022616570146614157,-66.64475996272313,-54.52125231671322,-1.216949550835566,-0.08324766357568103,-0.1390048088347139,283914.85,0.8672776362349487,248235.6,0.8743311595008152,13.460764587525151,NEUTRAL,0.0,,0.17879999,-0.104,-0.389,29.114582,3.0204787,3.048,0.67,7.64561979926556,0.0,0.0,80.0,21.10638438679071,462
2026-10-08,TEJASNET,467.95001220703125,467.95001220703125,447.25,451.1499938964844,1480324.0,-0.033319087001970726,-0.029367457519306917,-0.17942887611272873,500.39749908447266,521.833998413086,494.47211845765946,514.8957053185828,17.387078271154436,0.03407165087368326,0.04588277177674269,0.020019510686330007,-20.6028569146024,-15.75799209096683,-0.8339778729770773,-0.09841676922464948,-0.1354530458566401,1319805.6,1.1216227602004416,1095545.2,0.8300807331019052,13.86317907444668,NEUTRAL,0.0,,-0.70371,0.991,,,2.8857758,142.52,0.0,7.043366325289709,0.0,0.0,55.00000000000001,20.906545399736387,463
2026-10-08,BIOCON,360.5,361.1499938964844,347.20001220703125,350.0,2135141.0,-0.02777777777777779,-0.055840333221976124,-0.10634493692215585,378.2174987792969,399.4279992675781,377.17482320712764,392.5109824498941,25.000021798251083,0.02421429069674747,0.039857090541294646,0.01512905768167549,-10.973383276664492,-9.2133455576896,-1.1941565943261885,-0.07460653954502183,-0.12374695654338974,2727350.25,0.7828627804587988,2664167.0,0.9768334668420383,13.551307847082494,NEUTRAL,0.0,,0.0286,0.1,2.346,107.44928,1.7640873,42.145,0.13,7.3221954607432025,0.0,0.0,80.0,20.873503307825697,464
2026-10-08,GPIL,215.00999450683594,215.5,204.52000427246094,205.6300048828125,1261365.0,-0.04050204271692026,-0.04655257277958513,-0.18475197888463768,227.43550033569335,237.0333999633789,224.7513028031198,235.74331417386222,24.864549868021527,0.03196100913638274,0.05339685584210586,0.01875258276015552,-8.189825161590846,-6.388615248797446,-0.9672554587054704,-0.09587551380807335,-0.13248510583495055,1289632.85,0.9780806994797007,1301840.6,1.0094660662528874,10.955734406438632,NEUTRAL,0.0,,0.13887,0.323,-0.006,17.188383,2.3157783,7.582,0.47,9.877428924566185,0.0,0.0,80.0,20.83316333100482,465
2026-10-08,SWANCORP,271.8500061035156,271.8500061035156,254.39999389648438,260.25,1186950.0,-0.04267061189286325,-0.046004356138362734,-0.12711720500535373,286.05250244140626,294.25499938964845,281.30150673885424,292.26082133591433,24.671523936473548,0.03701111736064653,0.06705095948907301,0.0179117312116157,-8.048124675552742,-5.460024245344265,-0.9660725732373755,-0.09020198117893252,-0.11556303022950343,1189978.9,0.9974546607507075,918566.0,0.7719178886281094,14.356136820925553,NEUTRAL,0.0,,0.053590003,-0.164,,39.594994,1.1182142,24.561,0.06,6.473619351762473,0.0,0.0,65.0,20.829756172688025,466
2026-10-08,APOLLOHOSP,7869.5,7892.0,7607.5,7666.0,928844.0,-0.03170392825565238,-0.05747833036208272,-0.13865168539325845,8541.175,8705.11,8391.431139012786,8586.013647946333,13.502711961176132,0.027309828183817227,0.037111922775893556,0.01783586709357927,-252.3398821561732,-140.8957658912045,-1.0006870332677043,-0.1024654102040995,-0.11936781959102183,527666.0,1.7602877577861753,688488.4,1.3047806756546756,13.81287726358149,NEUTRAL,0.0,,0.07906,0.206,0.341,55.5014,12.003925,85.146,0.25,6.9989718079108485,0.0,0.0,80.0,20.81184907149234,467
2026-10-08,VOGL,31.100000381469727,31.209999084472656,29.559999465942383,29.8700008392334,27922341.0,-0.03985855823820095,-0.0659786970983609,-0.17871867702896638,33.677499771118164,36.15579978942871,33.36335974934047,35.049604655695276,29.619321851577084,0.03960016978494761,0.05523935628294478,0.023834559799052704,-1.5932916868419937,-1.2546343712405532,-0.982838544605621,-0.1130576485119622,-0.17385312969990407,20617303.45,1.3543158574406102,14778295.0,0.7167908759668569,12.877263581488934,NEUTRAL,0.0,,4.20828,0.089,,,-0.15329881,,0.0,7.799501907276996,0.0,0.0,45.0,20.67676548876593,468
2026-10-08,HOMEFIRST,1086.199951171875,1087.0,1054.0,1071.9000244140625,119742.0,-0.014707233790731356,-0.047792421685552866,-0.11369273790664658,1150.1750061035157,1174.4380004882812,1137.0409891990487,1161.7532901298528,21.404435828358004,0.03921606923125542,0.030786453259051782,0.02275119118775807,-28.177370269781704,-20.208255206353382,-0.722499562077861,-0.06805484493583969,-0.08730812186900272,252000.3,0.47516610099273693,173343.4,0.6878698160279968,9.959758551307846,NEUTRAL,0.0,,0.51428,0.297,0.323,20.10673,2.6617591,243.944,0.47,10.446963749916156,0.0,0.0,80.0,20.406722301224,469
2026-10-08,FORTIS,779.0999755859375,779.0999755859375,762.3499755859375,763.0,1664401.0,-0.02066483903279448,-0.028025477707006363,-0.1545238077685792,837.9999908447265,886.942998046875,825.4850930648919,872.3155095930844,19.956026052804518,0.03269987922329912,0.021952817824377458,0.020570304979049964,-37.83602277741056,-30.519828121653415,-0.7020336385420188,-0.08949879673521777,-0.13974178534562898,1833405.1,0.9078195539000082,1377057.8,0.7510930344853955,13.490945674044266,NEUTRAL,0.0,,0.11023,0.175,0.023,56.515476,5.988983,34.15,0.13,6.79219917655703,0.0,0.0,80.0,20.283144850601296,470
2026-10-08,SAMMAANCAP,132.52000427246094,133.13999938964844,127.4000015258789,127.81999969482422,4882872.0,-0.03851363511775685,-0.035175091961043514,-0.14655808206899268,139.04200019836426,148.47659957885742,138.49768266087867,146.40269790379867,17.03518679069913,0.02998078598965046,0.044906883723001285,0.015556608053760215,-5.1658729451686725,-4.565066663415138,-1.026542230307057,-0.08070942943520787,-0.1391236056228663,3758608.35,1.2991169989818172,3477760.4,0.9252787404678648,15.472837022132797,NEUTRAL,0.0,,0.0,-0.245,-0.5,,0.5785323,273.033,0.0,4.763026779418693,0.0,0.0,70.0,20.23586380155149,471
2026-10-08,GRASIM,2909.0,2919.89990234375,2853.5,2856.800048828125,492876.0,-0.022012271636879688,-0.03551652639158509,-0.13925879818375264,3104.9549926757813,3210.8979931640624,3075.0445310737855,3147.09932947483,17.490783916628217,0.020604968581984767,0.023242754553643892,0.013657239793585721,-88.01266605332012,-61.37007470188912,-1.007824055539964,-0.07992223540535182,-0.11028003539502185,587628.3,0.8387547025900556,270389.6,0.4601371309040085,12.142857142857144,NEUTRAL,0.0,,0.03093,0.214,0.513,35.408466,1.9462012,135.044,0.34,8.05148704789936,0.0,0.0,80.0,20.194344190756503,472
2026-10-08,BRIGADE,554.2000122070312,558.2000122070312,540.2000122070312,547.2000122070312,303610.0,-0.012630818920633669,-0.039241464427985706,-0.1596406485595554,595.4125030517578,613.947001953125,589.8056297160546,597.7096366518484,18.59189909949967,0.03416093193976316,0.03289473610828386,0.0171940165632785,-19.093502925924327,-13.335578135934988,-0.8373327324063158,-0.08097325903909602,-0.10871783644802269,258643.95,1.1738530903197233,187969.8,0.7267511959974319,13.420523138832998,NEUTRAL,0.0,,0.12562999,-0.129,0.338,26.730858,27.212738,84.316,0.35,6.6539667263766855,0.0,0.0,80.0,20.074489865209685,473
2026-10-08,VAML,394.0,394.79998779296875,372.0,374.45001220703125,6594396.0,-0.04961925835778869,-0.07026688465045006,-0.1432329878375177,412.4724975585938,435.00599975585936,411.9634095049542,428.6916340839405,33.34653948793316,0.04567652269396316,0.06088926972811198,0.025314580006254372,-11.981957315842692,-8.710047008044977,-1.2449854974757633,-0.09218186806784912,-0.13920724675708895,9302203.9,0.708906843033187,5009659.8,0.5385454730786969,9.909456740442657,NEUTRAL,0.0,,0.56257,0.46,2.163,40.081383,,,3.99,10.074482549163704,0.0,0.0,60.0,19.98393928960636,474
2026-10-08,ENDURANCE,2501.699951171875,2512.39990234375,2425.0,2433.5,78215.0,-0.03178957008363181,-0.08394504046677964,-0.11692127476899572,2639.9099853515627,2792.519990234375,2634.553128891444,2709.4652252900246,24.31620838481541,0.03257506251100707,0.03591530813386069,0.016112398227849448,-77.0383127729051,-58.99591938676193,-1.230956705198962,-0.07818826645487864,-0.1285648774189232,86262.75,0.9067065448296049,92846.0,1.0763162546985807,11.871227364185112,NEUTRAL,0.0,,0.0622,0.3,0.08,37.66173,5.3387947,19.393,0.44,7.885939858009044,0.0,0.0,80.0,19.757167222194155,475
2026-10-08,MFSL,1350.0,1361.4000244140625,1316.0,1322.4000244140625,519690.0,-0.0168760326993439,-0.03713411904281727,-0.09948925814500342,1449.6400024414063,1502.5200024414062,1431.2636957113039,1489.1204872084406,23.573717837110536,0.04112653035754556,0.034331536279408825,0.031480826430856076,-49.550027813074394,-34.97976595750822,-0.7854095522025983,-0.08777350087818558,-0.11987858912671467,1490008.75,0.3487831866759172,1465519.4,0.9835642911492969,13.621730382293762,NEUTRAL,0.0,,0.00221,0.168,0.373,435.0,9.047539,36.453,,6.083048984286977,0.0,0.0,74.99999999999999,19.704779366580738,476
2026-10-08,SBICARD,555.0,559.4500122070312,547.6500244140625,547.6500244140625,923935.0,-0.017491926036869443,-0.027610062954424475,-0.17807288841760105,604.4325073242187,632.5000036621094,595.3438333756067,618.634670406324,5.387931034482762,0.025439863716099024,0.02154658498480613,0.019423949784096475,-23.714339853449474,-17.813913563396092,-0.7840145505241295,-0.09394346303697065,-0.13415016404233093,1105809.55,0.8355281431599139,704490.6,0.6370813129620737,10.633802816901408,NEUTRAL,0.0,,0.18199,0.234,0.195,23.53531,3.4096553,280.206,0.44,8.86674161200003,0.0,0.0,80.0,19.50054442890144,477
2026-10-08,SJVN,56.599998474121094,56.599998474121094,54.0099983215332,54.2400016784668,4063317.0,-0.03761531066228174,-0.06337416989493083,-0.19285708122512646,61.2230001449585,64.4273999786377,60.259529736449196,63.72726764645086,2.355230480457436,0.02511325208688841,0.047750738798670006,0.011071722612766559,-2.588941515325118,-1.98017832321939,-0.9948627808697171,-0.1140584167707882,-0.1581221390828863,2529155.4,1.6065904847128019,1985549.4,0.7850642155084658,10.100603621730382,NEUTRAL,0.0,,0.12771,0.52,-0.017,32.897728,1.5991383,226.528,2.59,9.065820053127359,0.0,0.0,80.0,19.16642367485774,478
2026-10-08,JBMA,545.0999755859375,549.0,524.5,526.5999755859375,212696.0,-0.037294377356604236,-0.03314063714133375,-0.12850645331247412,577.2924987792969,612.7629956054687,572.2436041640902,603.7619668388497,18.257463440392428,0.02946122853367029,0.04652487872362571,0.01712035328182534,-22.428917799083138,-19.382761032436925,-0.9174154197755774,-0.0878108121975435,-0.14061394150342565,241753.85,0.8798039824391628,158436.2,0.6553616416036394,13.832997987927564,NEUTRAL,0.0,,0.03571,0.15,0.141,58.612873,11.509384,190.282,0.16,5.269760190804741,0.0,0.0,80.0,19.102758178732305,479
2026-10-08,KPITTECH,484.25,493.8500061035156,470.1000061035156,471.0,1407369.0,-0.027361899845121274,-0.04268292682926833,-0.14511300560056672,519.7574996948242,566.0520013427735,515.6374483883566,555.5027874947995,20.531435722095182,0.03197604437687196,0.05042462845010616,0.018073545234125857,-24.52229057105916,-21.962184308743876,-0.8692887199135829,-0.09380816962420402,-0.1679209703654322,1537886.55,0.9151318736742967,960031.6,0.6242538501946063,11.841046277665995,NEUTRAL,0.0,,0.08839,0.089,-0.318,23.098593,3.7825203,23.624,1.52,7.126247630572539,0.0,0.0,80.0,18.967293908238535,480
2026-10-08,ZEEL,70.69999694824219,71.93000030517578,68.0999984741211,68.37000274658203,15514915.0,-0.024957215223231022,-0.04936033805262463,-0.15540450495265068,75.71500015258789,88.74940017700196,76.66824826560581,85.37435148950769,19.94135435376579,0.033797192977858305,0.056018746192695715,0.01779075491189232,-5.312483490367896,-5.355657579549709,-1.0948766733271562,-0.09700848433208131,-0.22962856526100706,13903983.2,1.1158611727896794,12644747.8,0.9094334780266421,11.760563380281692,NEUTRAL,0.0,,0.025139999,0.045,-0.473,34.160378,0.5853824,2.26,2.72,7.143267601155611,0.0,0.0,80.0,18.903830981437302,481
2026-10-08,DATAPATTNS,4253.0,4253.0,4080.0,4097.10009765625,295638.0,-0.03219629797129253,-0.036271190956993604,-0.14236374232831606,4382.039965820312,4505.0280078125,4353.104441118684,4428.904754750929,21.83269544321081,0.02881132052053844,0.042224987399981956,0.0261355799409006,-102.17628258149307,-79.84309372654872,-0.7603159588141238,-0.0650244795544036,-0.09054947260013302,407821.55,0.7249200048403523,210977.8,0.5173287188967822,11.297786720321932,NEUTRAL,0.0,,0.28459,0.168,-0.134,89.3062,13.8646755,0.304,0.24,7.59903734942779,0.0,0.0,80.0,18.896824069749723,482
2026-10-08,KEC,363.5,364.0,348.0,349.6000061035156,1236772.0,-0.03558619005926722,-0.06109842789602471,-0.15443222691584635,388.07249755859374,416.43699951171874,384.9111596700208,414.24972520778715,19.00172442384475,0.029799369498766142,0.04576658958999687,0.017015316292585205,-15.762054562699348,-13.753723642257441,-1.1327863777884193,-0.09913738205390166,-0.1604972504522194,960055.7,1.2882294225220474,877044.2,0.9135347042885116,11.599597585513079,NEUTRAL,0.0,,0.02355,0.0,-0.417,18.024038,1.6201873,87.306,1.48,6.141931501045581,0.0,0.0,80.0,17.74152908655866,483
2026-10-08,INOXWIND,67.0999984741211,67.4000015258789,62.43000030517578,62.43000030517578,21882225.0,-0.0695975897934844,-0.09192726828835229,-0.17876870478828333,72.37749977111817,73.81819946289062,70.84118144719534,74.2266241393178,16.87412129157343,0.04116609222015973,0.0796091814257301,0.02415105499843065,-2.4316881494078615,-1.466778947924372,-1.1907394735821215,-0.13743911432972544,-0.15427359703401922,8987382.0,2.43477188351402,9687485.2,1.0778984580826763,11.146881287726359,NEUTRAL,0.0,,0.078260005,-0.015,-0.383,28.506222,1.6102568,20.631,0.0,6.4267078583531845,0.0,0.0,80.0,17.57358914607954,484
2026-10-08,BAJAJ-AUTO,9840.0,9894.0,9637.0,9637.0,198802.0,-0.024989882638607797,-0.040617222498755545,-0.18108429639700885,10918.0,11441.21,10718.915164729022,11048.46534013943,9.887133182844252,0.024652010851035445,0.026668050223098476,0.01910423999818648,-471.08644322992404,-317.2243134457717,-0.9173869317495408,-0.11732918116871227,-0.15769398516415656,277337.0,0.7168246573663088,230884.6,0.8325055798541126,7.233400402414487,NEUTRAL,0.0,,0.16251,0.64,0.458,23.82164,7.2098565,56.352,1.5,10.174720857749328,0.0,0.0,80.0,17.408121260163817,485
2026-10-08,RAINBOW,1267.0,1271.9000244140625,1222.5999755859375,1230.699951171875,168525.0,-0.03147871373026412,-0.06360807620055309,-0.15118288816552794,1380.189990234375,1441.249990234375,1352.706123122671,1403.6109809409393,11.70715453699762,0.03946652144074176,0.04005854455521948,0.015952118435144918,-54.20892726633883,-37.0930130321621,-0.9034321816934697,-0.10831120361705748,-0.14608849296731685,167115.25,1.0084357950576024,211376.8,1.2648564388947148,9.114688128772636,NEUTRAL,0.0,,0.1568,0.332,0.133,44.10174,7.635407,53.558,0.28,8.1317142397947,0.0,0.0,80.0,17.246402368567338,486
2026-10-08,HDBFS,602.3499755859375,604.0,585.25,586.4000244140625,248701.0,-0.022829447974061945,-0.05143964277748858,-0.13472035730918275,647.4100067138672,669.072001953125,638.5629011331339,662.8879558681344,3.603958032877088,0.024830682018476904,0.031974759923885085,0.013746771553197971,-21.30249445871914,-15.518654219453868,-0.9693495501667655,-0.09423700849092531,-0.12356215369605983,380240.4,0.6540625351751155,481278.2,1.26572084397134,7.193158953722334,NEUTRAL,0.0,,0.29786,0.21,0.326,18.539175,2.4910996,484.313,0.65,9.83922931028347,0.0,0.0,80.0,17.032388264005803,487
2026-10-08,NCC,126.87999725341797,126.87999725341797,119.01000213623047,119.93000030517578,3541158.0,-0.054776143589922444,-0.07788710936161802,-0.16220743682392047,132.56550064086915,140.1085998535156,132.15760983116897,137.97894345558942,14.25600212583052,0.03135756937565714,0.06562157172651868,0.01543751760289863,-4.606525999095311,-3.804593903235854,-1.2314322055294513,-0.09531514816908493,-0.14402113481568357,3465634.6,1.021792083908673,1846256.6,0.532732619878622,8.05835010060362,NEUTRAL,0.0,,0.03261,0.122,0.127,11.532316,1.0250375,57.389,1.71,8.011193235082967,0.0,0.0,80.0,16.06954333568659,488
2026-10-08,ZFCVINDIA,2172.0,2172.0,2081.0,2116.199951171875,87649.0,-0.025780315467638593,-0.055689446152666244,-0.16302798888331638,2340.699987792969,2480.981982421875,2313.311915146355,2407.669849129642,13.854757778645308,0.027208460852151898,0.043001607645632677,0.013448800265539393,-90.78669016963977,-71.13150016401985,-0.9119374449371815,-0.09591149561750267,-0.14703131011612924,102510.6,0.8550237731512643,68550.4,0.6687152353024954,7.424547283702213,NEUTRAL,0.0,,0.118599996,0.093,-0.146,2.2960248,6.745239,1.485,0.18,7.965290497347862,0.0,0.0,80.0,15.389837781050076,489
2026-10-08,KIMS,694.2999877929688,695.75,678.7999877929688,687.1500244140625,473382.0,-0.009798959108512917,-0.0666892707449066,-0.11083069970473614,758.2800048828125,774.5230004882812,744.6293202953489,764.5002413530541,10.136474429089375,0.034303195536506244,0.024667120140881377,0.017766581483126962,-21.492974879730127,-11.722213156954759,-0.9359261189394124,-0.09380437306894662,-0.11280875586539885,586642.9,0.8069338263533062,586080.0,0.9990404724918686,10.050301810865193,NEUTRAL,0.0,,0.048499998,0.353,-0.469,135.96078,12.345767,166.226,0.0,5.055036088685424,0.0,0.0,80.0,15.105337899550616,490
2026-10-08,HYUNDAI,1940.0,1946.0999755859375,1905.5999755859375,1915.0,336602.0,-0.015424164524421635,-0.05385375494071143,-0.1315192743764172,2080.3050048828127,2157.2660009765623,2058.964303507387,2093.5045339827784,20.69033544983597,0.029522575312966242,0.02114882506527415,0.017456384132717623,-55.44439766728192,-37.4723099618876,-1.0137087184789944,-0.07946190798696107,-0.1123023312224325,579853.35,0.5804950510331621,319343.6,0.5507316634455935,7.987927565392354,NEUTRAL,0.0,,0.07004,-0.005,-0.351,32.644016,8.076304,5.484,1.05,6.240591587404599,0.0,0.0,80.0,14.228519152796952,491
2026-10-08,UPL,497.75,497.75,476.45001220703125,481.04998779296875,2054897.0,-0.02818184284248737,-0.0691756982283861,-0.16382757170145712,540.6799987792969,561.7369995117188,532.958580466592,557.8552166881371,7.875690965186834,0.028798626320609064,0.044278117313113215,0.02003193165844868,-20.22226033736581,-14.077315032311454,-1.0723647208618152,-0.1102870665106086,-0.14363841404231148,2241149.45,0.9168942303245328,2151033.0,0.959790075579297,6.710261569416499,NEUTRAL,0.0,,0.03825,0.105,,21.180328,1.2573965,57.128,1.16,7.266192650516394,0.0,0.0,65.0,13.976454219932894,492
2026-10-08,MAXHEALTH,900.5,903.5999755859375,870.0,873.4000244140625,2238798.0,-0.03810569998451263,-0.07178913535962217,-0.15906023017059634,992.7249969482422,1012.3739990234375,968.6843969050954,1005.3633554762177,14.904221558125883,0.034160428993936634,0.03847031674687518,0.018184114901550086,-34.93896862144186,-20.925845796339402,-0.9576582528704084,-0.12019942370847836,-0.13727532981233503,2605179.15,0.8593643166536167,1955263.8,0.7505294981345141,6.529175050301811,NEUTRAL,0.0,,0.16723,0.167,0.048,60.529846,8.172376,32.367,0.22,7.0009919473239535,0.0,0.0,80.0,13.530166997625765,493
2026-10-08,MEDANTA,1299.0,1309.300048828125,1270.9000244140625,1276.5,144593.0,-0.013600166847981487,-0.059529982996675446,-0.1377330593430417,1413.929998779297,1427.5619970703126,1387.737474279172,1399.0476593023511,9.779819480255739,0.03445246215499272,0.03008227529499608,0.019660937931765706,-36.698560935765045,-15.834451894655583,-0.908145950005707,-0.09719717305520492,-0.10581816928464527,239494.4,0.6037427179925711,242269.2,1.011586074663959,6.0462776659959765,NEUTRAL,0.0,,0.11875,0.265,-0.002,65.77799,9.20181,29.869,0.04,6.9589241101556265,0.0,0.0,80.0,13.005201776151603,494
2026-10-08,ABREL,1049.4000244140625,1060.199951171875,1011.5999755859375,1018.0,187497.0,-0.02992188267919549,-0.0749659245797365,-0.23882160803309171,1177.5899963378906,1305.1320043945314,1166.839171415106,1258.0699847445399,9.681625763732498,0.044807753133332164,0.04774064399404469,0.018741417521642233,-75.23882793199573,-62.229283579460144,-0.9785736719057633,-0.13552254760501448,-0.22000227059617306,210347.1,0.8913695506141991,177167.2,0.8422611958995394,5.28169014084507,NEUTRAL,0.0,,-0.25416002,0.297,,,3.2219884,152.371,0.23,6.758424005728127,0.0,0.0,55.00000000000001,12.040114146573197,495
2026-10-08,COCHINSHIP,1255.0999755859375,1256.0,1200.0,1200.0,939951.0,-0.0439008657937503,-0.06759906759906764,-0.21073403003761426,1331.3700073242187,1429.302001953125,1333.446646148686,1395.2653895343788,14.693313737082264,0.029970245361328127,0.04666666666666667,0.028871353604099835,-53.402286453082525,-42.37487571143891,-1.2368381531317956,-0.09867280065009543,-0.16042935757438692,1092902.5,0.8600501874595401,681644.6,0.6237011993293089,5.553319919517103,NEUTRAL,0.0,,0.13479,0.024,-0.193,49.710316,5.76507,28.466,0.87,6.371199163213576,0.0,0.0,80.0,11.92451908273068,496
2026-10-08,THERMAX,3230.39990234375,3230.39990234375,3125.10009765625,3138.10009765625,75472.0,-0.028572253429222094,-0.06620841323999727,-0.1391616333673954,3428.1199951171875,3738.2299951171876,3416.7998729367537,3708.9134289553126,22.83348987501242,0.03077383552159682,0.03355527274803795,0.018018295188710856,-161.9969831406952,-154.6465639026432,-0.9367458709497545,-0.08460027591625285,-0.16053851642216155,152389.35,0.49525770665732216,120511.4,0.7908124813184123,6.317907444668008,NEUTRAL,0.0,,0.05474,0.071,-0.834,63.553833,6.8074546,42.166,0.42,4.7965617889015295,0.0,0.0,80.0,11.114469233569537,497
