prediction_date,target_date,symbol,rank,score,base_close,market_regime,regime_selected,predicted_open,actual_open,open_abs_pct_error,challenger_open_abs_pct_error,baseline_open_abs_pct_error,predicted_high,actual_high,high_abs_pct_error,challenger_high_abs_pct_error,baseline_high_abs_pct_error,predicted_low,actual_low,low_abs_pct_error,challenger_low_abs_pct_error,baseline_low_abs_pct_error,predicted_close,actual_close,close_abs_pct_error,challenger_close_abs_pct_error,baseline_close_abs_pct_error,close_direction_correct,baseline_close_direction_correct
2024-09-30,2024-10-01,POWERINDIA,1,88.05147058823529,14545.2998046875,NEUTRAL,1,14608.674526108149,14600.0,0.0005941456238458022,0.00018336454611876622,0.0037465887200342466,14929.309101634259,14849.9501953125,0.0053440520188955875,0.0030424548500986364,0.020515246624945936,14228.754170096909,14155.5,0.005174961682519772,0.0058285060775446484,0.02753698595510579,14543.88657262833,14278.900390625,0.01855788434362281,0.017333883716381313,0.018656857795394947,1,
2024-09-30,2024-10-01,NATIONALUM,2,87.5,210.2899932861328,NEUTRAL,1,211.03067478110634,214.5,0.01617401034449258,0.01611217358176812,0.019627070927119756,214.58399753115552,227.38999938964844,0.056317348576746126,0.057831209096665726,0.07520122322624043,206.74707526397088,212.8000030517578,0.02844420912115644,0.027778970636639325,0.011795158503895831,210.12215668360048,224.22999572753903,0.06291682340787685,0.06376717293504017,0.06216832139775207,0,
2024-09-30,2024-10-01,APLAPOLLO,3,86.36029411764706,1584.1500244140625,NEUTRAL,1,1589.3125198774198,1590.0,0.00043237743558500303,0.0005733810712811491,0.003679229928262579,1611.8245446097565,1628.0,0.009935783409240504,0.011403101195030563,0.02693487443853655,1565.0805028687096,1572.75,0.0048764884001210795,0.0041059967794909455,0.00724846569007312,1585.2115384472543,1621.5999755859375,0.02243983577117093,0.023060531799912482,0.02309444482961533,1,
2024-09-30,2024-10-01,LLOYDSME,4,84.44852941176471,948.3499755859376,NEUTRAL,1,950.7522563187694,947.9000244140624,0.0030090007714368987,0.00287482902539629,0.0004746820975696899,966.7896587202576,985.0,0.01848765612156584,0.019887666613714418,0.03720814661326131,932.7484951004985,940.2000122070312,0.00792545948711592,0.007250583258444009,0.008668329369380766,947.8829623312081,980.75,0.03351214648869937,0.03405673619650267,0.03303596677447095,0,
2024-09-30,2024-10-01,BLUESTARCO,5,83.75,2063.699951171875,NEUTRAL,1,2070.372771338467,2074.050048828125,0.0017729936130209626,0.0015706966764165106,0.004990283461143085,2108.5012639727893,2139.800048828125,0.014626967072216258,0.015557977579303248,0.03556411623503172,2021.734878681848,2030.0,0.0040714883340650584,0.0034249670292473607,0.01660096116841133,2063.57297452888,2095.85009765625,0.015400492221969948,0.015607156194677202,0.015339907429604773,0,
2024-09-30,2024-10-01,FORTIS,6,79.5220588235294,615.0999755859375,NEUTRAL,1,617.4031578809033,615.0999755859375,0.0037444031643341395,0.0039108226578485365,0.0,625.8939855464869,628.5,0.004146403267323987,0.005586902133726506,0.021320643459128878,606.7717007845501,610.5,0.006106960221867078,0.005296070729157324,0.00753476754453317,615.5675261451885,615.8499755859375,0.0004586335178146084,0.0009527652128067244,0.0012178290650842818,1,
2024-09-30,2024-10-01,AIIL,7,78.97058823529412,357.8599853515625,NEUTRAL,1,359.90704369339795,358.0,0.005326937691055732,0.0050568471980061746,0.00039110236993715084,367.20124331660224,365.0,0.006030803607129437,0.004730669009281477,0.01956168396832192,352.3884747964628,354.0,0.004552331083438453,0.0036468616421977992,0.010903913422492938,358.63905309186686,364.8900146484375,0.01713108417777146,0.0178796060129246,0.0192661597047216,1,
2024-09-30,2024-10-01,PAYTM,8,78.01470588235294,688.2999877929688,NEUTRAL,1,691.2513813098994,688.4000244140625,0.0041420058028962155,0.004185606840642332,0.00014531757342527263,704.5831563027939,742.0,0.05042701306901092,0.05156271815680478,0.07237198410651112,676.7185817765272,681.7000122070312,0.00730736444374768,0.006345386211185842,0.009681642170681225,689.0742395410193,731.3499755859375,0.0578050693322961,0.058199772800156695,0.0588637304027778,1,
2024-09-30,2024-10-01,NMDC,9,77.02205882352942,81.63666534423828,NEUTRAL,1,82.18080023891986,81.58333587646484,0.00732336274358414,0.007770542604913567,0.0006536808920658757,83.17078265523102,82.46666717529297,0.008538182808350557,0.00696130434319212,0.010064694736485679,80.43718720459397,79.80000305175781,0.007984763514644002,0.009439782282913717,0.02301581732132542,81.85622219950949,81.51000213623047,0.004247577649432158,0.004435105444747797,0.0015539590809495493,0,
2024-09-30,2024-10-01,TATACOMM,10,76.58088235294117,2134.75,NEUTRAL,1,2138.378273161116,2143.0,0.0021566620806738753,0.002174399176518697,0.003849743350443304,2161.920896431923,2175.0,0.006013380950839903,0.007157796676151781,0.01850574712643678,2111.3677866517896,2131.64990234375,0.009514749898498893,0.008878300744821837,0.001454318391046035,2135.3187749692584,2158.75,0.010854070656973547,0.011261477888337423,0.011117544875506659,1,
2024-10-30,2024-10-31,RADICO,1,88.08823529411764,2412.050048828125,BULL,1,2424.99938340428,2390.0,0.014644093474594057,0.014566844298831323,0.009225961852771967,2484.089873771159,2431.0,0.021838697561151414,0.020785870167213304,0.007795125944827231,2363.0121986519025,2353.699951171875,0.0039564293126619935,0.005176418607670012,0.024790796986335614,2413.0076620309737,2379.0,0.014294939903730026,0.013062052774751472,0.013892412285886927,0,
2024-10-30,2024-10-31,CRISIL,2,87.63235294117646,5372.2998046875,BULL,1,5391.483261299633,5385.0,0.0012039482450572592,0.0010699445636179283,0.002358439240947075,5485.779832484795,5500.0,0.0025854850027644716,0.004218773543553239,0.023218217329545456,5279.017092498993,5310.0498046875,0.0058441471040652304,0.005327833430789373,0.011723053886434019,5376.093292175476,5474.75,0.018020312858947778,0.018595615045156402,0.018713218925521715,1,
2024-10-30,2024-10-31,FEDERALBNK,3,86.4779411764706,203.2400054931641,BULL,1,203.89401560467564,203.9900054931641,0.00047056172314120266,0.00027899604135796436,0.003676650717209443,206.60937500452656,205.6600036621093,0.004616217667568666,0.002957895359022446,0.01176698495503848,200.41475896378412,201.0200042724609,0.0030108710367772198,0.002514786908409935,0.011043683083869653,203.30269571195916,203.9100036621093,0.00297831366408327,0.003498983205537749,0.0032857542882271957,1,
2024-10-30,2024-10-31,LAURUSLABS,4,85.86764705882352,485.2999877929688,BULL,1,486.2968460200631,486.0,0.0006107942799651679,0.0005500101645700519,0.0014403543354551298,492.77564708473784,493.0,0.00045507690722547476,0.0024065856866949576,0.01561868601831885,479.79213695640357,479.3500061035156,0.0009223549541219032,0.0018906854702951845,0.012412603762788486,485.4420004755074,491.25,0.011822899795404728,0.012073401454063175,0.012111984136450265,1,
2024-10-30,2024-10-31,MANKIND,5,81.5,2627.800048828125,BULL,1,2636.998990122857,2616.050048828125,0.008007851877343122,0.008175433204064287,0.00449150428343811,2673.8174831694423,2732.14990234375,0.021350372878247915,0.022801898999753083,0.038193311950456825,2592.169483956593,2595.10009765625,0.0011292873451408502,0.00026748567099871073,0.012600651204709898,2630.044791758915,2667.35009765625,0.013985905311085537,0.014499638624658978,0.014827468228815137,1,
2024-10-30,2024-10-31,COFORGE,6,80.6985294117647,1548.47998046875,BULL,1,1552.1625574063662,1550.0,0.0013951983266878736,0.001485602690549234,0.0009806577620967742,1572.0572289957042,1550.0,0.014230470319809185,0.012939713988853034,0.0009806577620967742,1529.9186444406519,1484.0,0.03094248277671958,0.031920437721697024,0.04345012160966981,1548.9685222435705,1524.8199462890625,0.01583700161666835,0.015536372874905242,0.015516608526317264,0,
2024-10-30,2024-10-31,INDIANB,7,79.88235294117646,588.0999755859375,BULL,1,589.3292947362102,577.0,0.021367928485632858,0.021023651792986833,0.019237392696598788,600.5470051710156,595.7000122070312,0.008136633984657048,0.006383947153064644,0.01275816092891469,577.1968475705355,577.0,0.00034115696799915144,0.0006457101584460653,0.019237392696598788,587.5347836909893,592.5499877929688,0.008463765429578695,0.009391560954000868,0.007509935530681407,0,
2024-10-30,2024-10-31,360ONE,8,78.0294117647059,1061.3499755859375,BULL,1,1064.282678039215,1060.050048828125,0.003992857899274731,0.003680830430546014,0.0012262880976700642,1083.7403601664598,1095.0,0.01028277610368966,0.01172237843978475,0.030730615903253426,1045.3681685172323,1048.0,0.002511289582793574,0.0014999119745812183,0.012738526322459446,1063.4414389140177,1090.5,0.024812985865183237,0.025274788715214002,0.02673087979281293,1,
2024-10-30,2024-10-31,BSE,9,77.28676470588235,1446.88330078125,BULL,1,1453.1632354218125,1455.0,0.0012623811533934795,0.0010444772053302223,0.0055784874355670104,1484.058182957761,1497.433349609375,0.008932061420365183,0.010311663038103689,0.03375779552479691,1419.2362781764934,1438.36669921875,0.01330010007367889,0.012732106193351042,0.005921022481350409,1447.3760565240198,1488.5333251953125,0.027649544672365623,0.028140583291439782,0.027980579076788584,1,
2024-10-30,2024-10-31,POLICYBZR,10,76.50735294117648,1703.4000244140625,BULL,1,1706.2656964738278,1691.0,0.009027614709537436,0.00893429995083423,0.007332953526944116,1730.3531777722799,1714.0,0.00954094385780623,0.008082323811803183,0.006184349816766336,1679.7189761604589,1661.0,0.01126970268540569,0.012028606421534662,0.0255268057881171,1704.5378411998072,1701.1500244140625,0.001991486192942669,0.0018062562201372242,0.001322634669317294,0,
2024-12-03,2024-12-04,DIXON,1,83.04347826086956,16866.44921875,BEAR,1,16886.456928517262,16899.0,0.0007422374982388316,0.0012217547140542632,0.001926195706846559,17109.687118344973,17450.0,0.019502170868482924,0.021035401944447068,0.033441305515759315,16655.825288644595,16899.0,0.014389887647517884,0.013574531628202265,0.001926195706846559,16864.739951006704,17391.30078125,0.03027725394819197,0.030756778077013477,0.030178971032796795,0,
2024-12-03,2024-12-04,PREMIERENE,2,82.31884057971014,1214.800048828125,BEAR,1,1218.8059200388182,1214.0,0.003958747972667346,0.004073617352845425,0.0006590188040568369,1242.7475731108439,1296.0,0.041089835562620476,0.042899726086637904,0.06265428331163195,1190.0705428647227,1202.050048828125,0.009965896158051882,0.009479009418083021,0.010606879482622155,1214.2502104061828,1284.5999755859375,0.05476394715613044,0.055209761826328904,0.054335924088722676,0,
2024-12-03,2024-12-04,POLICYBZR,3,81.9927536231884,1926.25,BEAR,1,1932.606370212353,1940.0,0.003811149375075715,0.00368994949991041,0.007087628865979381,1972.7709157173217,2018.8499755859373,0.022824410147287883,0.02415500825206072,0.04586768541781401,1889.5397485301432,1914.949951171875,0.013269382119455237,0.012410766706797506,0.00590096301013497,1925.182857149126,2004.699951171875,0.039665334443823475,0.040209072756938864,0.039133013958530805,0,
2024-12-03,2024-12-04,FORTIS,4,81.81159420289856,700.25,BEAR,1,703.586190379238,703.7999877929688,0.0003037758133545494,0.0001165274984006069,0.005044029347174444,714.8146088463373,714.5999755859375,0.00030035441888136337,0.0018999096864180122,0.02008113080912326,689.6653439214773,697.7999877929688,0.01165755805932305,0.010967876080841378,0.003511052235441064,701.1629508500075,710.9000244140625,0.013696825474271807,0.01427891003122041,0.014981043815324743,1,
2024-12-03,2024-12-04,360ONE,5,81.44927536231884,1156.699951171875,BEAR,1,1159.6856453452917,1162.699951171875,0.0025925053351427215,0.002617013410477848,0.005160402728109391,1176.5308724420768,1162.699951171875,0.011895520642502572,0.010650646479439115,0.005160402728109391,1140.6991826366143,1125.050048828125,0.013909722349498808,0.014465495011823237,0.028131994995882346,1156.9810456753587,1128.4000244140625,0.025328802413078017,0.02483947693963448,0.025079693500102175,0,
2024-12-03,2024-12-04,POLYCAB,6,80.76086956521739,7412.5,BEAR,1,7420.23882099156,7420.9501953125,9.586027425295748e-05,0.00041323741232612794,0.0011386945189091325,7503.878380393654,7479.0,0.0033264313937229535,0.002206488676029021,0.008891563043187592,7336.861108736603,7272.0,0.008919294380720921,0.009580445254516302,0.01932068206820682,7413.280694252521,7300.10009765625,0.015503978723881977,0.014976898002355129,0.01539703577213096,0,
2024-12-03,2024-12-04,LAURUSLABS,7,80.65217391304348,580.7000122070312,BEAR,1,581.6471209283156,581.2000122070312,0.0007692854643731974,0.0005249677481273498,0.000860289039054413,589.1867554895944,586.7999877929688,0.004067429697131651,0.0028194759820330292,0.010395323300670648,573.1015858932925,576.2999877929688,0.005549890625410255,0.004805420732419279,0.007634954897210885,580.3869357747487,583.4500122070312,0.005249938072150752,0.00602268690007349,0.004713342947063288,0,
2024-12-03,2024-12-04,OFSS,8,79.56521739130434,12524.849609375,BEAR,1,12555.418717381704,12565.0,0.0007625374149061295,0.000989486778805891,0.003195415091524075,12725.346235035639,12691.099609375,0.002698475838558569,0.001124637676825324,0.013099731710969316,12368.660255541468,12332.2001953125,0.0029564927305369983,0.0035899222923434265,0.0156216580181472,12534.484406127378,12417.599609375,0.009412833432327182,0.00881198833409482,0.008636934945062066,0,
2024-12-03,2024-12-04,LLOYDSME,9,78.51449275362319,1057.300048828125,BEAR,1,1059.7508679560917,1059.1500244140625,0.0005672884182404849,0.0004530218531571926,0.0017466605705465888,1077.1243908069387,1076.449951171875,0.0006265406341738751,0.0008168597646725056,0.0177898678177304,1041.422602594056,1052.0,0.010054560271809992,0.009574037214654971,0.0050380692282557035,1057.2096390283243,1069.3499755859375,0.011353005877202204,0.012076718428025629,0.011268459375247928,0,
2024-12-03,2024-12-04,KPRMILL,10,76.77536231884059,999.2000122070312,BEAR,1,1002.3120921112185,1003.2000122070312,0.0008850878040355657,0.0007660761220567736,0.003987240780828975,1017.3367814604285,1029.050048828125,0.011382602217487384,0.01258441724183923,0.029007371074989758,985.4898267200249,987.0499877929688,0.001580630254028326,0.0008928453755420337,0.012309431704902606,999.9527973295124,1005.3499755859376,0.0053684571417825745,0.005827650176972329,0.006117236313973196,1,
2025-01-02,2025-01-03,LLOYDSME,1,90.0,1340.75,BULL,1,1346.6963571882231,1360.0,0.009782090302777099,0.010001645176465372,0.014154411764705882,1371.568821187645,1460.0,0.06056930055640755,0.06277879003049551,0.08167808219178083,1314.0792012192876,1325.6500244140625,0.008728414726118388,0.007995451689804168,0.011390619928221019,1340.340424039038,1441.25,0.07001531723223729,0.07111864167626823,0.06973113616652211,0,
2025-01-02,2025-01-03,BLUESTARCO,2,89.28985507246378,2292.699951171875,BULL,1,2299.803565360215,2292.699951171875,0.0030983619050147385,0.003050550910900595,0.0,2341.455055750626,2352.5,0.004694981615036817,0.0063396935480667885,0.0254197869620085,2253.032810914998,2292.699951171875,0.01730149653320383,0.01662689868865672,0.0,2292.5539642465374,2337.550048828125,0.01924924970233059,0.019876903666649005,0.01918679673991773,0,
2025-01-02,2025-01-03,IPCALAB,3,88.19565217391305,1744.050048828125,BULL,1,1749.13514029747,1744.050048828125,0.002915679783823693,0.002854287866903821,0.0,1772.4540577601917,1750.0,0.012830890148680997,0.011491096867515158,0.003399972098214286,1719.6529796027014,1715.800048828125,0.00224555931048488,0.0028793152565228888,0.01646462244787467,1744.6693320978584,1735.0,0.0055731020736935945,0.00486816960966183,0.005216166471541787,0,
2025-01-02,2025-01-03,LUPIN,4,86.09420289855072,2396.10009765625,BULL,1,2400.3581699917845,2388.85009765625,0.004817410831606936,0.004634052604765813,0.003034933002750204,2426.6995604320423,2394.75,0.013341501380955127,0.012132507030562439,0.0005637739456101889,2367.5220915378686,2347.35009765625,0.008593517388718315,0.009261108764234414,0.020768099334085372,2396.273944053131,2368.85009765625,0.011576860192214846,0.011053008767314893,0.011503471674700422,0,
2025-01-02,2025-01-03,AIIL,5,85.96376811594203,380.3599853515625,BULL,1,381.44769598611174,380.3599853515625,0.0028596873394657447,0.0028325929742599263,0.0,388.27408850714653,397.6000061035156,0.023455526793782495,0.025121921081657665,0.04336021249321778,374.1525896283991,376.1099853515625,0.005204317352366416,0.004520324625236111,0.011299886111844076,380.48014398627504,389.6400146484375,0.02350854716609942,0.024053894919408604,0.023816930879771523,1,
2025-01-02,2025-01-03,JUBLFOOD,6,85.7608695652174,756.1500244140625,BULL,1,758.3992382078081,754.9500122070312,0.004568813755884809,0.004588925422937462,0.0015895253826450281,768.2864441374377,774.7999877929688,0.008406742072989713,0.009526366300026002,0.02407068104380202,746.3240985614979,752.5999755859375,0.008338928020232192,0.00752966552085864,0.004717046164346612,756.687320633758,759.0999755859375,0.003178309879824783,0.0035737833929352244,0.0038861168050993264,1,
2025-01-02,2025-01-03,CRISIL,7,85.02898550724638,6186.2998046875,BULL,1,6209.414463456429,6177.0,0.005247606193367181,0.005747519376830399,0.001505553616237656,6321.361906992759,6280.0,0.006586290922413859,0.00538010049746836,0.014920413266321656,6073.220930438773,6081.5498046875,0.0013695315365676898,0.0005495554015859431,0.0172242279294106,6185.951438787291,6108.14990234375,0.012737332529067153,0.012530401604936903,0.012794365494167589,1,
2025-01-02,2025-01-03,POWERINDIA,8,84.70289855072463,15169.25,BULL,1,15215.13856896922,15294.349609375,0.005179104860871376,0.005009746761019878,0.00817946578769963,15455.257451086114,15412.900390625,0.0027481563747001215,0.0010734949782821557,0.015808211592232307,14915.664298297628,15100.0,0.012207662364395484,0.011526492311977743,0.004586092715231788,15157.721028767352,15131.400390625,0.0017394713947731547,0.0012817938457535688,0.0025013950062712357,1,
2025-01-02,2025-01-03,POLICYBZR,9,84.12318840579711,2203.25,BULL,1,2212.1929524826,2212.0,8.722987459315047e-05,8.925105906477895e-05,0.003955696202531646,2247.391674261856,2246.89990234375,0.00021886685632646773,0.001284218169367936,0.019426723147844112,2170.418363210326,2175.0,0.0021064996734133892,0.0015331125749809412,0.012988505747126436,2205.592987445944,2215.85009765625,0.004628972971211033,0.005372128096781239,0.005686349302047725,1,
2025-01-02,2025-01-03,UBL,10,83.33333333333334,2136.64990234375,BULL,1,2143.2962861225133,2130.0,0.006242387850945195,0.006278484720943697,0.003122019879694836,2166.3315255564876,2147.550048828125,0.008745536216309023,0.0075403778877887705,0.005075619304110278,2113.657312264955,2116.800048828125,0.0014846638750361234,0.0008092392477011719,0.009377292638770494,2138.1240384240195,2128.10009765625,0.004710276917335447,0.0042298411937697795,0.004017576380413776,0,
2025-02-01,2025-02-03,UPL,1,87.21428571428572,604.0,BEAR,1,604.9083148801138,610.0,0.008347024786698631,0.008599175367550713,0.009836065573770493,614.3728147192201,636.7999877929688,0.03521855135625416,0.036193192023975425,0.05150751950647401,595.3610493745662,607.5499877929688,0.02006244533504318,0.019319373816329005,0.005843120507441206,603.9433322193761,630.25,0.04174005201209664,0.04209094324463684,0.04165013883379611,0,
2025-02-01,2025-02-03,UBL,2,86.17857142857143,2235.800048828125,BEAR,1,2244.080621086196,2235.949951171875,0.003636338062960545,0.0034099421054685493,6.70419047937255e-05,2287.241974290215,2299.699951171875,0.005417218396387717,0.007203256935898095,0.02778619111210054,2194.4588008019377,2166.5,0.012905054605094734,0.01351587260351461,0.031987098466708976,2236.953772351542,2192.699951171875,0.02018234239300076,0.019331264522020053,0.019656176684464018,0,
2025-02-01,2025-02-03,SBICARD,3,84.96428571428572,824.9500122070312,BEAR,1,828.6954451330887,820.5,0.009988354823995974,0.0097808776978923,0.005423537120086837,844.8290514995016,846.5,0.001973949793855182,0.004206433532406575,0.02545775285643089,810.7821532234211,819.0499877929688,0.010094419989952422,0.009464772129909798,0.00720349734692121,825.2470586151629,825.2999877929688,6.413325892245122e-05,0.0012698597554445326,0.00042405863457409065,1,
2025-02-01,2025-02-03,IDEA,4,83.82142857142858,9.600000381469728,BEAR,1,9.702146212935146,9.210000038146973,0.05343606653091738,0.05500136348018191,0.042345313974745946,9.938924555201718,9.40999984741211,0.05620879026210297,0.05445285579345113,0.02019134294777613,9.318129263660524,9.020000457763672,0.03305197236883142,0.03234897386741018,0.06430154038482785,9.582619563914687,9.06999969482422,0.056518179309641196,0.054359024147646665,0.058434476789227655,1,
2025-02-01,2025-02-03,MARICO,5,80.92857142857143,694.2000122070312,BEAR,1,696.9613215483103,688.4000244140625,0.012436514861449595,0.012317423977249211,0.008425316076804992,707.7338479556307,690.0499877929688,0.025626926274169497,0.02318383402970681,0.006014092438919954,683.0987215929954,661.8499755859375,0.032105079384865606,0.03309843623068972,0.048878201729106625,694.4766555516804,673.3499755859375,0.03137548189165503,0.030686026984501454,0.030964635593771887,0,
2025-02-01,2025-02-03,SRF,6,79.0,2826.050048828125,BEAR,1,2830.5742227169694,2875.0,0.015452444272358463,0.015849556439000993,0.01702606997282609,2871.7866742572014,2970.0,0.03306845984606013,0.0349132291721834,0.04846799702756734,2782.726020518135,2826.050048828125,0.015330240994123591,0.014808001422228835,0.0,2826.0181210566693,2942.699951171875,0.03965128353257332,0.04013276079388743,0.0396404337103062,0,
2025-02-01,2025-02-03,BDL,7,78.71428571428572,1253.3499755859375,BEAR,1,1257.7034045508233,1228.3499755859375,0.0238966333278786,0.02440470182818425,0.020352505797930028,1288.555959500352,1238.0,0.040836800888814175,0.038916014947808504,0.012399010974101373,1219.2003454782937,1133.550048828125,0.07555934273807742,0.07619123734758736,0.10568560857252207,1253.7125148184928,1178.050048828125,0.06422686885470921,0.06380875873256886,0.06391912366772338,0,
2025-02-01,2025-02-03,JUBLFOOD,8,74.82142857142858,739.7999877929688,BEAR,1,742.7347929555617,735.0,0.010523527830696211,0.010001646409601302,0.0065305956366921766,757.8888418246964,760.5,0.0034334755756785774,0.0051282892014375935,0.027218950962565745,725.3986248189229,718.1500244140625,0.010093434739871466,0.010413903089375967,0.030146853224116258,740.9121407884419,729.4000244140625,0.015782994226833536,0.015156882174171476,0.014258243804228948,0,
2025-02-01,2025-02-03,PHOENIXLTD,9,73.39285714285714,1764.4000244140625,BEAR,1,1773.0776679244977,1750.0,0.013187238813998713,0.0125389243099397,0.008228585379464286,1819.2218008192115,1849.550048828125,0.016397635753695614,0.017733983311534876,0.04603823749890605,1720.9378462672146,1736.5999755859375,0.00901884690712289,0.009725561338067849,0.016008320407090368,1771.2070716465387,1822.0999755859373,0.02793090643834339,0.027960796461976255,0.03166673176279477,1,
2025-02-01,2025-02-03,GODFRYPHLP,10,73.28571428571428,1661.5333251953125,BEAR,1,1667.44258636584,1628.300048828125,0.024038897232660297,0.02384888402747641,0.02040979879052711,1725.6724539381266,1753.6666259765625,0.015963223353724246,0.01565532854397382,0.05253752304828395,1616.4682903637572,1593.3333740234375,0.014519821600108777,0.014561703964185093,0.042803315541968805,1663.9797882431192,1610.2667236328125,0.03335662584464784,0.03403998431953572,0.031837335275016386,0,
2025-03-05,2025-03-06,BLUESTARCO,1,85.59859154929578,2131.199951171875,BEAR,1,2137.2165390436285,2148.449951171875,0.0052286124338708695,0.005397788377770387,0.008029044377129178,2175.13583931353,2167.699951171875,0.0034303124552063783,0.0017623640798428545,0.01683812373583707,2093.253934956967,2080.60009765625,0.006081820968369296,0.006564808839529171,0.024319836172566087,2131.556941088861,2144.14990234375,0.005873172039475252,0.006545568100732508,0.006039666889763412,1,
2025-03-05,2025-03-06,ABBOTINDIA,2,80.03521126760563,31448.099609375,BEAR,1,31526.789834227642,31500.0,0.000850470927861655,0.0009282502707958753,0.0016476314484126983,31968.7969456878,31573.25,0.012527913524512104,0.01116710801774686,0.00396381084066417,31028.08961210727,30659.30078125,0.012028611920686908,0.012896430806542798,0.025727880546036384,31448.905861727715,30983.150390625,0.015032540759433074,0.014702935616425461,0.015006518474980069,0,
2025-03-05,2025-03-06,GLAXO,3,79.78873239436619,2693.300048828125,BEAR,1,2705.1045132013137,2689.050048828125,0.00597031073489508,0.005682636979056897,0.0015804837852877187,2760.9096607930824,2745.89990234375,0.005466243848335789,0.003257585774302535,0.0191557796665234,2641.9376967664525,2675.199951171875,0.012433558243320058,0.011392231870157941,0.006765885910068601,2688.6467061874546,2690.199951171875,0.0005773715755751944,0.0019775205133549163,0.0011523670033893093,1,
2025-03-05,2025-03-06,POWERINDIA,4,77.5,13191.099609375,BEAR,1,13227.907930937668,13447.400390625,0.016322296749664202,0.01705777883516696,0.019059503978827226,13585.084228342284,13955.0,0.026507758628284885,0.027349722816115942,0.05474026446614117,12906.141110788954,13272.4501953125,0.02759920580850376,0.027272444668525145,0.006129281688036095,13207.30620605067,13613.0,0.029801938878228833,0.03072154709706114,0.03099246239807537,1,
2025-03-05,2025-03-06,FORTIS,5,76.72535211267606,661.5,BEAR,1,663.5923224086952,666.0,0.0036151315184757243,0.003941166472810306,0.006756756756756757,675.9475728887724,669.6500244140625,0.009404238400827585,0.008001541830449611,0.012170572861837339,650.3574130068135,643.0,0.011442321939056834,0.011736079779203693,0.028771384136858476,661.8986048630687,648.6500244140625,0.020424851538352926,0.019526195719154614,0.019810337011156545,0,
2025-03-05,2025-03-06,SAIL,6,75.24647887323943,112.52999877929688,BEAR,1,113.03097292525032,113.5,0.004132397134358374,0.004124290797723323,0.008546266261701543,115.18517287422141,114.9000015258789,0.0024819090039635244,0.0013961367778389817,0.020626655483970868,110.75265083156839,110.9000015258789,0.001328680723923462,0.000539173474097209,0.014697901090989644,112.75040762955311,111.97000122070312,0.006969781194444499,0.0064844707201001175,0.005001317785912528,0,
2025-03-05,2025-03-06,JSWENERGY,7,74.19014084507042,509.1000061035156,BEAR,1,511.0108320752396,509.5,0.002965323013227853,0.0025571547635156264,0.000785071435690628,522.3346725512034,517.0,0.010318515572927322,0.007607037644217908,0.015280452410994922,499.4001710024326,494.6000061035156,0.00970514524804182,0.010217667586800882,0.029316619128721303,510.05902868470633,499.6000061035156,0.020934792741022567,0.020088965029441044,0.019015211937430658,0,
2025-03-05,2025-03-06,SRF,8,73.06338028169014,2844.85009765625,BEAR,1,2849.271014301816,2859.949951171875,0.0037339593532687773,0.003767591985059349,0.005279761455069442,2880.1279176897965,2879.0,0.0003917741194152499,0.0006473856175301855,0.01186172363450851,2815.499056028907,2822.949951171875,0.002639400369062483,0.001980410785834491,0.007757893998539973,2844.886650333607,2851.60009765625,0.0023542737735774057,0.002598219489410364,0.0023670920777243178,1,
2025-03-05,2025-03-06,MEDANTA,9,72.8169014084507,1195.550048828125,BEAR,1,1199.067467291013,1225.0,0.021169414456315986,0.021074754176807632,0.024040776466836736,1217.85233155427,1259.9000244140625,0.03337383287959494,0.03482278409558435,0.05107546181361853,1178.7309648157616,1201.0999755859375,0.018623770897392245,0.017518860725492278,0.004620703414055983,1195.6349278182342,1252.949951171875,0.045744064477622935,0.04591153512303328,0.04581180779812018,1,
2025-03-05,2025-03-06,GODREJIND,10,72.67605633802816,1108.699951171875,BEAR,1,1112.4295239531702,1119.9000244140625,0.006670685148704107,0.006873606525417111,0.010000958119495923,1144.6940761788444,1119.9000244140625,0.02213952247903046,0.021471700785381152,0.010000958119495923,1083.5699542884836,1096.6500244140625,0.0119272966164092,0.010880349592273306,0.010987941904483836,1106.2831468848797,1100.4000244140625,0.005346348909751976,0.003976216609331287,0.007542645014236544,1,
2025-04-07,2025-04-08,GMRAIRPORT,1,88.62676056338029,82.22000122070312,NEUTRAL,1,82.62689848523267,83.91999816894531,0.015408719160234122,0.015092325625581462,0.020257352065473154,83.94758273624318,85.8499984741211,0.022159764376133182,0.02364414858607712,0.042283020593322514,80.90071495197928,81.87000274658203,0.011839352169109533,0.010772678345801381,0.004275051452049765,82.20323655487007,85.37999725341797,0.03720731788171522,0.03783370467144538,0.037010964328513626,0,
2025-04-07,2025-04-08,MARICO,2,85.03521126760563,662.6500244140625,NEUTRAL,1,663.4994818066377,668.0,0.006737302684674054,0.006795584967362574,0.008008945487930389,672.283814299003,680.0,0.011347331913230906,0.012352108179498052,0.025514669979319855,654.0004096684087,660.9500122070312,0.010514566019019496,0.009741958858208834,0.0025720737962536726,662.5672011339301,678.0999755859375,0.02290631914355362,0.0230198070174041,0.022784178923653396,0,
2025-04-07,2025-04-08,INDUSTOWER,3,83.87323943661971,356.0,NEUTRAL,1,356.7518023665057,363.9500122070313,0.019778017857108813,0.019731176667309596,0.02184369265114622,362.65502632807875,372.0,0.025120896967530247,0.02644747999313901,0.043010752688172046,350.4081382597477,359.5,0.025290296913080067,0.024460105917038823,0.009735744089012517,355.95359161018604,370.6499938964844,0.03965035081156043,0.03998131987556551,0.0395251426891318,0,
2025-04-07,2025-04-08,ABCAPITAL,4,82.46478873239437,179.33999633789062,NEUTRAL,1,179.69172825883493,183.77999877929688,0.022245459503847258,0.021911249018790446,0.024159334372062385,183.06984911075583,187.759994506836,0.024979471310697176,0.025900836122696124,0.04484447387773444,175.69101858068834,181.1100006103516,0.029920943136220856,0.02866808767405008,0.009773089649914114,179.3892220511834,184.0200042724609,0.025164558818405174,0.02505599632179454,0.025432060786397124,1,
2025-04-07,2025-04-08,FEDERALBNK,5,81.72535211267606,190.8099975585937,NEUTRAL,1,191.18444520341407,193.94000244140625,0.014208297428606539,0.013986342226197903,0.016139037039345213,193.507598628911,194.63999938964844,0.005817924189726699,0.006856889767918998,0.019677362531159336,188.35931335043628,189.6999969482422,0.007067388610299762,0.00611544030352324,0.005851347539316823,190.83990635451588,190.52999877929688,0.0016265552784576784,0.001642113400450386,0.0014695784448157097,0,
2025-04-07,2025-04-08,JKCEMENT,6,81.16197183098592,4799.2001953125,NEUTRAL,1,4805.872807774546,4801.0,0.0010149568370227755,0.001057116180224764,0.0003748812096438242,4890.157308486494,4940.0,0.010089613666701618,0.010855885488333966,0.028501984754554656,4716.741207131939,4777.2001953125,0.01265573677232224,0.011543441585771209,0.004605207883393062,4799.619983129429,4886.14990234375,0.01770922320103506,0.017659808220532577,0.017795137023844203,1,
2025-04-07,2025-04-08,NHPC,7,80.7394366197183,82.58000183105469,NEUTRAL,1,82.7549683929617,84.19999694824219,0.017161859948388685,0.017072905977185734,0.01923984769480826,84.38904980648591,84.63999938964844,0.0029649053044914653,0.0028809376149207316,0.024338345622030924,81.23331278153537,81.87000274658203,0.007776840645986633,0.006388064434851183,0.008672273856767372,82.6206075409475,83.58000183105469,0.011478754116881523,0.011637198085558282,0.011964584566788602,1,
2025-04-07,2025-04-08,HINDPETRO,8,80.63380281690141,352.79998779296875,NEUTRAL,1,353.6352324054677,360.1000061035156,0.017952717546440473,0.01777852896154511,0.02027219713083922,360.23468984398863,371.7000122070313,0.030845633539168846,0.03174339842156311,0.050847521639400775,346.5891933733856,353.0,0.018160925287859415,0.017161815635416546,0.0005666068187854108,352.94821389470764,369.1499938964844,0.04388942237479755,0.04392303218494212,0.04429095590910515,1,
2025-04-07,2025-04-08,BANKINDIA,9,79.08450704225352,105.7699966430664,NEUTRAL,1,105.98343472259288,108.38999938964844,0.022202829417908423,0.02177306595705628,0.02417199706001889,107.8512021098547,110.0,0.01953452627404821,0.020854511726768072,0.03845457597212358,103.60781767476405,107.1999969482422,0.033509135967723126,0.03272716846832977,0.013339555465344103,105.7684183806572,109.25,0.031868023975677846,0.0317527968464074,0.0318535776378361,0,
2025-04-07,2025-04-08,TORNTPOWER,10,78.80281690140845,1496.699951171875,NEUTRAL,1,1499.9775553999332,1534.5999755859375,0.022561202096191137,0.02241212752156149,0.02469700574548204,1529.252299280003,1535.0,0.0037444304364801667,0.00443709576708471,0.024951171875,1468.103301030564,1482.0,0.009376989857919097,0.008103120519929102,0.009918995392628206,1496.7218839595562,1509.75,0.008629320112895394,0.008722710893165671,0.008643847543053486,1,
2025-05-13,2025-05-14,BDL,1,90.0,1746.699951171875,BULL,1,1755.7510980902032,1762.9000244140625,0.0040552080236288006,0.004457964711070311,0.00918944524240502,1821.2151493497959,1820.9000244140625,0.00017305998764801365,0.0007230871201798198,0.04074911980193088,1692.5579085711597,1743.699951171875,0.029329611763964692,0.030423552492151843,0.0017204794884485791,1745.3936908773221,1766.0999755859375,0.011724299300635956,0.013271836876975713,0.010984669431087089,0,
2025-05-13,2025-05-14,SCHAEFFLER,2,89.58333333333333,3951.89990234375,BULL,1,3965.391176317652,3990.0,0.006167624983044605,0.006633455130143883,0.009548896655701754,4044.9360297863523,4100.0,0.013430236637475057,0.015304331555232637,0.03612197503810976,3871.2022965138217,3900.0,0.007384026534917515,0.006814336208354129,0.013307667267628205,3954.687159323057,3929.699951171875,0.00635855369663292,0.005364484451621881,0.0056492738498405606,0,
2025-05-13,2025-05-14,POWERINDIA,3,88.73611111111111,15975.0,BULL,1,16019.272392568217,16115.0,0.005940279704113145,0.005820490215735891,0.008687558175612783,16249.614727136915,16979.0,0.04295808191666674,0.044461062428652075,0.05913186877908004,15745.589398022204,15939.0,0.012134425119379856,0.010810053424372176,0.002258610954263128,15963.384055381677,16735.0,0.04610791422876145,0.04695528416088386,0.04541380340603526,0,
2025-05-13,2025-05-14,BSE,4,88.35416666666667,2438.5,BULL,1,2455.752309459464,2450.666748046875,0.0020751746097840656,0.001370800172844033,0.00496466851585252,2503.8613626674564,2474.166748046875,0.012001864726386197,0.009135496796031432,0.014415660575436392,2390.300803253244,2417.166748046875,0.01111464271769393,0.010838772673196984,0.008825726222803101,2438.9658995585737,2449.0,0.0040972235367195955,0.005734121939849297,0.004287464271131074,1,
2025-05-13,2025-05-14,NAM-INDIA,5,86.68055555555556,704.9000244140625,BULL,1,708.6844199057018,712.6500244140625,0.0055645890303886334,0.005853324120877892,0.010874903156527657,725.882515161124,712.75,0.018425135266396418,0.01645204925763034,0.011013645157400912,691.6052865186552,688.5999755859375,0.004364378506055704,0.005004554233882421,0.023671288710481152,707.4212007267771,702.0499877929688,0.007650755682930511,0.007192248626140285,0.004059592152481046,0,
2025-05-13,2025-05-14,GVT&D,6,86.05555555555556,1696.4000244140625,BULL,1,1700.9232400156877,1720.0,0.01109113952576295,0.011102075246116576,0.013720916038335756,1725.9038946224853,1784.0,0.032565081489638305,0.03433407508241419,0.0491031253284403,1672.515816226912,1691.0999755859375,0.010989391299935675,0.010447640234831808,0.0031340836760929067,1696.6785497957126,1770.4000244140625,0.04164113963043411,0.04205262465717651,0.04179846304763314,1,
2025-05-13,2025-05-14,YESBANK,7,85.55555555555556,20.8700008392334,BULL,1,21.01521577555591,21.290000915527344,0.012906769758334161,0.012354531720447603,0.019727574365092135,21.401947700183026,21.290000915527344,0.005258185995381364,0.003636666608046402,0.019727574365092135,20.45749967747525,20.690000534057617,0.01123735382218325,0.011014135638269182,0.008699869527769438,20.842327557283713,20.959999084472656,0.005614099824847552,0.006727534300543326,0.004293809597822419,0,
2025-05-13,2025-05-14,BHARATFORG,8,84.46527777777779,1203.9000244140625,BULL,1,1207.0152595498344,1210.0,0.0024667276447649963,0.0025028621576358235,0.00504130213713843,1226.3190440818516,1263.0,0.02904272044192269,0.03049139784900715,0.04679332983843033,1185.4159704831513,1206.0999755859375,0.017149494669990044,0.016665067456790538,0.0018240205757455868,1204.293501578095,1246.199951171875,0.03362738824887046,0.034141560384479484,0.03394312984688805,1,
2025-05-13,2025-05-14,AIIL,9,83.03472222222223,387.1000061035156,BULL,1,388.99084056451375,394.9800109863281,0.015163224100527175,0.015336493481800035,0.019950389041548888,397.533472760906,429.0,0.07334854834287641,0.07471551123084368,0.09766898344168852,379.8382587537912,392.0,0.031024850117879605,0.030389248147563695,0.01249998442980708,387.58829409338216,427.1199951171875,0.09255408661671097,0.09335896747456827,0.09369729694506979,1,
2025-05-13,2025-05-14,PERSISTENT,10,81.86805555555554,5761.0,BULL,1,5771.834414201369,5799.0,0.004684529366896132,0.004820203961233696,0.00655285394033454,5859.720627385797,5817.5,0.007257520822655323,0.00568236312831053,0.009712075633863343,5673.957792337999,5640.0,0.006020885166311934,0.006796478114741774,0.021453900709219858,5759.067315892082,5758.5,9.851799810397697e-05,9.165734434014413e-05,0.0004341408352869671,1,
2025-06-11,2025-06-12,CRISIL,1,87.22222222222223,5838.5,NEUTRAL,1,5857.70231277704,5804.5,0.009165701227847338,0.008501951152502863,0.005857524334568007,5981.206554875914,5809.0,0.029644784795302765,0.02684845192610317,0.00507832673437769,5741.266952973591,5474.5,0.0487290077584421,0.049407974191797426,0.06649009041921637,5841.46845408631,5527.0,0.05689677113919124,0.055614069479182585,0.05635968880043423,0,
2025-06-11,2025-06-12,MCX,2,86.94444444444444,1535.199951171875,NEUTRAL,1,1537.8671562877844,1512.0,0.017107907597740994,0.017062823898247908,0.015343883050181879,1562.9539235663585,1536.9000244140625,0.01695224070428978,0.015397876941214831,0.0011061703527759697,1507.9161111538872,1495.4000244140625,0.008369724846519795,0.009071100037470043,0.026614903108221608,1533.7376373804266,1502.199951171875,0.020994333133847357,0.020631096320778055,0.021967781302520018,1,
2025-06-11,2025-06-12,NIACL,3,85.10416666666667,198.9199981689453,NEUTRAL,1,199.8860217523609,199.8000030517578,0.0004305240204666477,0.0006980209142288598,0.004404428775631883,203.03911096487195,199.8300018310547,0.01605919583852274,0.01485330797793675,0.004553889074568158,195.62964124703845,190.5,0.02692725064062178,0.027528122085134256,0.044199465453781166,198.84781732378605,191.3800048828125,0.039020860332542595,0.03830197213236836,0.03939802013668966,1,
2025-06-11,2025-06-12,ABCAPITAL,4,84.65277777777777,246.25,NEUTRAL,1,247.04543164730697,246.25,0.003230179278403937,0.0034852036787145517,0.0,249.96263570778873,250.97999572753903,0.004053550231368772,0.004887268583076722,0.01884610649477364,243.04815619081756,241.6999969482422,0.005577820685136679,0.00610935705773407,0.018825002520509563,246.2676332224913,242.97000122070312,0.01357217757427079,0.013066221692646377,0.01349960391331385,0,
2025-06-11,2025-06-12,TATAINVEST,5,83.26388888888889,717.4500122070312,NEUTRAL,1,718.9284927180003,717.4500122070312,0.002060743586052611,0.002040597723994363,0.0,730.2678990747917,717.7000122070312,0.01751133712414516,0.015979603766946727,0.0003483349529718049,706.4521675199345,686.5999755859375,0.02891376731706893,0.029596069480375103,0.04493160168665407,717.062823539317,688.4000244140625,0.041636836299724304,0.04133418464307473,0.04219928350190704,1,
2025-06-11,2025-06-12,JKCEMENT,6,81.66666666666666,5971.5,NEUTRAL,1,5989.771869616563,5971.5,0.0030598458706460655,0.002860983442070968,0.0,6078.612310960146,6028.0,0.008396202879918017,0.006931545735430235,0.009372926343729264,5883.867466955915,5924.5,0.0068583902513435725,0.006252576185435962,0.00793315891636425,5973.718444618303,6001.5,0.004629101954794171,0.005306497617348129,0.0049987503124218945,1,
2025-06-11,2025-06-12,OFSS,7,81.5625,9429.5,NEUTRAL,1,9442.924535586626,9545.0,0.010694129325654687,0.010907327356646167,0.012100576217915139,9571.457867300272,9569.5,0.00020459452429828963,0.0006553024127022421,0.01462981346987826,9316.8965080023,9313.5,0.00036468653055251346,0.0011785553749896068,0.01245503838513985,9432.520960931088,9407.0,0.002712975542796615,0.002647434141516782,0.002391835866907622,0,
2025-06-11,2025-06-12,GODREJPROP,8,81.49305555555556,2447.699951171875,NEUTRAL,1,2450.5346350253503,2446.0,0.0018538982115087188,0.0016637088039673663,0.0006949923024836468,2480.5686737689257,2460.699951171875,0.008074419064213205,0.007035914685375308,0.005283049643581667,2419.595863573416,2377.0,0.017920009917297416,0.01861259705956124,0.029743353458929322,2447.9463412261443,2388.699951171875,0.024802776098020844,0.02460456808274917,0.02469962791729247,0,
2025-06-11,2025-06-12,LAURUSLABS,9,81.18055555555554,676.4500122070312,NEUTRAL,1,677.3065817196854,678.5,0.0017589068243399136,0.0021238986210407973,0.0030213526793938838,684.1892527770044,681.0,0.0046831905682884175,0.0036382070510295487,0.006681333029322687,669.6234542764048,664.5999755859375,0.007558650127903486,0.008316281125548648,0.017830329606386596,676.4139094394577,666.75,0.014494052402636237,0.014013702889595515,0.014548199785573679,1,
2025-06-11,2025-06-12,OIL,10,81.00694444444444,465.2999877929688,NEUTRAL,1,467.3790401731663,475.0,0.016044125951228866,0.016313461539796927,0.020421078330591987,475.91303687226736,489.0,0.026762705782684346,0.028506529607929664,0.04846628263196563,458.81838479495116,465.6000061035156,0.014565337671101164,0.013743327843940573,0.0006443692152360408,465.82584386649717,468.3500061035156,0.005389478390356983,0.006308486029344228,0.006512262775273023,1,
2025-07-11,2025-07-14,GLENMARK,1,89.86111111111111,2181.10009765625,NEUTRAL,1,2186.7883016920246,2170.10009765625,0.0076900618795410144,0.00784025319965804,0.005068890606419589,2252.051565686822,2229.0,0.010341662488480018,0.003910809454544117,0.021489413343988337,2119.786045223677,2138.5,0.008750972539781686,0.008650998498685744,0.019920550692658405,2179.4070917629906,2219.199951171875,0.017931173523986113,0.01975733742543456,0.017168283324585473,0,
2025-07-11,2025-07-14,DABUR,2,88.50694444444444,530.8499755859375,NEUTRAL,1,531.9956991838153,533.5,0.002819682879446477,0.0029772186402014476,0.004967243512769447,537.5357458077381,536.5,0.0019305606854390811,0.0004861153788226125,0.01053126638222274,525.3045760166062,524.5499877929688,0.001438543973306329,0.0017617576838940307,0.012010271546236793,530.8198467415265,526.2000122070312,0.0087796169276362,0.008419225999342209,0.008836874327317083,1,
2025-07-11,2025-07-14,MANKIND,3,84.72222222222223,2578.300048828125,NEUTRAL,1,2586.1160256318262,2519.60009765625,0.02639939887184868,0.0262389954128234,0.02329732850323276,2624.6831236457992,2706.0,0.030050582540355048,0.031190762529315855,0.04719140841532705,2542.186461879733,2519.60009765625,0.008964265497724454,0.009454973405274354,0.02329732850323276,2579.0627419350244,2696.5,0.04355173671981294,0.04392043655821037,0.04383458229997218,1,
2025-07-11,2025-07-14,ITCHOTELS,4,84.20138888888889,232.3699951171875,NEUTRAL,1,233.05836001891683,233.8500061035156,0.0033852728840568797,0.0032789776795278565,0.006328890090654767,235.51110989311508,233.8500061035156,0.007103287347635042,0.006057269422283956,0.006328890090654767,229.7302798828712,229.1000061035156,0.0027510858252479684,0.003334682968323499,0.014273194790725606,232.40712313846473,231.4600067138672,0.004091922565993753,0.0036435137885851275,0.003931514632872399,0,
2025-07-11,2025-07-14,MEDANTA,5,81.77083333333333,1303.300048828125,NEUTRAL,1,1304.4159587506251,1304.9000244140625,0.0003709599619746628,0.0006450397459864802,0.0012261288650492093,1320.1701042274774,1332.300048828125,0.009104514115507957,0.010403508513612589,0.021766868525981104,1288.052153828813,1296.5999755859375,0.006592489524968294,0.005908951613012028,0.005167417374938417,1302.8567951747932,1327.4000244140625,0.018489700759274207,0.01895161989155434,0.018155774553775265,0,
2025-07-11,2025-07-14,PREMIERENE,6,81.04166666666666,1105.0,NEUTRAL,1,1106.452360225105,1101.9000244140625,0.004131351039277046,0.003968942555803143,0.0028133002243882496,1122.0760684655922,1125.0,0.002599050252806895,0.0037455423613181565,0.017777777777777778,1089.4805177383578,1095.0,0.005040623069992899,0.0044343226210034345,0.0091324200913242,1104.8769367990403,1108.800048828125,0.0035381600435813103,0.003817597633943238,0.003427172313115622,0,
2025-07-11,2025-07-14,PAYTM,7,80.9375,951.1500244140624,NEUTRAL,1,953.2932350961664,943.0,0.010915413675680198,0.010854913597054417,0.008642655794339753,964.5945549398393,979.8499755859376,0.01556913918069523,0.01663062403342393,0.029290148376758418,939.4908119777753,935.0999755859376,0.004695579624078507,0.0052984129396828165,0.017163992350729924,951.4209075579774,974.7000122070312,0.023883353193299442,0.02423887661143545,0.024161267567488987,1,
2025-07-11,2025-07-14,LAURUSLABS,8,80.69444444444444,790.2000122070312,NEUTRAL,1,790.6635097538472,788.2000122070312,0.0031254726067789567,0.002881558673257745,0.0025374270096746375,798.3038753253306,827.5,0.03528232589083911,0.036690827461514766,0.04507551394920695,782.8706924886892,788.2000122070312,0.006761379898256373,0.005912825803952467,0.0025374270096746375,790.3849171939079,823.8499755859375,0.04062033062297373,0.04080632451973542,0.0408447707423597,1,
2025-07-11,2025-07-14,CRISIL,9,79.93055555555556,5973.0,NEUTRAL,1,5986.597687058718,5980.0,0.00110329215028734,0.0011636622825536265,0.0011705685618729096,6065.628632225848,6100.0,0.005634650454778955,0.006690802527791675,0.02081967213114754,5896.733178309307,5975.0,0.013099049655346138,0.01222502444334739,0.00033472803347280337,5976.066355792879,5993.0,0.0028255705334758515,0.003165825795657819,0.0033372267645586516,1,
2025-07-11,2025-07-14,MOTILALOFS,10,79.375,934.4000244140624,NEUTRAL,1,936.2356139755589,933.5,0.00293049167172883,0.003004723699643654,0.0009641397044053415,949.8599503257569,940.5499877929688,0.009898423957916696,0.008624558885404233,0.00653868848942038,921.27893672946,918.0999755859376,0.0034625435443385063,0.004407437806256663,0.01775411094823521,934.6060753086091,936.4000244140624,0.001915793526998068,0.002116822945930602,0.0021358393291921033,1,
2025-08-12,2025-08-13,FORTIS,1,87.91666666666666,931.6500244140624,BEAR,1,932.9274112450692,933.0,7.780145223027669e-05,0.0002942436286920386,0.0014469191703511402,942.6062245201447,948.7000122070312,0.00642330305520935,0.007391242396373452,0.01797194853334534,921.9794028431255,928.5999755859376,0.007129628383453901,0.006531226787414838,0.0032845669915080723,931.8839149234326,945.7999877929688,0.01471354731353868,0.015029779248925096,0.014960841151970628,1,
2025-08-12,2025-08-13,JKCEMENT,2,85.24305555555556,7025.0,BEAR,1,7037.943381283454,7070.0,0.004534175207432239,0.0045216453475592526,0.006364922206506365,7113.4954989222915,7070.0,0.006152121488301488,0.004585712485644984,0.006364922206506365,6955.881194235776,6911.5,0.006421354877490573,0.00730651272571371,0.016421905519785864,7028.1931747780745,6940.0,0.012707950256206706,0.012421646516052714,0.012247838616714697,0,
2025-08-12,2025-08-13,PAYTM,3,84.72222222222223,1120.0,BEAR,1,1122.7217762041662,1150.0,0.023720194605072877,0.02367260173530588,0.02608695652173913,1138.8760250313642,1187.0,0.04054252314122647,0.041868319579801805,0.05644481887110362,1103.8841008606162,1150.0,0.040100781860333765,0.03939898257319288,0.02608695652173913,1120.336128923551,1155.0,0.03001200958999906,0.03025393350251572,0.030303030303030304,1,
2025-08-12,2025-08-13,HEROMOTOCO,4,83.64583333333333,4645.2001953125,BEAR,1,4656.0427386527135,4668.2998046875,0.0026255953018439384,0.002654135910826124,0.004948184637114648,4704.240531421394,4793.5,0.01862093847472748,0.019697043123912874,0.030937687428288306,4597.154784041278,4650.2001953125,0.01140712421901603,0.010679315055097437,0.0010752225259119178,4647.1143121391615,4768.7001953125,0.025496650700090995,0.025965234677471326,0.025898042431226245,1,
2025-08-12,2025-08-13,GVT&D,5,81.42361111111111,2799.5,BEAR,1,2806.4261058806956,2825.0,0.006574829776744935,0.006484551014629076,0.009026548672566371,2844.739162861848,2939.39990234375,0.03220410377180175,0.03341940574799226,0.047594715585381864,2767.4343832965533,2823.10009765625,0.019717938590243626,0.018761977294513597,0.008359638992553932,2801.1216315382644,2916.89990234375,0.03969223308364367,0.03991970602224201,0.04024817658275429,1,
2025-08-12,2025-08-13,INDIANB,6,81.25,671.4000244140625,BEAR,1,671.9012164458165,675.0,0.004590790450642156,0.004828011748666844,0.0053332971643518514,679.37413149868,676.0,0.004991318785029524,0.0038542315579675043,0.00680469761233358,665.3090668932015,666.2999877929688,0.00148719933651743,0.000543973223832626,0.0076542649174990264,671.5535049087797,670.7000122070312,0.0012725401613456287,0.0010562344510626582,0.0010437038829442732,0,
2025-08-12,2025-08-13,DALBHARAT,7,80.86805555555556,2253.39990234375,BEAR,1,2258.38301965918,2274.0,0.006867625479692257,0.0067811780713410395,0.009058969945580475,2279.5825131304614,2292.300048828125,0.005547936756431644,0.006556015994878945,0.01696991914486135,2230.9026461443973,2253.89990234375,0.010203317447877202,0.00945890506512001,0.00022183771314780566,2254.481889596757,2270.800048828125,0.007186083706396471,0.007473898098996758,0.007662562141195375,1,
2025-08-12,2025-08-13,MFSL,8,80.76388888888889,1588.4000244140625,BEAR,1,1592.0606248827503,1573.0999755859375,0.012053047861595991,0.011867033001253987,0.009726049879586415,1609.6291370730253,1600.0,0.006018210670640798,0.004400522153753883,0.007249984741210937,1570.2575892107898,1573.0999755859375,0.001806869505600884,0.0011253460392327988,0.009726049879586415,1589.4371896731968,1588.0,0.0009050312803506463,0.00046957931469165644,0.00025190454286051637,0,
2025-08-12,2025-08-13,MEDANTA,9,79.93055555555556,1380.300048828125,BEAR,1,1382.9760255462118,1381.0,0.0014308657105081524,0.0014633258402181081,0.0005068437160572049,1400.9837285716726,1394.0,0.005009848329750789,0.003624217194606042,0.009827798545104018,1363.0858727395926,1347.0,0.011941999064285494,0.012561485258086178,0.024721639813010392,1380.539427196058,1355.5999755859375,0.018397353245260213,0.018148547501645063,0.018220768432450928,0,
2025-08-12,2025-08-13,MCX,10,78.4375,1630.300048828125,BEAR,1,1634.81437944072,1644.699951171875,0.006010562427579249,0.005987555359448109,0.008755337004472967,1655.0907157882148,1673.0,0.01070489193770785,0.011943610045628108,0.025522983366332935,1609.1262729860202,1639.300048828125,0.01840649969093509,0.017612393726666408,0.0054901480704729845,1631.4467488370412,1667.800048828125,0.02179715728910507,0.02218665514267482,0.02248470973864599,1,
2025-09-12,2025-09-15,WAAREEENER,1,90.0,3634.199951171875,BULL,1,3645.480148271853,3640.0,0.0015055352395200736,0.0016907447069834083,0.0015934200077266484,3719.2812651282843,3728.0,0.002338716435546056,0.0037335108798501986,0.0251609573036816,3561.583856805709,3555.5,0.0017111114627222106,0.0024206137633692917,0.022134707121888624,3631.3968403225804,3581.10009765625,0.014045053557494377,0.013503674381637156,0.014827804883303226,1,
2025-09-12,2025-09-15,NLCINDIA,2,88.09655172413792,262.739990234375,BULL,1,263.5972660874091,263.0,0.0022709737163843424,0.002142713812047264,0.0009886302875475284,266.81808666738715,268.6499938964844,0.0068189364255228395,0.009141256169960749,0.02199889743673921,258.914587046331,259.6000061035156,0.002640289064212527,0.0017983685130892068,0.01209547017347644,262.4785712638503,261.9200134277344,0.002132551189220399,0.001203363773914144,0.0031306382277155103,1,
2025-09-12,2025-09-15,NATIONALUM,3,85.15172413793104,218.3000030517578,BULL,1,218.9303860640129,219.13999938964844,0.0009565269974415803,0.0008225462851645476,0.0038331493119932174,221.43778350004007,221.22999572753903,0.0009392386950860912,7.183961566660574e-05,0.013244102212024279,215.89675347740422,216.07000732421875,0.0008018412595069717,0.00013139544460902044,0.010320709269902948,218.39325111716005,216.7899932861328,0.007395442043817756,0.007038444014842526,0.006965311187735477,0,
2025-09-12,2025-09-15,ABCAPITAL,4,78.8551724137931,291.5,BULL,1,292.0768299596079,292.3999938964844,0.0011052118454930263,0.0009818609766525895,0.0030779545665893257,295.18767922093383,292.3999938964844,0.009533807738164158,0.0086648787223961,0.0030779545665893257,288.5888592516842,286.29998779296875,0.007994661391220851,0.008742390639117466,0.018162809740640013,291.8191599294597,290.70001220703125,0.0038498372047931968,0.003797039541502665,0.0027519358767656783,0,
2025-09-12,2025-09-15,NMDC,5,78.60000000000001,76.47000122070312,BULL,1,76.64427246356529,76.80000305175781,0.002027741953181622,0.0018399965121218104,0.004296898671114498,77.39660772764402,76.94000244140625,0.0059345629288938846,0.005191527359041682,0.006108671767473039,75.83828969182463,75.30000305175781,0.0071485606673458045,0.008145317594224976,0.015537823659065574,76.50414702203831,75.51000213623047,0.01316573775238765,0.012908933655816987,0.01271353539019487,0,
2025-09-12,2025-09-15,IDEA,6,78.53793103448275,7.659999847412109,BULL,1,7.700038758822515,7.75,0.006446611764836747,0.006467976633710771,0.011612922914566533,7.859405495013094,8.380000114440918,0.06212346209049614,0.06192903497938742,0.08591888510694183,7.528066786384199,7.650000095367432,0.01593899443963034,0.015739063528733655,0.00130715711372778,7.673380701404415,8.140000343322754,0.05732427791616826,0.05797670224351581,0.058968117403629984,1,
2025-09-12,2025-09-15,YESBANK,7,78.4896551724138,20.86000061035156,BULL,1,20.896752802871553,20.8700008392334,0.0012818381678195313,0.0014155686941504926,0.00047916763199357977,21.11491926224732,21.280000686645508,0.007757585482682198,0.008727883253500301,0.01973684505365286,20.665323212059707,20.8700008392334,0.009807264923004634,0.008975164400626416,0.00047916763199357977,20.860747357821886,21.01000022888184,0.007103896688910077,0.007337224444757902,0.007139439166882084,1,
2025-09-12,2025-09-15,ASHOKLEY,8,78.33793103448276,134.08999633789062,BULL,1,134.38514808000753,134.11000061035156,0.0020516551219426716,0.0021962465349761044,0.00014916316732455095,135.92572454250916,136.0,0.000546143069785601,0.0015630542968305943,0.01404414457433364,132.73484822645253,133.19000244140625,0.0034173301795227223,0.0022493695554966146,0.0067572181093720285,134.21731221347545,133.94000244140625,0.002070402919325874,0.0019540778051682826,0.0011198588453811007,0,
2025-09-12,2025-09-15,TIINDIA,9,77.08275862068965,3231.199951171875,BULL,1,3236.358988192183,3245.0,0.002662869586384282,0.0027628955561567288,0.004252711503274268,3275.6585568004293,3374.39990234375,0.029261897937686077,0.030496401276975227,0.04243716077410176,3194.466481148706,3240.0,0.014053555201016681,0.013366653491714765,0.002716064453125,3232.0490352161883,3354.10009765625,0.03638861658462356,0.036794452604791396,0.036641764677880106,1,
2025-09-12,2025-09-15,LTF,10,76.35172413793103,234.9600067138672,BULL,1,235.17453758856738,234.9600067138672,0.0009130527262941479,0.0006754576600791407,0.0,237.23868289346734,238.3500061035156,0.004662568414475334,0.005900817210731855,0.014222778698718092,232.95206781287925,233.8000030517578,0.0036267546099682897,0.003011281546222424,0.004961521158973542,235.14851712348928,237.1000061035156,0.008230657654113727,0.008353733996039482,0.009025724734541364,1,
2025-10-15,2025-10-16,TATACOMM,1,88.93835616438356,1955.0999755859373,NEUTRAL,1,1961.9786131579572,1938.0,0.012372865406582648,0.011915945159587299,0.008823516814209119,1998.6614903060613,2004.0,0.0026639269929833852,0.0067210305968436745,0.02440120978745645,1917.4685218388265,1908.300048828125,0.004804523804488618,0.0056563241843183044,0.02452440683348083,1954.1012404620203,1971.300048828125,0.008724602008876746,0.01021721179255156,0.008217964206827954,0,
2025-10-15,2025-10-16,MCX,2,88.5958904109589,1908.199951171875,NEUTRAL,1,1912.086339269001,1913.0,0.00047760623680032766,0.0004973714427323518,0.002509173459553058,1934.8281421051076,1917.0999755859373,0.009247387587990544,0.007841947036640142,0.004642441462314501,1885.7332447789029,1854.0999755859373,0.017061253227711615,0.01838899637293175,0.029178564423874134,1907.3802871670582,1866.0999755859373,0.022121168276720716,0.021508213177853223,0.022560407339761494,1,
2025-10-15,2025-10-16,360ONE,3,85.6164383561644,1160.4000244140625,NEUTRAL,1,1163.9401241090995,1174.0,0.008568889174531906,0.008785388550245946,0.011584306291258518,1179.9668291385642,1179.800048828125,0.00014136320014977778,0.001563076418257693,0.016443485006914695,1145.8084342502714,1158.0,0.010528122409092077,0.009985599209167582,0.0020725599430591536,1160.7643951203177,1171.800048828125,0.009417693503975956,0.00998203835608011,0.009728643061129118,1,
2025-10-15,2025-10-16,AUBANK,4,85.54794520547945,802.0999755859375,NEUTRAL,1,804.6613105741084,801.25,0.004257485895923082,0.004211568906625282,0.001060811963728549,813.4933840243737,814.0,0.0006223783484353145,0.0020336920066894412,0.014619194611870393,792.9644537573658,795.0,0.002560435525325981,0.0016336314750938158,0.008930786900550314,802.6265189455166,798.5,0.0051678383788561506,0.00451583331648833,0.004508422775125235,0,
2025-10-15,2025-10-16,LTF,5,84.45205479452055,271.54998779296875,NEUTRAL,1,272.63173373543594,265.0,0.028798995228060165,0.02901778720871476,0.024716935067806603,276.13095732292305,273.57000732421875,0.00936122356303927,0.008374651650287406,0.007383921764698402,268.0332670997967,264.9200134277344,0.011751674144134014,0.01260812765286243,0.02502632503845512,271.8627842702231,269.19000244140625,0.009928978805216215,0.009484598150953694,0.008766987370105584,0,
2025-10-15,2025-10-16,FEDERALBNK,6,83.69863013698631,216.3300018310547,NEUTRAL,1,216.57077887188873,216.5,0.0003269231957909207,0.00017063402037255701,0.0007852109420106813,218.64199033812343,216.7700042724609,0.008635816897016818,0.007998938847557667,0.0020298123943992595,214.37053505937362,214.0599975585937,0.0014507030940936433,0.0021266191052534637,0.010604523490380944,216.35365079792413,214.5,0.008641728661650966,0.008340298266266696,0.00853147706785402,0,
2025-10-15,2025-10-16,MAHABANK,7,83.21917808219177,59.29999923706055,NEUTRAL,1,59.67858454159518,59.70000076293945,0.0003587306711990788,0.00015830365130122917,0.006700192977672775,60.69466897380041,61.38999938964844,0.011326444417024588,0.013472459747853875,0.034044635500359785,58.40923544158562,57.41999816894531,0.017228096554961627,0.01836481405598332,0.032741224800874394,59.40044295355351,57.630001068115234,0.030720837283096988,0.03007480449570694,0.028977930556889527,0,
2025-10-15,2025-10-16,MOTILALOFS,8,82.43150684931507,1019.25,NEUTRAL,1,1022.0769304759026,1024.199951171875,0.002072857642243851,0.002064144524712507,0.004832992977798267,1034.681993757673,1024.199951171875,0.01023437130006157,0.009045464527307387,0.004832992977798267,1005.8038615876832,1003.0,0.002795475162196583,0.003238691231811156,0.016201395812562313,1019.7684357267333,1006.75,0.012931150461120722,0.012472089655908784,0.012416190712689347,0,
2025-10-15,2025-10-16,PHOENIXLTD,9,82.15753424657534,1676.300048828125,NEUTRAL,1,1682.0782732613623,1674.0999755859375,0.004765723548040994,0.004789747396019107,0.001314182709678059,1700.3491823012132,1716.4000244140625,0.009351457634899921,0.010592299150419787,0.023362837925632554,1656.5686221167393,1656.800048828125,0.00013968294577813224,0.0004241537626736103,0.011769676137921766,1677.4943043519324,1694.9000244140625,0.010269467113936307,0.010719423680632842,0.010974084204386997,1,
2025-10-15,2025-10-16,SRF,10,81.81506849315068,3088.60009765625,NEUTRAL,1,3096.4952653958953,3100.0,0.0011305595497111836,0.0010909456979249128,0.0036773878528225806,3124.699920037526,3205.800048828125,0.025297937349600078,0.02633985393037583,0.03655872150064919,3058.714077678235,3089.199951171875,0.00986853359300212,0.009414882998263116,0.00019417762692811388,3089.4735317820378,3190.0,0.03151299944136748,0.03187475927285295,0.03178680324255486,1,
2025-11-17,2025-11-18,IDEA,1,86.84931506849315,10.93000030517578,NEUTRAL,1,10.98196760397933,10.949999809265137,0.002919433358084995,0.003326208054548885,0.0018264387614358715,11.183330488213313,11.010000228881836,0.015742984171498095,0.013297213453160948,0.007266114626973188,10.743270881149941,10.710000038146973,0.0031065212777277584,0.00399920303247427,0.020541574812811197,10.912618871398545,10.739999771118164,0.01607254226807202,0.01486480319897164,0.017690925335823733,1,
2025-11-17,2025-11-18,IPCALAB,2,85.89041095890411,1464.800048828125,NEUTRAL,1,1469.078393715694,1450.0,0.013157512907375098,0.013129672847168,0.010206930226293104,1501.3829397091044,1471.0,0.02065461570979228,0.019536674964868873,0.004214786656611149,1437.0743775646636,1420.0,0.012024209552579974,0.012823867058591211,0.03154933016065141,1464.0017643436843,1422.9000244140625,0.02888589445807839,0.028300541908933156,0.029446920862424297,1,
2025-11-17,2025-11-18,BIOCON,3,85.51369863013699,420.9500122070313,NEUTRAL,1,422.005210709243,422.5,0.0011710989130343484,0.0013215281157280402,0.0036686101608726465,427.1758019592639,424.9500122070313,0.0052377684158017865,0.004119617090365815,0.009412871832207974,415.28709396547106,416.5,0.002912139338604902,0.0024943989970234418,0.01068430301808237,420.89062464556275,421.6000061035156,0.0016825935666108548,0.002268996383524503,0.0015417312312009902,0,
2025-11-17,2025-11-18,UPL,4,82.97945205479452,773.2000122070312,NEUTRAL,1,775.1433175413325,774.0,0.0014771544461660486,0.0015029714266055875,0.0010335759599079458,782.6685158844891,776.0,0.008593448304754028,0.007644257932820754,0.0036082316919700385,765.2765369632804,757.0999755859375,0.010799843667957896,0.011489101505764224,0.021265403698677382,773.4504691281127,759.6500244140625,0.018166845613800657,0.01799118521797954,0.017837145208308525,0,
2025-11-17,2025-11-18,INDUSINDBK,5,82.70547945205479,854.0499877929688,NEUTRAL,1,855.5848803603819,854.0499877929688,0.001797192891928541,0.0017362489144002187,0.0,865.6034191773872,858.5,0.008274221522873845,0.007172873029861612,0.005183473741445835,843.9674298991613,845.0499877929688,0.0012810578184076376,0.0006127133376804157,0.010650257535066595,854.1441410006604,847.9500122070312,0.007304827766329249,0.006928178723459849,0.007193791494926189,0,
2025-11-17,2025-11-18,BHARATFORG,6,80.95890410958904,1383.699951171875,NEUTRAL,1,1385.4766159031024,1388.0,0.0018180000698109825,0.0018727427817818696,0.0030980178876981266,1400.293471798373,1404.0,0.002639977351586148,0.003680458739238559,0.014458724236556269,1369.9905621110645,1371.5,0.0011005744724283692,0.00045175859988148576,0.008895334430823916,1383.764936832481,1396.5999755859375,0.00919020405114329,0.00942556112537756,0.00923673538562848,1,
2025-11-17,2025-11-18,MARICO,7,80.71917808219177,760.7000122070312,NEUTRAL,1,763.1213144520833,757.9500122070312,0.0068227484158144445,0.006790454683964184,0.0036282076069798224,769.4919271525765,765.2999877929688,0.005477511337347347,0.004314641200704752,0.006010682946962099,754.0114163954471,753.0499877929688,0.0012767128584598943,0.001838078139980402,0.010158720587039798,761.4314141616481,756.4500122070312,0.006585236134880978,0.006116032704675956,0.0056183487757507315,0,
2025-11-17,2025-11-18,MFSL,8,80.34246575342465,1698.300048828125,NEUTRAL,1,1701.7739354159357,1702.0,0.00013282290485561751,0.0001742852979381246,0.0021738843548031726,1719.4864588949954,1707.0999755859375,0.007255862858768077,0.006186433132056343,0.005154898297501324,1680.8129275120536,1677.5,0.0019749195302853338,0.002557070152410106,0.012399432982488823,1699.1849512120407,1679.800048828125,0.011540005846195285,0.011239565293752482,0.011013215538900663,0,
2025-11-17,2025-11-18,AIAENG,9,80.3082191780822,3760.39990234375,NEUTRAL,1,3767.4102503967065,3761.0,0.0017044005308977633,0.0014815368644374865,0.00015955800485243287,3808.424126713636,3769.5,0.010326071551568063,0.009033107484606477,0.002414139184573551,3717.939463486758,3676.10009765625,0.011381454454187298,0.012036971784845314,0.02293185779713848,3760.1110650339324,3711.60009765625,0.013070095403951366,0.012475603200059663,0.01314791556297119,1,
2025-11-17,2025-11-18,BHEL,10,80.20547945205479,285.5,NEUTRAL,1,286.11656304794866,284.95001220703125,0.004093878894343927,0.00404499430130307,0.0019301202646348889,289.6720700167657,290.20001220703125,0.0018192355894489417,0.0028558587760697043,0.016195768467708472,282.1294723284571,282.8999938964844,0.0027236535335847974,0.0019747190652306436,0.009190548460976604,285.37891252521564,289.1000061035156,0.012871302316637117,0.013521835002516946,0.01245245945178777,0,
2025-12-17,2025-12-18,NATIONALUM,1,87.73972602739727,279.45001220703125,NEUTRAL,1,279.9285556826959,279.45001220703125,0.0017124475031696216,0.0016792486942082026,0.0,282.9673582990138,282.6499938964844,0.0011228176521584448,0.0003436043695535437,0.011321357716445104,276.7730825583699,275.1499938964844,0.005898923125166902,0.006544926107787643,0.01562790625452315,279.6018666501777,279.25,0.0012600417195263245,0.0010201810515330716,0.0007162478318039391,0,
2025-12-17,2025-12-18,IDFCFIRSTB,2,85.68493150684932,83.94999694824219,NEUTRAL,1,84.0818095582861,83.88999938964844,0.0022864485639908956,0.0022737067797270042,0.0007151932176692013,84.87069660768549,84.44999694824219,0.004981642091723694,0.00426117578728873,0.005920663328222979,83.24526554071453,82.79000091552734,0.005499029111639956,0.006251680490820221,0.014011305953461893,83.99203769655503,83.79000091552734,0.0024112278174023348,0.0021767409157088064,0.0019094883753031976,0,
2025-12-17,2025-12-18,IDEA,3,84.93150684931507,11.130000114440918,NEUTRAL,1,11.164814227630794,11.170000076293944,0.00046426576792559193,0.00013502926068942423,0.003581017151281616,11.333648639065016,11.529999732971191,0.0170295835605867,0.01854114987891823,0.03469207526401188,10.973260464599145,10.93000030517578,0.003957928473513389,0.004791850035743049,0.01829824370365578,11.12880968847971,11.300000190734863,0.015149601713769636,0.015492577135064488,0.015044254285352348,0,
2025-12-17,2025-12-18,PHOENIXLTD,4,83.25342465753425,1781.5,NEUTRAL,1,1783.4059761481772,1781.5,0.0010698715398131688,0.0009632207468672985,0.0,1800.522058983172,1805.9000244140625,0.0029779973188911422,0.0037259516249891576,0.013511281955920714,1765.9507523789357,1760.0,0.003381109306213468,0.003963695541053689,0.012215909090909092,1782.4578010119435,1798.0,0.008644159615159342,0.008803331979545097,0.00917686318131257,1,
2025-12-17,2025-12-18,LUPIN,5,81.43835616438356,2113.10009765625,NEUTRAL,1,2115.9335794963595,2116.10009765625,7.86910600660911e-05,0.0001957208723199902,0.0014177023115885395,2131.111334980101,2127.10009765625,0.0018857774151160116,0.0008762910367975732,0.0065817306930811255,2096.6278658722995,2098.0,0.0006540200799335173,0.00017182964735661937,0.007197377338536702,2114.3168811430082,2119.10009765625,0.0022571923424155676,0.0025098598590066485,0.0028313905542433184,1,
2025-12-17,2025-12-18,SRF,6,80.3082191780822,3033.300048828125,NEUTRAL,1,3036.2312388442538,3033.300048828125,0.0009663369824759647,0.0007742204535425598,0.0,3063.776389714095,3053.800048828125,0.0032668611980009067,0.0022882972391451836,0.006712947695402237,3006.3543419782523,3016.10009765625,0.003231244110754473,0.00267862089452481,0.005702712315562979,3034.6154298936626,3050.699951171875,0.005272403558414121,0.005506014542040808,0.005703577087961771,1,
2025-12-17,2025-12-18,AUBANK,7,80.1027397260274,990.2999877929688,NEUTRAL,1,992.0143616315172,991.0,0.0010235737956783087,0.0009864765858185146,0.0007063695328266902,1000.3537883465989,993.0499877929688,0.007354917318777348,0.006419736609721371,0.002769246295558407,981.7694661762514,982.1500244140624,0.00038747465086917194,0.00019779855608567458,0.008298083975275084,990.6240638463933,987.6500244140624,0.0030112280249223514,0.002713099844519347,0.0026830995933792364,0,
2025-12-17,2025-12-18,ASHOKLEY,8,80.0,166.13999938964844,NEUTRAL,1,166.29777500913679,166.13999938964844,0.0009496546290355779,0.0007729319326035204,0.0,168.0683306687041,172.0500030517578,0.02314253015070217,0.02413673961973369,0.03435050018761969,164.57782522331172,165.6300048828125,0.006352590886205819,0.005675320565679015,0.0030791190714313616,166.15763608836423,171.57000732421875,0.03154613863031825,0.03179113425531754,0.031648934561791645,1,
2025-12-17,2025-12-18,APLAPOLLO,9,79.8972602739726,1764.5,NEUTRAL,1,1768.701784590006,1764.5,0.0023812890847298954,0.002345099320139214,0.0,1785.2265391987733,1798.0,0.007104260734831338,0.008182066438237223,0.018631813125695215,1746.961290340439,1753.4000244140625,0.0036721421147322512,0.003154385283948499,0.0063305437614823825,1765.233663909817,1795.699951171875,0.016966246082579434,0.017362036097168555,0.017374813176062008,1,
2025-12-17,2025-12-18,NMDC,10,78.42465753424658,77.27999877929688,NEUTRAL,1,77.36682209032686,77.11000061035156,0.003330585889540559,0.0031878111354751485,0.002204618954736349,78.10767960888737,77.44999694824219,0.008491706734148629,0.007685659801248317,0.0021949409379437143,76.64021554507934,76.25,0.0051175809190733505,0.005832206119774009,0.013508180712090164,77.29548235239541,76.51000213623047,0.010266372947766344,0.00993727355783941,0.010063999759082254,0,
2026-01-19,2026-01-20,BANKINDIA,1,89.12162162162161,163.0500030517578,BEAR,1,163.76258934724146,163.0500030517578,0.004370354382989165,0.004466924877669213,0.0,166.17498687659105,165.3300018310547,0.0051108996321177335,0.003984195299347256,0.013790593080781134,160.87785673900848,159.10000610351562,0.011174422170267715,0.011883301597772492,0.02482713260031047,163.06770069569575,159.75,0.020768079472273857,0.01985994341925173,0.020657296098640456,0,
2026-01-19,2026-01-20,MCX,2,87.0945945945946,2429.0,BEAR,1,2433.078938669351,2450.0,0.00690655564516289,0.007040718397661758,0.008571428571428572,2464.617918218363,2454.0,0.0043267800400826305,0.0030845895914960305,0.010187449062754686,2397.373531377902,2342.0,0.02364369401276774,0.024269581170497455,0.037147736976942784,2429.105798742266,2373.0,0.023643404442589954,0.023494560336543634,0.02359882005899705,0,
2026-01-19,2026-01-20,INDUSINDBK,3,86.45270270270271,949.7999877929688,BEAR,1,950.9164005057571,946.0,0.005197040703760159,0.005091195944633495,0.00401690041540037,961.6718256440221,948.0,0.014421757008462108,0.01339283923044208,0.0018987213005999472,939.4247100152307,899.0499877929688,0.04490820618481494,0.04555622809288801,0.05644847415501728,949.7918393327367,905.1500244140624,0.049319796403444416,0.049086263493489456,0.04932879873456333,1,
2026-01-19,2026-01-20,MAHABANK,4,83.91891891891892,66.7699966430664,BEAR,1,66.88223096535084,66.3499984741211,0.008021590105044824,0.008046412419976199,0.006330040370824228,67.6211078167471,66.98999786376953,0.009420957950483727,0.008495426468552723,0.00328409057648454,66.10698568184952,63.59999847412109,0.03941803880307532,0.04027711223468736,0.04984273970124693,66.76566506319031,63.91999816894531,0.04451919549064582,0.044112860105672266,0.04458696113520429,1,
2026-01-19,2026-01-20,FEDERALBNK,5,83.68243243243242,279.70001220703125,BEAR,1,280.70167728658146,278.0,0.00971826362079661,0.009669720784347564,0.006115151823853417,284.49855094799153,279.79998779296875,0.01679257812727058,0.015234745257791666,0.000357310901712671,276.20134552708004,269.6499938964844,0.024295760351882863,0.02516634061213682,0.037270604628327805,279.857713751599,273.25,0.024181935047022953,0.023425448969112816,0.02360480222152333,0,
2026-01-19,2026-01-20,NATIONALUM,6,83.3108108108108,368.6499938964844,BEAR,1,369.7847189371882,367.5,0.0062169222780630974,0.0062278634226042885,0.0031292350924744896,374.6298803733865,370.7999877929688,0.010328728981933218,0.00883439413950901,0.005798257732642785,364.0808691752115,357.20001220703125,0.019263316721815034,0.020519265161107,0.03205481886382685,368.7284641386482,358.95001220703125,0.027241820863839448,0.026625308448664852,0.02702321036239017,0,
2026-01-19,2026-01-20,DALBHARAT,7,82.56756756756756,2157.10009765625,BEAR,1,2159.7786574943625,2143.89990234375,0.007406481586781904,0.007304186004517496,0.006157094973542985,2182.101317776584,2215.60009765625,0.015119506410521628,0.016133175589247917,0.026403681811480163,2134.401685180761,2130.0,0.002066518864207032,0.0028197076525410805,0.012723050542840376,2157.527874439915,2191.39990234375,0.01545679903864554,0.015692326544715373,0.015652006122121122,1,
2026-01-19,2026-01-20,INDIANB,8,81.01351351351352,858.7000122070312,BEAR,1,860.0724527830273,862.0,0.0022361336623813203,0.002280522268950698,0.003828292103212007,869.7392025977911,869.3499755859375,0.0004477218873690385,0.0006497327043515139,0.012250490226019997,849.180458610285,844.0,0.006137984135408735,0.006773700641301983,0.017417076074681577,859.1715496186007,846.5999755859375,0.014849485465626576,0.014584648999825083,0.01429250764237175,0,
2026-01-19,2026-01-20,BALKRISIND,9,79.12162162162163,2431.60009765625,BEAR,1,2434.3890522369193,2403.0,0.013062443710744599,0.012941239609946285,0.011901830069184353,2459.6435300527323,2428.39990234375,0.012865931875070413,0.011860344632160064,0.0013178205572366224,2406.884882911387,2385.0,0.009176051535172827,0.00973148143447603,0.019538825013102726,2431.474159943243,2412.10009765625,0.008032030804118896,0.007768347441164398,0.008084241619552788,1,
2026-01-19,2026-01-20,AIIL,10,78.64864864864865,623.9000244140625,BEAR,1,625.5398302751206,623.9000244140625,0.0026283151096173395,0.0029009798491901623,0.0,635.5897957610998,624.4000244140625,0.01792083745918782,0.016760493557958174,0.0008007687066783837,614.566803990182,604.0,0.017494708593016644,0.018589331583136047,0.03294706028818295,623.8680566872023,610.0999755859375,0.022566926163276723,0.022250588391443945,0.02261932368522305,1,
2026-02-18,2026-02-19,APARINDS,1,89.39597315436242,10182.0,NEUTRAL,1,10223.097368730798,10200.0,0.0022644479147841006,0.0019500417225154867,0.0017647058823529412,10472.389412055272,10341.0,0.012705677599388092,0.009865859162390408,0.015375689004931825,9992.187300294252,9950.0,0.004239929677814277,0.00488646502020783,0.023316582914572864,10187.678872129965,10063.5,0.012339531189940417,0.011164009731757265,0.01177522730660307,0,
2026-02-18,2026-02-19,BHARATFORG,2,87.68456375838926,1771.4000244140625,NEUTRAL,1,1774.6466555880163,1779.800048828125,0.0028954899981612266,0.0031651792661422477,0.004719645007085675,1798.5707695068506,1801.300048828125,0.0015151719576369045,0.0031031979186577296,0.016599135959339262,1749.4747242425597,1751.800048828125,0.0013273915519758533,0.0006244909480521082,0.011188477588551843,1771.071444522309,1758.199951171875,0.0073208359162193065,0.006820582897199437,0.007507720173345125,1,
2026-02-18,2026-02-19,TORNTPOWER,3,85.73825503355704,1527.9000244140625,NEUTRAL,1,1533.2572669752371,1521.0,0.008058689661562882,0.00809421785691497,0.0045365052031969095,1555.0021730694102,1544.9000244140625,0.006539030678816373,0.005096251010762774,0.01100394830173404,1505.3658740075016,1485.9000244140625,0.01310037638710928,0.013795937376100497,0.028265697092616934,1528.815684161059,1492.5999755859375,0.02426350607496461,0.023786286039851154,0.023650039800025828,0,
2026-02-18,2026-02-19,POWERINDIA,4,84.56375838926175,23569.0,NEUTRAL,1,23624.247751110983,23583.0,0.0017490459700200479,0.0013015875370582972,0.0005936479667557139,24012.367010396603,23599.0,0.017516293503818097,0.015505834653646257,0.0012712403067926608,23209.143315523103,22770.0,0.019286048112564888,0.020745381363195745,0.03509003074220465,23575.20997682862,22851.0,0.0316927039004254,0.03115192403124107,0.0314209443788018,0,
2026-02-18,2026-02-19,MFSL,5,84.26174496644296,1836.4000244140625,NEUTRAL,1,1837.938788237097,1836.4000244140625,0.000837924092015565,0.0006585927733748232,0.0,1858.8199687026338,1852.199951171875,0.003574137622976582,0.002672770445881479,0.00853035696703047,1816.6511968390598,1824.4000244140625,0.004247329243207694,0.0036547169109935993,0.0065775048451087404,1836.5347181529796,1832.0,0.0024752828345958634,0.0023459540799954473,0.0024017600513441596,0,
2026-02-18,2026-02-19,VOLTAS,6,84.09395973154363,1543.4000244140625,NEUTRAL,1,1546.2638744273543,1551.0,0.0030535948244008594,0.0030911939774069504,0.004900048733679884,1565.644821810308,1551.300048828125,0.009246936460176923,0.008155189991510162,0.005092518639466488,1525.6687886578936,1504.0,0.014407439267216509,0.015274854582055027,0.02619682474339262,1543.8957498694772,1512.699951171875,0.020622595163988126,0.020293001871686357,0.02029488611961971,0,
2026-02-18,2026-02-19,BLUESTARCO,7,82.5503355704698,2016.699951171875,NEUTRAL,1,2020.205163386621,2016.699951171875,0.001738093072650309,0.0016301473593736417,0.0,2046.7321018698137,2017.699951171875,0.01438873539203732,0.013215736960856709,0.0004956138297070397,1990.6890825575717,1957.0999755859373,0.017162693470259845,0.017942343158008203,0.03045320950867319,2017.2037104402243,1969.0999755859373,0.024429300416792196,0.02412663687032432,0.02417346817130176,0,
2026-02-18,2026-02-19,ASTRAL,8,80.43624161073825,1636.5999755859375,NEUTRAL,1,1637.4105460843186,1630.0,0.00454634729099303,0.004220590020138374,0.004049064776648773,1655.561986241453,1645.0,0.0064206603291507855,0.005327180832078479,0.005106397820098784,1620.5431658929049,1613.0999755859375,0.0046142151259184905,0.0052803369269364565,0.01456822289732162,1637.2604366912014,1621.0,0.010031114553486396,0.00996421100952289,0.009623674019702344,0,
2026-02-18,2026-02-19,INDUSTOWER,9,79.83221476510067,477.75,NEUTRAL,1,478.5357395074776,479.0,0.0009692285856417223,0.0011008719223923199,0.0026096033402922755,484.12517277371,481.5,0.0054520722195431056,0.00428050861913743,0.00778816199376947,472.2625010971903,469.2000122070313,0.006527043500603504,0.007189120483903907,0.018222479903082504,477.93023104007676,472.8999938964844,0.010636999806545743,0.0103126643981969,0.010255881087148562,0,
2026-02-18,2026-02-19,LINDEINDIA,10,79.39597315436241,6799.5,NEUTRAL,1,6810.069391775498,6816.0,0.0008701009719046459,0.000924743732879049,0.0024207746478873238,6890.498808284543,6980.0,0.012822520303074073,0.014411438822542076,0.025859598853868196,6727.519376698623,6765.0,0.00554037299355165,0.004646867448459492,0.005099778270509978,6799.795696347684,6789.5,0.0015164145147188435,0.0012955371378556,0.0014728625082848516,0,
2026-03-23,2026-03-24,PREMIERENE,1,85.1,866.5499877929688,BEAR,1,868.5255071447646,880.0,0.013039196426403908,0.013073613781086056,0.015284104780717329,882.0018364069479,904.8499755859376,0.025250748516840477,0.026651846873922056,0.04232744524103857,852.6286950947422,868.4000244140625,0.018161364435660576,0.017634554182578956,0.0021303967861378507,866.1441591231576,889.3499755859375,0.026093008489139553,0.02659409292965208,0.025636687939353968,0,
2026-03-23,2026-03-24,AUROPHARMA,2,83.46666666666667,1278.699951171875,BEAR,1,1280.375001864485,1303.0,0.017363774470847998,0.017361271847969092,0.018649308386895627,1295.6943525381935,1310.0,0.010920341573898115,0.01186691706439794,0.02389316704437023,1264.441882790606,1255.4000244140625,0.00720237231217494,0.008018585865492138,0.018559762868164163,1279.1163032467416,1281.5999755859375,0.00193794661868683,0.0019941095687983053,0.0022628155971496735,1,
2026-03-23,2026-03-24,LUPIN,3,82.16666666666667,2296.699951171875,BEAR,1,2298.617542576199,2325.0,0.011347293515613352,0.011498827819049174,0.012172064012096775,2321.306461196381,2348.89990234375,0.011747389116001114,0.012524291350599149,0.022223148427819122,2275.02108244054,2280.5,0.002402507151703624,0.0018074487780481367,0.007103683916630125,2296.953545522207,2331.800048828125,0.014944035756166311,0.015024480200343571,0.015052790514302455,1,
2026-03-23,2026-03-24,WAAREEENER,4,80.93333333333334,3064.60009765625,BEAR,1,3068.9853947047573,3135.0,0.021057290365308692,0.021105818556412543,0.022456109200558214,3119.5280031745383,3137.0,0.0055696515223021045,0.0068122664655004585,0.0230793440687759,3014.3213649928402,3016.300048828125,0.0006559970172906047,3.5472481926768933e-05,0.016013011983635465,3063.7365553675345,3086.699951171875,0.007439464854892159,0.007562943324171558,0.00715970255133957,0,
2026-03-23,2026-03-24,LLOYDSME,5,77.8,1209.5999755859375,BEAR,1,1212.1394325628362,1245.0,0.026394030070011093,0.02638281443041176,0.02843375454944779,1232.6761491515003,1267.0,0.02709064786779768,0.028581848705606514,0.04530388667250394,1190.4729884023227,1221.0,0.02500164750014521,0.023880222993777702,0.00933662933174652,1209.1773732934762,1258.800048828125,0.03942061773896882,0.03966166598874443,0.03908489937539335,0,
2026-03-23,2026-03-24,NTPCGREEN,6,77.36666666666667,96.87999725341795,BEAR,1,97.15561237577948,99.0,0.01863017802242946,0.018230742631359643,0.0214141691573944,99.28511609099147,99.0,0.0028799605150653072,0.0018237576922978396,0.0214141691573944,94.68556011570247,95.20999908447266,0.005508234154113255,0.005286752838654007,0.01754015528834986,96.96772735549864,95.6999969482422,0.01324692212834728,0.013458006394665082,0.012330202119169732,0,
2026-03-23,2026-03-24,IPCALAB,7,76.76666666666667,1529.9000244140625,BEAR,1,1532.372954435009,1550.0,0.01137228746128453,0.011305018311625703,0.012967726184475807,1553.744625467326,1550.9000244140625,0.0018341614601096777,0.0007696665433560032,0.013540524643381768,1508.8016932405928,1504.199951171875,0.0030592622112058754,0.003861035055660464,0.017085543196677662,1529.9579051380283,1530.800048828125,0.0005501330436599986,0.0007560032774505506,0.0005879438106573727,1,
2026-03-23,2026-03-24,APARINDS,8,71.83333333333333,9805.0,BEAR,1,9840.52659251258,9925.0,0.008511174557926401,0.00820360724257488,0.012090680100755667,10026.496364185217,9955.0,0.0071819552169982235,0.0064444148207139194,0.015067805123053743,9637.856824507946,9685.0,0.004867648476205893,0.0039234573244433845,0.0123902942694889,9817.417186454688,9859.0,0.0042177516528362,0.004336090896311722,0.005477228927883152,1,
2026-03-23,2026-03-24,FLUOROCHEM,9,70.4,3248.199951171875,BEAR,1,3255.396184434459,3284.0,0.008710053460883382,0.008757014595412511,0.010901354697967418,3308.7655452937142,3300.0,0.002656225846580073,0.0011363992493837335,0.015696984493371213,3193.4813290827165,3181.0,0.003923712380608757,0.00463373178002242,0.021125416904078907,3250.1153676782105,3199.10009765625,0.015946756420449532,0.015580479048295993,0.015348020385981959,0,
2026-03-23,2026-03-24,LENSKART,10,69.69999999999999,501.5,BEAR,1,502.71038728390727,511.0,0.016222334082373255,0.01584224881568324,0.018590998043052837,512.274853386366,515.75,0.006738044815577361,0.007708605153351077,0.027629665535627727,491.74771677847906,500.0,0.016504566443041883,0.015675425775420422,0.003,501.8975413045717,502.0,0.0002041009869089858,7.813637022313723e-05,0.00099601593625498,1,
2026-04-27,2026-04-28,OFSS,1,89.0,9360.0,NEUTRAL,1,9403.19860133816,9400.0,0.00034027673810205087,0.0004441043567549833,0.00425531914893617,9607.17642066028,9624.5,0.00179994590261518,0.0049913395309971065,0.027481947114135798,9182.470179256243,9380.0,0.021058616283982645,0.020821369512439538,0.0021321961620469083,9338.68985709509,9570.0,0.024170338861537022,0.02697505707684241,0.0219435736677116,0,
2026-04-27,2026-04-28,SUZLON,2,88.03333333333333,56.93000030517578,NEUTRAL,1,57.334722120129314,57.150001525878906,0.0032322062872870015,0.0033712034111348494,0.0038495400670025023,58.380664722130454,57.869998931884766,0.008824361494230581,0.006823838280274124,0.016243280526329354,55.936025712723534,56.900001525878906,0.016941577984263188,0.015584719634504352,0.0005272193056661191,57.055035714044,57.31999969482422,0.004622539814914571,0.005551802502072548,0.006803897273636116,1,
2026-04-27,2026-04-28,TORNTPOWER,3,87.76666666666668,1772.5,NEUTRAL,1,1778.6871337929047,1774.0,0.002642127278976697,0.0021418033856347805,0.0008455467869222097,1810.1944245891593,1816.5999755859373,0.0035261208206896853,0.005805167067527589,0.02427610711142556,1737.625172037514,1740.300048828125,0.001537020465184867,0.0010851357298655693,0.018502528453962667,1770.91473629436,1754.9000244140625,0.009125711811215315,0.007957438753723784,0.010029047433521973,1,
2026-04-27,2026-04-28,LLOYDSME,4,85.96666666666667,1730.4000244140625,NEUTRAL,1,1735.4051153779326,1734.300048828125,0.0006371830240991387,0.0006698656028754713,0.002248759905587136,1754.5406936882614,1761.0,0.0036679763269384445,0.005478427212744873,0.01737647676657439,1708.182084545487,1710.0,0.0010631084529315867,0.0002937076050198141,0.011929838838633041,1730.5323143799005,1751.9000244140625,0.012196877525193587,0.012370913406777017,0.012272389805571727,1,
2026-04-27,2026-04-28,HUDCO,5,85.80000000000001,214.9199981689453,NEUTRAL,1,215.5186148087399,214.6000061035156,0.004280562344351454,0.004301783842786903,0.0014911093025568828,218.5133861374357,218.4499969482422,0.0002901771118290925,0.001315438948234341,0.016159298826327037,212.09947411202756,212.8000030517578,0.0032919592560337655,0.002326206029983584,0.009962382926619925,214.8584605631399,215.0500030517578,0.0008906881464764573,0.0015623247346627338,0.0006045332758317175,0,
2026-04-27,2026-04-28,COCHINSHIP,6,85.63333333333333,1679.300048828125,NEUTRAL,1,1683.2488109107608,1682.0,0.0007424559517008127,0.0006425553711426224,0.0016052028370243758,1712.0828066951913,1709.9000244140625,0.0012765555002999358,0.0003972282826162059,0.017895768845563532,1651.3717395724059,1675.199951171875,0.014224099984482597,0.013281764670517966,0.002447527325548096,1677.7546751413183,1695.5999755859375,0.010524475525810553,0.01126923592669325,0.009613073243988364,0,
2026-04-27,2026-04-28,BHEL,7,85.56666666666666,348.5799865722656,NEUTRAL,1,350.07398632549746,349.69000244140625,0.0010980693797660057,0.0008113405186357286,0.0031742853996136714,356.54802643101453,356.0,0.0015394000871194787,0.00010226495987409267,0.02084273434756847,342.7427236962637,347.2799987792969,0.013065178239408828,0.011576276634979722,0.0037433419648072426,349.19880487994527,354.7099914550781,0.015537161929172249,0.01604575303765297,0.017281737279703405,1,
2026-04-27,2026-04-28,SAIL,8,84.96666666666667,184.1999969482422,NEUTRAL,1,184.89783276134375,184.1999969482422,0.0037884681034910405,0.003836588613968338,0.0,187.07330376167508,189.1000061035156,0.01071762176851056,0.01163248648034943,0.025912263337480198,181.81525698855532,183.9100036621093,0.01139006379121479,0.010494750043752419,0.0015768217082181737,184.29591601724223,185.6300048828125,0.007186816950268739,0.007649608113342362,0.007703538743497157,1,
2026-04-27,2026-04-28,POWERINDIA,9,82.93333333333334,32065.0,NEUTRAL,1,32117.33010516452,32200.0,0.002567388038368906,0.00265864922049439,0.004192546583850931,32523.429115896713,32940.0,0.01264635349433171,0.013955263756829147,0.026563448694596235,31677.793567465822,31865.0,0.0058749861143630325,0.005061081484476175,0.006276478895339714,32061.11293457787,32805.0,0.02267602699046268,0.022991516333269253,0.02255753696082914,0,
2026-04-27,2026-04-28,NTPCGREEN,10,81.1,118.86000061035156,NEUTRAL,1,119.55874199228957,118.0,0.01320967790075906,0.013259950707563074,0.007288140765691208,122.058266372686,119.8499984741211,0.018425264302708674,0.016828339808484683,0.008260307687724327,116.68632098475278,115.29000091552734,0.012111371828754852,0.013076755919967114,0.030965388728203303,118.9979775427473,115.80999755859376,0.027527675082978726,0.026888560011328177,0.026336267300365472,0,
2026-05-27,2026-05-28,ATGL,1,89.26666666666668,808.5499877929688,NEUTRAL,1,812.111263037398,808.5499877929688,0.004404520806623399,0.004857943361576048,0.0,843.6427277174031,808.5499877929688,0.043402065987563805,0.044614966818354626,0.0,773.9634041475791,808.5499877929688,0.04277606105690228,0.04111876211730709,0.0,803.1061988492945,808.5499877929688,0.00673277969929069,0.005593661175977708,0.0,0,
2026-05-27,2026-05-28,TATACOMM,2,86.7,1966.5999755859373,NEUTRAL,1,1972.2113406185092,1966.5999755859373,0.0028533332158209067,0.002871090707314638,0.0,2010.2490134796187,1966.5999755859373,0.02219517870210309,0.020608746571165557,0.0,1927.655628346842,1966.5999755859373,0.019802881990523824,0.019201601790787656,0.0,1964.9950331728562,1966.5999755859373,0.0008161000879718198,0.0014506123849320962,0.0,0,
2026-05-27,2026-05-28,AIAENG,3,85.8,4428.10009765625,NEUTRAL,1,4434.8060090212,4428.10009765625,0.0015143992269957037,0.000612020752243906,0.0,4538.877190835584,4428.10009765625,0.025016844862645965,0.021604716458684947,0.0,4344.423658955197,4428.10009765625,0.018896690873212576,0.01769509242627072,0.0,4423.545747159052,4428.10009765625,0.0010285111891686753,0.0023393428614349745,0.0,0,
2026-05-27,2026-05-28,EXIDEIND,4,84.63333333333334,394.1499938964844,NEUTRAL,1,395.74909587611205,394.1499938964844,0.004057089951516397,0.003711376515355515,0.0,403.49537551491625,394.1499938964844,0.02371021632157186,0.0211541222531349,0.0,386.7562006951122,394.1499938964844,0.018758831195907565,0.018798793695067432,0.0,394.7075918106773,394.1499938964844,0.0014146845688886476,0.0007499823580117423,0.0,0,
2026-05-27,2026-05-28,GVT&D,5,83.23333333333333,5097.7001953125,NEUTRAL,1,5120.927177627341,5097.7001953125,0.00455636491455476,0.004252686755529644,0.0,5229.107883368507,5097.7001953125,0.025777837656447613,0.023602119495294033,0.0,5003.183780052955,5097.7001953125,0.0185409913565447,0.018274665915152095,0.0,5108.3283751937415,5097.7001953125,0.0020848970072846725,0.0014207634997792078,0.0,0,
2026-05-27,2026-05-28,IDEA,6,82.73333333333333,14.18000030517578,NEUTRAL,1,14.230408922168788,14.18000030517578,0.003554909443451088,0.0037405976969571634,0.0,14.433949635778221,14.18000030517578,0.01790897920571616,0.016491747590409778,0.0,14.007351150135527,14.18000030517578,0.012175539585653927,0.010935867947888315,0.0,14.186659092720054,14.18000030517578,0.00046959008469445965,0.0003153673403939068,0.0,0,
2026-05-27,2026-05-28,POWERINDIA,7,82.46666666666667,37550.0,NEUTRAL,1,37654.44588849275,37550.0,0.002781515006464759,0.0024727056037603065,0.0,38359.11240123636,37550.0,0.021547600565548813,0.019735381334776345,0.0,36974.59321603029,37550.0,0.015323749240205301,0.014237564026587402,0.0,37547.47187364308,37550.0,6.732693360637893e-05,0.0010035081551090232,0.0,0,
2026-05-27,2026-05-28,HONAUT,8,82.3,36180.0,NEUTRAL,1,36252.92791559212,36180.0,0.0020156969483725163,0.0018820340334465668,0.0,36841.58613236128,36180.0,0.01828596275183187,0.016264068724553025,0.0,35741.4664956193,36180.0,0.0121208818236788,0.010774142181902173,0.0,36178.63966814122,36180.0,3.759900107179379e-05,0.001036960718707887,0.0,0,
2026-05-27,2026-05-28,JSWENERGY,9,82.06666666666666,602.0499877929688,NEUTRAL,1,604.2833344244257,602.0499877929688,0.003709570096735758,0.003344411536968216,0.0,614.1645217052362,602.0499877929688,0.02012213961946524,0.018233528999367095,0.0,592.8973776480098,602.0499877929688,0.015202408986853717,0.014553811260507938,0.0,602.8426106747536,602.0499877929688,0.001316539984811696,0.0006785612821945291,0.0,0,
2026-05-27,2026-05-28,TIINDIA,10,81.73333333333333,3210.5,NEUTRAL,1,3224.1329144369943,3210.5,0.004246352417690164,0.004045504564180322,0.0,3282.943851736835,3210.5,0.022564663366090906,0.02120812517861091,0.0,3162.473522035266,3210.5,0.014959189523355898,0.014068786849657908,0.0,3218.2036045105897,3210.5,0.002399503040208592,0.002038926492304702,0.0,0,
2026-06-26,2026-06-29,JSWINFRA,1,84.16666666666666,329.8999938964844,NEUTRAL,1,331.55845487516046,322.0,0.029684642469442437,0.03117886751226953,0.02453414253566576,336.8469928820294,326.8999938964844,0.030428262989490324,0.030892904129105635,0.009177118556172183,325.0409206001053,318.1000061035156,0.021819913119809863,0.02365828416798127,0.03709521397848957,328.9083829375476,321.1000061035156,0.024317585442569865,0.023287426372740727,0.0274057540507546,1,
2026-06-26,2026-06-29,PRESTIGE,2,82.66666666666666,1556.300048828125,NEUTRAL,1,1562.9854525308822,1572.0,0.005734444954909552,0.005750810015579208,0.009987246292541349,1584.5761031964487,1572.0,0.008000065646595856,0.006679593810967458,0.009987246292541349,1538.59981181073,1523.199951171875,0.010110202949394197,0.010870018611488709,0.021730632036053056,1556.6953291971904,1539.4000244140625,0.011235094523082762,0.010779852522082767,0.010978318920382705,0,
2026-06-26,2026-06-29,HONAUT,3,82.16666666666666,39405.0,NEUTRAL,1,39564.88043568746,39600.0,0.0008868576846600832,0.0007615038735481232,0.004924242424242424,40042.29236335625,39840.0,0.0050776195621549496,0.004002599329082129,0.010918674698795181,38863.13034542234,38780.0,0.0021436396447224856,0.00212150037926162,0.016116554925219184,39413.8602898022,39020.0,0.010093805479297795,0.009963289241103741,0.009866735007688365,0,
2026-06-26,2026-06-29,BHARATFORG,4,81.66666666666666,2145.300048828125,NEUTRAL,1,2152.9042758072874,2145.300048828125,0.0035445983340727572,0.0034988591527841794,0.0,2181.4032086210327,2238.0,0.025289004190780735,0.025968975523479845,0.04142088971039991,2122.2732916887426,2096.10009765625,0.012486614576163646,0.01330372180540049,0.023472138199357857,2147.9640703115424,2170.89990234375,0.01056512647471474,0.010486788407086273,0.011792277243177749,1,
2026-06-26,2026-06-29,HDBFS,5,81.53333333333333,743.5499877929688,NEUTRAL,1,747.0986793190904,740.0,0.009592809890662655,0.009683348357905412,0.004797280801309122,758.6393997224999,755.0,0.004820396983443561,0.004499167039584911,0.015165579082160596,735.4261561403871,723.9500122070312,0.01585212202479245,0.01680872886588867,0.02707365875467712,744.4549163331209,752.25,0.010362357815724988,0.010713392786855604,0.011565320315096378,1,
2026-06-26,2026-06-29,OFSS,6,80.96666666666667,10974.5,NEUTRAL,1,11031.77854292599,10974.5,0.005219239411908452,0.00598150057561047,0.0,11156.943783584751,11055.0,0.009221509143803812,0.007965843029850579,0.0072817729534147444,10800.151354650749,10770.0,0.0027995686769497256,0.002997975930984914,0.018987929433611887,10964.061671192942,10874.5,0.008235934635426136,0.007506763531152426,0.009195825095406686,1,
2026-06-26,2026-06-29,KPRMILL,7,80.56666666666666,1191.300048828125,NEUTRAL,1,1184.1642721595126,1183.0999755859375,0.0008995829562484954,0.003958481583219587,0.006931006179867735,1214.3311931783348,1199.5,0.012364479515076984,0.010007886521763544,0.00683614103532722,1176.3064117471658,1124.0,0.04653595351171338,0.04803289518264486,0.05987548828125,1191.2453153368062,1131.5,0.05280186949784025,0.05227703407160542,0.05285024200452938,1,
2026-06-26,2026-06-29,MEDANTA,8,80.3,1312.4000244140625,NEUTRAL,1,1316.941553233483,1314.300048828125,0.002009818387904153,0.0021482199211846167,0.0014456549824803148,1333.5267869185595,1329.9000244140625,0.0027270940957347107,0.002327828287954331,0.013158883885057664,1297.7809931597712,1297.0999755859375,0.0005250309048275996,0.0008711348105468119,0.0117955817717239,1313.5557976688142,1304.699951171875,0.0067876499029412216,0.006733282156906445,0.00590179622163037,0,
2026-06-26,2026-06-29,ITCHOTELS,9,79.86666666666667,173.67999267578125,NEUTRAL,1,174.4132287686718,173.25,0.006714163166936716,0.006821500500062569,0.0024819202065295815,177.0579529541062,176.22999572753906,0.004698162893036758,0.0038954068377250128,0.01446974472892942,171.80271508805382,172.89999389648438,0.006346320689215886,0.005944019852382088,0.004511271294571948,174.08914168080955,174.7100067138672,0.0035536890229445612,0.0035017341424260495,0.005895564069051018,1,
2026-06-26,2026-06-29,AUROPHARMA,10,77.9,1555.199951171875,NEUTRAL,1,1559.1422195023574,1555.199951171875,0.002534894839413955,0.0020456274585211962,0.0,1575.5351872912433,1585.300048828125,0.0061596298720232616,0.007474386712921178,0.01898700355084225,1538.1336819125731,1538.0999755859375,2.1914262512615748e-05,0.000342666861799247,0.011117596942567587,1554.6919313865703,1547.5,0.004647451622985675,0.004010881775553036,0.004975735813812601,1,
2026-07-27,2026-07-28,LAURUSLABS,1,90.0,1713.4000244140625,BULL,1,1718.9543940575172,1713.0,0.003476003536203865,0.003199728541279893,0.00023352271690747228,1747.0876665554235,1762.0,0.008463299344254518,0.010730559620971367,0.027582278993154085,1686.9550948076858,1707.699951171875,0.01214783448928102,0.011835412509817365,0.0033378657874153705,1714.1816205057246,1758.9000244140625,0.02542407373223775,0.026318795986126905,0.025868440143525094,1,
2026-07-27,2026-07-28,LLOYDSME,2,88.42666666666666,2014.9000244140625,BULL,1,2022.0740360475622,2022.300048828125,0.00011176026064665232,0.00038031617184284866,0.003659211904954776,2057.0601548031127,2022.300048828125,0.017188401886817126,0.01570283943702849,0.003659211904954776,1984.3788500066685,1963.0,0.010890906778740944,0.011581248947316797,0.0264391362272351,2015.608613244327,1979.0999755859373,0.01844709115696941,0.017773225108194318,0.018089055262368023,0,
2026-07-27,2026-07-28,IDFCFIRSTB,3,85.94666666666667,84.87999725341797,BULL,1,85.45888040291788,84.79000091552734,0.007888659985473015,0.008521856815333875,0.0010614027234211792,86.69711191427241,86.80000305175781,0.0011853817265887387,0.002112687772900458,0.022119881691651175,83.87652752268022,84.54000091552734,0.007848040994346194,0.00686773230344465,0.004021721483423574,84.91649714891247,85.75,0.009720149866909975,0.01120042118489194,0.010145804624863338,1,
2026-07-27,2026-07-28,MEDANTA,4,85.20666666666666,1407.199951171875,BULL,1,1412.0286232702438,1416.5,0.0031566372959803955,0.002964246820616648,0.006565512762530886,1425.9132505865507,1417.699951171875,0.005793397543596277,0.004287389358377665,0.007406362673089372,1391.0838821866107,1383.199951171875,0.005699776816834242,0.006276413288517249,0.017351070595156337,1407.642218685779,1401.300048828125,0.004525918530408803,0.003957467658236582,0.004210306242894912,0,
2026-07-27,2026-07-28,CONCOR,5,85.03333333333335,510.5,BULL,1,512.4157624672561,514.5,0.004050996176373064,0.004194452391113569,0.007774538386783284,522.1037633808085,527.9500122070312,0.0110734893286265,0.013988963441272855,0.033052394741092214,502.0560618849374,511.7000122070313,0.018846883119072573,0.018087927072889136,0.0023451478960406745,510.8845051814971,522.4000244140625,0.022043489078090114,0.022830033168535203,0.022779524996021733,1,
2026-07-27,2026-07-28,FLUOROCHEM,6,84.62666666666665,4563.5,BULL,1,4571.474256555721,4552.0,0.0042781758690072025,0.0043203934994799475,0.0025263620386643234,4627.770866418444,4577.89990234375,0.010893852014798606,0.009727133034709037,0.0031455258199021945,4508.551530305912,4423.2001953125,0.019296285771524258,0.020435031134186626,0.031719071824102184,4561.4497168313,4487.5,0.01647904553343734,0.016076843495475286,0.016935933147632313,1,
2026-07-27,2026-07-28,LENSKART,7,84.46666666666665,572.0,BULL,1,573.7340463704014,572.0,0.003031549598603873,0.003100600612745135,0.0,580.1922026788129,575.7000122070312,0.007803005691384635,0.006533352347225701,0.006426979552852023,565.0395761240861,550.1500244140625,0.02706452976328002,0.027731550234954456,0.03971639483104418,572.3740708464074,554.6500244140625,0.03195536942609675,0.031570180855938594,0.0312809426165016,0,
2026-07-27,2026-07-28,CRISIL,8,83.49999999999999,4486.2998046875,BULL,1,4496.803671236652,4490.0,0.0015152942620605808,0.0013255552631487803,0.00082409695155902,4552.627412683399,4500.0,0.011694980596310819,0.010223971692705162,0.0030444878472222223,4426.260742458366,4431.5,0.0011822763266691387,0.0005474993299013965,0.012365971947986009,4487.9752486079515,4489.89990234375,0.00042866294965592666,0.0009222662874933498,0.0008018213622915583,1,
2026-07-27,2026-07-28,PERSISTENT,9,82.88666666666667,5268.2001953125,BULL,1,5277.5274990449725,5335.7998046875,0.010921006742294806,0.010964890881381847,0.012669067777920331,5336.460391906608,5515.0,0.03237345568329872,0.03371257409046981,0.044750644548957386,5210.750155666473,5335.7998046875,0.02343597091314614,0.02268562301853563,0.012669067777920331,5270.928190297636,5428.39990234375,0.029008863547087635,0.029325220157665897,0.02951140481785114,1,
2026-07-27,2026-07-28,FEDERALBNK,10,82.35333333333332,356.5,BULL,1,356.89749225102526,357.0,0.0002871365517499848,0.00041246131495035413,0.0014005602240896359,360.0644879385879,358.70001220703125,0.003803946710682302,0.0025517018469915663,0.0061332928133871,353.38390280427114,354.5,0.003148370086682243,0.0025039782333253656,0.005641748942172073,356.61755131038075,357.25,0.0017703252333638978,0.0020112936883649184,0.002099370188943317,1,
2026-08-26,2026-08-27,MOTILALOFS,1,88.1,1040.0,NEUTRAL,1,1042.7079177497628,1040.0,0.002603767067079642,0.0024536128343218984,0.0,1056.0219030419807,1044.3499755859375,0.01117626057251034,0.009751753738629253,0.004165246983892469,1024.7990023688503,1021.9000244140624,0.0028368508518728684,0.003456666906768019,0.01771208058862293,1039.7040963996853,1038.0999755859375,0.001545246942947304,0.0009250938557211184,0.0018302903947089145,1,
2026-08-26,2026-08-27,ANTHEM,2,86.83333333333334,923.0499877929688,NEUTRAL,1,926.770411255937,928.0,0.0013249878707575367,0.0014665125283572472,0.005334064878266433,939.9560070787275,942.5999755859376,0.00280497408836301,0.004448952149429623,0.020740492573019884,910.1308569164624,918.6500244140624,0.009273572384688797,0.008690932192143728,0.004789596975967827,923.4375710780715,924.5999755859376,0.0012571972080460487,0.0020616168533227233,0.0016763874474327184,1,
2026-08-26,2026-08-27,SAIL,3,86.33333333333334,194.8999938964844,NEUTRAL,1,195.96033610356866,193.8999938964844,0.010625798204945778,0.010550781137406878,0.005157297738409733,199.7936429342099,195.8999938964844,0.019875697595901683,0.01833777625926663,0.005104645386198483,191.31509046971874,187.5,0.02034714917183328,0.021142401785168657,0.03946663411458348,194.86834269879458,193.0,0.009680532118106622,0.008472569047838371,0.009844527961059085,1,
2026-08-26,2026-08-27,PAYTM,4,85.73333333333333,1716.0,NEUTRAL,1,1718.1986794524482,1720.4000244140625,0.001279554132977885,0.0014902786653278436,0.002557558911661298,1739.5502286239496,1731.0,0.004939473497371219,0.003248272927917775,0.008665511265164644,1695.8512978747872,1679.0,0.01003650856151708,0.010807146268268909,0.022036926742108397,1716.6190892408704,1679.0,0.022405651721781047,0.022185754484159593,0.022036926742108397,0,
2026-08-26,2026-08-27,IDEA,5,85.63333333333333,15.0600004196167,NEUTRAL,1,15.093401206218536,15.119999885559082,0.001759171927372198,0.0014751615765405612,0.003968218677017818,15.306646853506246,15.260000228881836,0.003056790558634738,0.0021304144623247832,0.013106147199566034,14.86352264478689,14.90999984741211,0.00311718330656362,0.0024908995751343303,0.010060400653231735,15.052011651373228,14.970000267028809,0.005478382290015573,0.00506657209712052,0.0060120341337678235,1,
2026-08-26,2026-08-27,MCX,6,85.5,3350.0,NEUTRAL,1,3357.4232633986817,3330.0,0.008235214233838344,0.007915966407572942,0.006006006006006006,3403.8296919267605,3362.0,0.012441907176311856,0.010808495472962825,0.003569303985722784,3301.9575558422616,3270.800048828125,0.009525958954690569,0.010574205790905353,0.02421424421839882,3350.204437645022,3273.0,0.023588279146050155,0.023022751173273334,0.023525817293003362,0,
2026-08-26,2026-08-27,POLICYBZR,7,84.5,1840.0,NEUTRAL,1,1844.709973006175,1852.0,0.003936299672691682,0.004068564469882436,0.0064794816414686825,1866.1283029328372,1852.0,0.007628673289868891,0.006266120553257062,0.0064794816414686825,1816.6413379278729,1821.0999755859373,0.002448321189301992,0.0017718760183515344,0.01037835630522243,1840.0469843519968,1837.9000244140625,0.0011681592629712088,0.0007359196524946056,0.001142595112923506,0,
2026-08-26,2026-08-27,COCHINSHIP,8,82.33333333333334,1547.0,NEUTRAL,1,1551.1290052346562,1554.0,0.0018474869789856928,0.0017608254247351311,0.0045045045045045045,1565.5446482565474,1577.9000244140625,0.007830265521482062,0.008865914928936104,0.01958300521957145,1530.3717300003807,1534.0,0.002365234680325493,0.0017662240512379042,0.00847457627118644,1547.8674552851357,1543.0,0.0031545400422137056,0.0028151401971580935,0.002592352559948153,0,
2026-08-26,2026-08-27,GLENMARK,9,81.6,2438.300048828125,NEUTRAL,1,2443.7984761846105,2455.0,0.004562738825005892,0.004579248139629912,0.0068024241025967415,2467.4833134679006,2484.0,0.006649229682809725,0.007920585643876366,0.018397725914603463,2410.9573599119717,2440.60009765625,0.012145675882232702,0.011626935046694238,0.000942411184173014,2439.072158338058,2460.0,0.008507252708106415,0.008866635822145386,0.008821118362550813,1,
2026-08-26,2026-08-27,LENSKART,10,81.4,647.1500244140625,NEUTRAL,1,648.5057119853203,651.0,0.003831471604730695,0.0036735690388158904,0.0059139409922235025,657.5515040388524,659.5499877929688,0.003030071702076483,0.004436322289063202,0.018800642268829167,638.3468497917605,626.1500244140625,0.019479078339271073,0.02041908751748344,0.033538288239549845,647.3395862670106,640.5999755859375,0.010520778860331093,0.010446076500678211,0.010224865872237768,0,
2026-09-25,2026-09-28,PHOENIXLTD,1,85.6,1978.4000244140625,BEAR,1,1981.703925183908,1973.0999755859373,0.004360625261989431,0.0041296806266709245,0.002686153207493356,2007.0573827234884,1973.0999755859373,0.01721018070940226,0.015958503467650837,0.002686153207493356,1952.3112984838808,1940.0999755859373,0.006294171976501137,0.0067844552470045566,0.019741275867269717,1978.8806470445409,1952.199951171875,0.01366698931461906,0.0133683873443166,0.013420793923522028,0,
2026-09-25,2026-09-28,JSWINFRA,2,84.86666666666667,362.0499877929688,BEAR,1,362.6830092393923,362.9500122070313,0.0007356466694006558,0.0006966775383923385,0.002479747578983727,367.1594358714796,363.3500061035156,0.010484187983964733,0.009412506166775973,0.00357786786489403,357.950440465335,347.0,0.03155746531796836,0.03225663773084339,0.0433717227463078,362.1301141859931,348.75,0.038365918812883384,0.038043203439833126,0.038136165714605895,0,
2026-09-25,2026-09-28,LGEINDIA,3,84.1,1725.4000244140625,BEAR,1,1730.0934150560045,1739.9000244140625,0.005636306236250881,0.005602941933895374,0.008333812171123507,1746.3850282369256,1741.5,0.0028050693292710673,0.001763261254790746,0.009244889799562159,1706.5430466104506,1713.300048828125,0.003943852229675781,0.0033690489017193692,0.007062379759000022,1725.8145357231053,1730.699951171875,0.0028227974730464962,0.0032090484982403664,0.0030623024830062915,1,
2026-09-25,2026-09-28,JSL,4,81.96666666666667,748.25,BEAR,1,749.8850401252006,752.75,0.0038059911986707546,0.003709152475047601,0.005978080371969445,758.7732390602854,756.0,0.0036683056352981363,0.002432282919333269,0.01025132275132275,740.0391244238799,738.5,0.002084122442626827,0.002985600253103777,0.013202437373053487,748.700963397819,745.7000122070312,0.004024341077728983,0.0037237759708850415,0.003419589313699499,0,
2026-09-25,2026-09-28,PATANJALI,5,81.33333333333334,403.9500122070313,BEAR,1,404.09902326763074,400.5,0.008986325262498731,0.008612027812778388,0.008614262689216745,409.11022591762253,403.0499877929688,0.015035946677082229,0.013719772552161147,0.002233034217395406,399.12913361652136,385.2000122070313,0.036160750176725445,0.03675004065368912,0.04867601091851093,403.61070433540755,390.7999877929688,0.03278074959722204,0.032190390714594445,0.033648988804546455,1,
2026-09-25,2026-09-28,OBEROIRLTY,6,80.36666666666666,1858.5,BEAR,1,1861.8806208540675,1854.9000244140625,0.0037633275907741045,0.0037294562445926915,0.0019407922467814312,1881.5734106075952,1855.0,0.014325288737248075,0.013207095528340101,0.0018867924528301887,1837.65545436996,1821.0999755859373,0.009090922522634111,0.009780554297809455,0.020537051735465158,1859.125066585915,1830.0,0.01591533693219397,0.015632096330699317,0.01557377049180328,0,
2026-09-25,2026-09-28,LAURUSLABS,7,79.89999999999999,2007.0,BEAR,1,2008.6121608346675,2000.0,0.00430608041733376,0.004105878546287272,0.0035,2032.4584273029811,2012.300048828125,0.01001758087050462,0.00916234644952081,0.002633826317904984,1983.9726904099173,1984.800048828125,0.00041684723793523475,0.0003345212452466543,0.011184981169756823,2007.8147361923639,2010.699951171875,0.0014349306458328543,0.0014176457417881376,0.0018401309303850118,1,
2026-09-25,2026-09-28,MCX,8,79.23333333333332,3324.89990234375,BEAR,1,3330.4682464296816,3310.0,0.006183760250659089,0.006311377149392692,0.004501481070619335,3379.6027405331047,3321.0,0.01764611277720707,0.016796754942282444,0.0011743156711081,3273.790357492434,3251.699951171875,0.00679349468040488,0.007647637906198732,0.02251128710245685,3325.494389471202,3263.5,0.018996289097962887,0.019015701300440776,0.01881412665658036,0,
2026-09-25,2026-09-28,LICHSGFIN,9,78.6,566.0,BEAR,1,566.5736166869457,568.0,0.0025112382272083032,0.0026955745497234296,0.0035211267605633804,572.7968841667381,574.7000122070312,0.00331151557311533,0.004416005908059313,0.015138353962479364,560.0742905915034,562.5,0.004312372281771685,0.0037054584947022197,0.006222222222222222,566.1372640331962,564.1500244140625,0.0035225375044477957,0.0032260200016925177,0.0032792262800288305,0,
2026-09-25,2026-09-28,AUROPHARMA,10,77.46666666666667,1712.0,BEAR,1,1713.1904733660347,1712.0,0.00069536995679595,0.0004931345960510626,0.0,1729.289305802803,1713.4000244140625,0.009273538673010258,0.008307263266650171,0.0008171030664840053,1696.549782777602,1686.800048828125,0.005780017587888121,0.006364051952108351,0.014939501092249926,1712.40082523069,1697.5,0.00877810028317531,0.008656763658058647,0.008541973490427098,0,
